ISO-10303-21;
HEADER;
/* Generated by software containing ST-Developer
 * from STEP Tools, Inc. (www.steptools.com) 
 */

FILE_DESCRIPTION(
/* description */ (''),
/* implementation_level */ '2;1');

FILE_NAME(
/* name */ 'SRS-Shifter.step',
/* time_stamp */ '2026-09-19T12:59:33+02:00',
/* author */ (''),
/* organization */ (''),
/* preprocessor_version */ 'ST-DEVELOPER v20.1',
/* originating_system */ 'Autodesk Translation Framework v15.8.0.0',
/* authorisation */ '');

FILE_SCHEMA (('AUTOMOTIVE_DESIGN { 1 0 10303 214 3 1 1 }'));
ENDSEC;

DATA;
#10=MECHANICAL_DESIGN_GEOMETRIC_PRESENTATION_REPRESENTATION('',(#109,#110,
#111,#112,#113,#114,#115),#11377);
#11=B_SPLINE_SURFACE_WITH_KNOTS('',3,3,((#10620,#10621,#10622,#10623,#10624),
(#10625,#10626,#10627,#10628,#10629),(#10630,#10631,#10632,#10633,#10634),
(#10635,#10636,#10637,#10638,#10639)),.UNSPECIFIED.,.F.,.F.,.F.,(4,4),(4,
1,4),(0.,1.),(1.52082625398003,1.98499615769223,2.60388936264182),
 .UNSPECIFIED.);
#12=B_SPLINE_SURFACE_WITH_KNOTS('',3,3,((#10670,#10671,#10672,#10673,#10674),
(#10675,#10676,#10677,#10678,#10679),(#10680,#10681,#10682,#10683,#10684),
(#10685,#10686,#10687,#10688,#10689)),.UNSPECIFIED.,.F.,.F.,.F.,(4,4),(4,
1,4),(0.,1.),(-2.60388936264182,-2.13971945892962,-1.52082625398003),
 .UNSPECIFIED.);
#13=B_SPLINE_SURFACE_WITH_KNOTS('',3,3,((#10723,#10724,#10725,#10726,#10727),
(#10728,#10729,#10730,#10731,#10732),(#10733,#10734,#10735,#10736,#10737),
(#10738,#10739,#10740,#10741,#10742)),.UNSPECIFIED.,.F.,.F.,.F.,(4,4),(4,
1,4),(0.,1.),(-1.62076639960992,-1.15659649589766,-0.537703290947976),
 .UNSPECIFIED.);
#14=B_SPLINE_SURFACE_WITH_KNOTS('',3,3,((#10773,#10774,#10775,#10776,#10777),
(#10778,#10779,#10780,#10781,#10782),(#10783,#10784,#10785,#10786,#10787),
(#10788,#10789,#10790,#10791,#10792)),.UNSPECIFIED.,.F.,.F.,.F.,(4,4),(4,
1,4),(0.,1.),(0.537703290947975,1.00187319466024,1.62076639960992),
 .UNSPECIFIED.);
#15=ITEM_DEFINED_TRANSFORMATION($,$,#7135,#7162);
#16=ITEM_DEFINED_TRANSFORMATION($,$,#6769,#7163);
#17=ITEM_DEFINED_TRANSFORMATION($,$,#6768,#7391);
#18=ITEM_DEFINED_TRANSFORMATION($,$,#7001,#7392);
#19=ITEM_DEFINED_TRANSFORMATION($,$,#7020,#7393);
#20=ITEM_DEFINED_TRANSFORMATION($,$,#7135,#7394);
#21=(
REPRESENTATION_RELATIONSHIP($,$,#11405,#11401)
REPRESENTATION_RELATIONSHIP_WITH_TRANSFORMATION(#15)
SHAPE_REPRESENTATION_RELATIONSHIP()
);
#22=(
REPRESENTATION_RELATIONSHIP($,$,#11402,#11401)
REPRESENTATION_RELATIONSHIP_WITH_TRANSFORMATION(#16)
SHAPE_REPRESENTATION_RELATIONSHIP()
);
#23=(
REPRESENTATION_RELATIONSHIP($,$,#11401,#11400)
REPRESENTATION_RELATIONSHIP_WITH_TRANSFORMATION(#17)
SHAPE_REPRESENTATION_RELATIONSHIP()
);
#24=(
REPRESENTATION_RELATIONSHIP($,$,#11403,#11400)
REPRESENTATION_RELATIONSHIP_WITH_TRANSFORMATION(#18)
SHAPE_REPRESENTATION_RELATIONSHIP()
);
#25=(
REPRESENTATION_RELATIONSHIP($,$,#11404,#11400)
REPRESENTATION_RELATIONSHIP_WITH_TRANSFORMATION(#19)
SHAPE_REPRESENTATION_RELATIONSHIP()
);
#26=(
REPRESENTATION_RELATIONSHIP($,$,#11405,#11400)
REPRESENTATION_RELATIONSHIP_WITH_TRANSFORMATION(#20)
SHAPE_REPRESENTATION_RELATIONSHIP()
);
#27=CONTEXT_DEPENDENT_SHAPE_REPRESENTATION(#21,#11394);
#28=CONTEXT_DEPENDENT_SHAPE_REPRESENTATION(#22,#11395);
#29=CONTEXT_DEPENDENT_SHAPE_REPRESENTATION(#23,#11396);
#30=CONTEXT_DEPENDENT_SHAPE_REPRESENTATION(#24,#11397);
#31=CONTEXT_DEPENDENT_SHAPE_REPRESENTATION(#25,#11398);
#32=CONTEXT_DEPENDENT_SHAPE_REPRESENTATION(#26,#11399);
#33=NEXT_ASSEMBLY_USAGE_OCCURRENCE(
'Hexagon Socket Head Cap Screw ISO 4762 - M5 x 40 Steel 4.6 Plain v1:2',
'Hexagon Socket Head Cap Screw ISO 4762 - M5 x 40 Steel 4.6 Plain v1:2',
'Hexagon Socket Head Cap Screw ISO 4762 - M5 x 40 Steel 4.6 Plain v1:2',
#11408,#11412,
'Hexagon Socket Head Cap Screw ISO 4762 - M5 x 40 Steel 4.6 Plain v1:2');
#34=NEXT_ASSEMBLY_USAGE_OCCURRENCE(
'Hexagon Socket Head Cap Screw ISO 4762 - M5 x 40 Steel 4.6 Plain v1(M
irror):1',
'Hexagon Socket Head Cap Screw ISO 4762 - M5 x 40 Steel 4.6 Plain v1(M
irror):1',
'Hexagon Socket Head Cap Screw ISO 4762 - M5 x 40 Steel 4.6 Plain v1(M
irror):1',#11408,#11409,
'Hexagon Socket Head Cap Screw ISO 4762 - M5 x 40 Steel 4.6 Plain v1(M
irror):1');
#35=NEXT_ASSEMBLY_USAGE_OCCURRENCE('hlavni cast:1','hlavni cast:1',
'hlavni cast:1',#11407,#11408,'hlavni cast:1');
#36=NEXT_ASSEMBLY_USAGE_OCCURRENCE('knob:1','knob:1','knob:1',#11407,#11410,
'knob:1');
#37=NEXT_ASSEMBLY_USAGE_OCCURRENCE('Component4:1','Component4:1',
'Component4:1',#11407,#11411,'Component4:1');
#38=NEXT_ASSEMBLY_USAGE_OCCURRENCE(
'Hexagon Socket Head Cap Screw ISO 4762 - M5 x 40 Steel 4.6 Plain v1:1',
'Hexagon Socket Head Cap Screw ISO 4762 - M5 x 40 Steel 4.6 Plain v1:1',
'Hexagon Socket Head Cap Screw ISO 4762 - M5 x 40 Steel 4.6 Plain v1:1',
#11407,#11412,
'Hexagon Socket Head Cap Screw ISO 4762 - M5 x 40 Steel 4.6 Plain v1:1');
#39=CONICAL_SURFACE('',#7013,11.5000001713634,1.16590454050981);
#40=CONICAL_SURFACE('',#7136,2.30000000001402,0.785398163397971);
#41=CONICAL_SURFACE('',#7207,60.5000000000003,0.785398163397441);
#42=CONICAL_SURFACE('',#7209,19.5,0.785398163397447);
#43=CONICAL_SURFACE('',#7211,60.5000000000004,0.785398163397451);
#44=CONICAL_SURFACE('',#7214,4.5,0.785398163397447);
#45=CONICAL_SURFACE('',#7217,4.5,0.785398163397447);
#46=CONICAL_SURFACE('',#7220,60.5000000000002,0.785398163397446);
#47=CONICAL_SURFACE('',#7222,19.5,0.785398163397448);
#48=CONICAL_SURFACE('',#7224,60.5000000000002,0.785398163397446);
#49=CONICAL_SURFACE('',#7247,60.5000000000002,0.785398163397446);
#50=CONICAL_SURFACE('',#7249,19.5,0.785398163397448);
#51=CONICAL_SURFACE('',#7251,60.5000000000002,0.785398163397446);
#52=CONICAL_SURFACE('',#7254,4.5,0.785398163397447);
#53=CONICAL_SURFACE('',#7258,4.5,0.785398163397447);
#54=CONICAL_SURFACE('',#7262,60.5000000000004,0.785398163397451);
#55=CONICAL_SURFACE('',#7264,19.5,0.785398163397447);
#56=CONICAL_SURFACE('',#7266,60.5000000000003,0.785398163397441);
#57=CONICAL_SURFACE('',#7274,5.5,0.785398163397448);
#58=CONICAL_SURFACE('',#7278,5.5,0.785398163397446);
#59=CONICAL_SURFACE('',#7289,5.5,0.785398163397446);
#60=CONICAL_SURFACE('',#7292,5.5,0.785398163397448);
#61=CONICAL_SURFACE('',#7297,5.5,0.785398163397448);
#62=CONICAL_SURFACE('',#7299,5.5,0.785398163397446);
#63=CONICAL_SURFACE('',#7302,5.5,0.785398163397448);
#64=CONICAL_SURFACE('',#7305,5.5,0.785398163397446);
#65=ELLIPSE('',#6838,5.04690641849536,4.5);
#66=ELLIPSE('',#6839,7.62676866603614,4.5);
#67=ELLIPSE('',#6846,5.04690641849535,4.49999999999999);
#68=ELLIPSE('',#6847,7.62676866603613,4.49999999999999);
#69=ELLIPSE('',#6854,7.62676866603613,4.49999999999999);
#70=ELLIPSE('',#6855,5.04690641849535,4.49999999999999);
#71=ELLIPSE('',#6862,7.62676866603614,4.5);
#72=ELLIPSE('',#6863,5.04690641849536,4.5);
#73=B_SPLINE_CURVE_WITH_KNOTS('',3,(#9523,#9524,#9525,#9526,#9527,#9528,
#9529,#9530,#9531,#9532,#9533),.UNSPECIFIED.,.F.,.F.,(4,2,3,2,4),(-0.224061886881238,
-0.112848151137793,0.,0.112848151137793,0.22406188688124),.UNSPECIFIED.);
#74=B_SPLINE_CURVE_WITH_KNOTS('',3,(#9556,#9557,#9558,#9559,#9560,#9561),
 .UNSPECIFIED.,.F.,.F.,(4,2,4),(0.,0.112848151137793,0.224061886881235),
 .UNSPECIFIED.);
#75=B_SPLINE_CURVE_WITH_KNOTS('',3,(#9563,#9564,#9565,#9566,#9567,#9568),
 .UNSPECIFIED.,.F.,.F.,(4,2,4),(-0.224061886881234,-0.112848151137793,0.),
 .UNSPECIFIED.);
#76=B_SPLINE_CURVE_WITH_KNOTS('',3,(#9597,#9598,#9599,#9600,#9601,#9602,
#9603,#9604,#9605,#9606),.UNSPECIFIED.,.F.,.F.,(4,2,2,2,4),(0.903444895755241,
1.01465863149868,1.12750678263648,1.24035493377427,1.35156866951771),
 .UNSPECIFIED.);
#77=B_SPLINE_CURVE_WITH_KNOTS('',3,(#9629,#9630,#9631,#9632,#9633,#9634),
 .UNSPECIFIED.,.F.,.F.,(4,2,4),(1.12750678263648,1.24035493377427,1.35156866951772),
 .UNSPECIFIED.);
#78=B_SPLINE_CURVE_WITH_KNOTS('',3,(#9636,#9637,#9638,#9639,#9640,#9641),
 .UNSPECIFIED.,.F.,.F.,(4,2,4),(0.90344489575524,1.01465863149869,1.12750678263648),
 .UNSPECIFIED.);
#79=B_SPLINE_CURVE_WITH_KNOTS('',3,(#10642,#10643,#10644,#10645,#10646),
 .UNSPECIFIED.,.F.,.F.,(4,1,4),(1.57079398084264,1.98499615769223,2.43178621865577),
 .UNSPECIFIED.);
#80=B_SPLINE_CURVE_WITH_KNOTS('',3,(#10648,#10649,#10650,#10651),
 .UNSPECIFIED.,.F.,.F.,(4,4),(-0.0914660399336392,-0.0606843116209121),
 .UNSPECIFIED.);
#81=B_SPLINE_CURVE_WITH_KNOTS('',3,(#10653,#10654,#10655,#10656),
 .UNSPECIFIED.,.F.,.F.,(4,4),(-0.0983297751449426,0.),.UNSPECIFIED.);
#82=B_SPLINE_CURVE_WITH_KNOTS('',3,(#10658,#10659,#10660,#10661,#10662),
 .UNSPECIFIED.,.F.,.F.,(4,1,4),(-2.60388936264182,-1.98499615769223,-1.52082625863037),
 .UNSPECIFIED.);
#83=B_SPLINE_CURVE_WITH_KNOTS('',3,(#10663,#10664,#10665,#10666,#10667,
#10668,#10669),.UNSPECIFIED.,.F.,.F.,(4,3,4),(-0.0763706167942562,-0.0380697954264616,
0.),.UNSPECIFIED.);
#84=B_SPLINE_CURVE_WITH_KNOTS('',3,(#10692,#10693,#10694,#10695,#10696),
 .UNSPECIFIED.,.F.,.F.,(4,1,4),(1.52082625863037,2.13971945892962,2.60388936264182),
 .UNSPECIFIED.);
#85=B_SPLINE_CURVE_WITH_KNOTS('',3,(#10698,#10699,#10700,#10701),
 .UNSPECIFIED.,.F.,.F.,(4,4),(-0.0981148060445573,0.),.UNSPECIFIED.);
#86=B_SPLINE_CURVE_WITH_KNOTS('',3,(#10703,#10704,#10705,#10706),
 .UNSPECIFIED.,.F.,.F.,(4,4),(-0.030765510281518,0.),.UNSPECIFIED.);
#87=B_SPLINE_CURVE_WITH_KNOTS('',3,(#10708,#10709,#10710,#10711,#10712),
 .UNSPECIFIED.,.F.,.F.,(4,1,4),(-2.43184590756453,-2.13971945892962,-1.57080095994535),
 .UNSPECIFIED.);
#88=B_SPLINE_CURVE_WITH_KNOTS('',3,(#10713,#10714,#10715,#10716,#10717,
#10718,#10719),.UNSPECIFIED.,.F.,.F.,(4,3,4),(-0.076370616795585,-0.0380697954268791,
0.),.UNSPECIFIED.);
#89=B_SPLINE_CURVE_WITH_KNOTS('',3,(#10744,#10745,#10746,#10747,#10748),
 .UNSPECIFIED.,.F.,.F.,(4,1,4),(0.537703290947976,1.15659649589766,1.62076639495926),
 .UNSPECIFIED.);
#90=B_SPLINE_CURVE_WITH_KNOTS('',3,(#10750,#10751,#10752,#10753,#10754),
 .UNSPECIFIED.,.F.,.F.,(4,1,4),(-1.57079867274716,-1.15659649589766,-0.709806434934023),
 .UNSPECIFIED.);
#91=B_SPLINE_CURVE_WITH_KNOTS('',3,(#10756,#10757,#10758,#10759),
 .UNSPECIFIED.,.F.,.F.,(4,4),(-0.0914660399335283,-0.0606843116208648),
 .UNSPECIFIED.);
#92=B_SPLINE_CURVE_WITH_KNOTS('',3,(#10760,#10761,#10762,#10763),
 .UNSPECIFIED.,.F.,.F.,(4,4),(-0.0983297751449898,0.),.UNSPECIFIED.);
#93=B_SPLINE_CURVE_WITH_KNOTS('',3,(#10769,#10770,#10771,#10772),
 .UNSPECIFIED.,.F.,.F.,(4,4),(0.,0.0981148060444572),.UNSPECIFIED.);
#94=B_SPLINE_CURVE_WITH_KNOTS('',3,(#10793,#10794,#10795,#10796,#10797),
 .UNSPECIFIED.,.F.,.F.,(4,1,4),(-1.62076639495926,-1.00187319466024,-0.537703290947975),
 .UNSPECIFIED.);
#95=B_SPLINE_CURVE_WITH_KNOTS('',3,(#10799,#10800,#10801,#10802),
 .UNSPECIFIED.,.F.,.F.,(4,4),(-0.030765510281512,0.),.UNSPECIFIED.);
#96=B_SPLINE_CURVE_WITH_KNOTS('',3,(#10803,#10804,#10805,#10806,#10807),
 .UNSPECIFIED.,.F.,.F.,(4,1,4),(0.709746746025259,1.00187319466024,1.57079169364444),
 .UNSPECIFIED.);
#97=SHAPE_REPRESENTATION_RELATIONSHIP('SRR','None',#11402,#103);
#98=SHAPE_REPRESENTATION_RELATIONSHIP('SRR','None',#11403,#104);
#99=SHAPE_REPRESENTATION_RELATIONSHIP('SRR','None',#11404,#105);
#100=SHAPE_REPRESENTATION_RELATIONSHIP('SRR','None',#11405,#106);
#101=SHAPE_REPRESENTATION_RELATIONSHIP('SRR','None',#11401,#107);
#102=SHAPE_REPRESENTATION_RELATIONSHIP('SRR','None',#11400,#108);
#103=ADVANCED_BREP_SHAPE_REPRESENTATION('',(#116),#11373);
#104=ADVANCED_BREP_SHAPE_REPRESENTATION('',(#118),#11374);
#105=ADVANCED_BREP_SHAPE_REPRESENTATION('',(#119,#120),#11375);
#106=ADVANCED_BREP_SHAPE_REPRESENTATION('',(#121),#11376);
#107=ADVANCED_BREP_SHAPE_REPRESENTATION('',(#117),#11372);
#108=ADVANCED_BREP_SHAPE_REPRESENTATION('',(#122),#11371);
#109=STYLED_ITEM('',(#11434),#116);
#110=STYLED_ITEM('',(#11434),#117);
#111=STYLED_ITEM('',(#11434),#118);
#112=STYLED_ITEM('',(#11434),#119);
#113=STYLED_ITEM('',(#11434),#120);
#114=STYLED_ITEM('',(#11434),#121);
#115=STYLED_ITEM('',(#11434),#122);
#116=MANIFOLD_SOLID_BREP('Body1',#6715);
#117=MANIFOLD_SOLID_BREP('Body1',#6716);
#118=MANIFOLD_SOLID_BREP('Body1',#6717);
#119=MANIFOLD_SOLID_BREP('Body1',#6718);
#120=MANIFOLD_SOLID_BREP('Body2',#6719);
#121=MANIFOLD_SOLID_BREP('Body1',#6720);
#122=MANIFOLD_SOLID_BREP('Body1',#6721);
#123=CYLINDRICAL_SURFACE('',#6777,4.24999999999998);
#124=CYLINDRICAL_SURFACE('',#6791,2.4505);
#125=CYLINDRICAL_SURFACE('',#6818,4.5);
#126=CYLINDRICAL_SURFACE('',#6823,4.5);
#127=CYLINDRICAL_SURFACE('',#6828,4.5);
#128=CYLINDRICAL_SURFACE('',#6836,4.5);
#129=CYLINDRICAL_SURFACE('',#6844,4.49999999999999);
#130=CYLINDRICAL_SURFACE('',#6852,4.49999999999999);
#131=CYLINDRICAL_SURFACE('',#6860,4.5);
#132=CYLINDRICAL_SURFACE('',#6866,3.);
#133=CYLINDRICAL_SURFACE('',#6889,3.);
#134=CYLINDRICAL_SURFACE('',#6891,3.);
#135=CYLINDRICAL_SURFACE('',#6893,3.);
#136=CYLINDRICAL_SURFACE('',#6895,3.);
#137=CYLINDRICAL_SURFACE('',#6897,1.65);
#138=CYLINDRICAL_SURFACE('',#6899,3.);
#139=CYLINDRICAL_SURFACE('',#6915,1.65);
#140=CYLINDRICAL_SURFACE('',#6917,3.);
#141=CYLINDRICAL_SURFACE('',#6920,1.65000000000001);
#142=CYLINDRICAL_SURFACE('',#6922,3.00000000000001);
#143=CYLINDRICAL_SURFACE('',#6925,1.65);
#144=CYLINDRICAL_SURFACE('',#6927,3.);
#145=CYLINDRICAL_SURFACE('',#6930,1.65);
#146=CYLINDRICAL_SURFACE('',#6932,3.);
#147=CYLINDRICAL_SURFACE('',#6935,1.65000000000001);
#148=CYLINDRICAL_SURFACE('',#6937,3.00000000000001);
#149=CYLINDRICAL_SURFACE('',#6940,1.65000000000001);
#150=CYLINDRICAL_SURFACE('',#6942,1.65);
#151=CYLINDRICAL_SURFACE('',#6945,1.65000000000001);
#152=CYLINDRICAL_SURFACE('',#6947,1.65);
#153=CYLINDRICAL_SURFACE('',#6949,1.65);
#154=CYLINDRICAL_SURFACE('',#6952,1.65);
#155=CYLINDRICAL_SURFACE('',#6954,3.00000000000001);
#156=CYLINDRICAL_SURFACE('',#6958,3.);
#157=CYLINDRICAL_SURFACE('',#6962,3.);
#158=CYLINDRICAL_SURFACE('',#6966,3.);
#159=CYLINDRICAL_SURFACE('',#6970,3.);
#160=CYLINDRICAL_SURFACE('',#6974,3.00000000000001);
#161=CYLINDRICAL_SURFACE('',#6982,3.);
#162=CYLINDRICAL_SURFACE('',#6983,3.);
#163=CYLINDRICAL_SURFACE('',#6984,3.);
#164=CYLINDRICAL_SURFACE('',#6985,3.);
#165=CYLINDRICAL_SURFACE('',#6988,20.);
#166=CYLINDRICAL_SURFACE('',#6995,3.);
#167=CYLINDRICAL_SURFACE('',#6998,20.);
#168=CYLINDRICAL_SURFACE('',#7002,4.5);
#169=CYLINDRICAL_SURFACE('',#7007,2.59999994188547);
#170=CYLINDRICAL_SURFACE('',#7015,15.0000002235174);
#171=CYLINDRICAL_SURFACE('',#7035,2.);
#172=CYLINDRICAL_SURFACE('',#7040,2.);
#173=CYLINDRICAL_SURFACE('',#7045,1.05);
#174=CYLINDRICAL_SURFACE('',#7046,1.05);
#175=CYLINDRICAL_SURFACE('',#7050,1.05);
#176=CYLINDRICAL_SURFACE('',#7052,1.05);
#177=CYLINDRICAL_SURFACE('',#7066,1.525);
#178=CYLINDRICAL_SURFACE('',#7068,1.525);
#179=CYLINDRICAL_SURFACE('',#7070,1.65);
#180=CYLINDRICAL_SURFACE('',#7092,2.);
#181=CYLINDRICAL_SURFACE('',#7097,2.);
#182=CYLINDRICAL_SURFACE('',#7102,1.05);
#183=CYLINDRICAL_SURFACE('',#7103,1.05);
#184=CYLINDRICAL_SURFACE('',#7107,1.05);
#185=CYLINDRICAL_SURFACE('',#7109,1.05);
#186=CYLINDRICAL_SURFACE('',#7123,1.525);
#187=CYLINDRICAL_SURFACE('',#7125,1.525);
#188=CYLINDRICAL_SURFACE('',#7127,1.65);
#189=CYLINDRICAL_SURFACE('',#7144,4.24999999999998);
#190=CYLINDRICAL_SURFACE('',#7158,2.4505);
#191=CYLINDRICAL_SURFACE('',#7193,2.6);
#192=CYLINDRICAL_SURFACE('',#7200,5.);
#193=CYLINDRICAL_SURFACE('',#7227,60.0000000000002);
#194=CYLINDRICAL_SURFACE('',#7229,20.);
#195=CYLINDRICAL_SURFACE('',#7231,60.0000000000003);
#196=CYLINDRICAL_SURFACE('',#7234,5.);
#197=CYLINDRICAL_SURFACE('',#7237,5.);
#198=CYLINDRICAL_SURFACE('',#7240,60.0000000000004);
#199=CYLINDRICAL_SURFACE('',#7242,20.);
#200=CYLINDRICAL_SURFACE('',#7244,60.0000000000003);
#201=CYLINDRICAL_SURFACE('',#7269,5.);
#202=CYLINDRICAL_SURFACE('',#7272,5.);
#203=CYLINDRICAL_SURFACE('',#7282,5.);
#204=CYLINDRICAL_SURFACE('',#7294,5.);
#205=CYLINDRICAL_SURFACE('',#7308,5.);
#206=CYLINDRICAL_SURFACE('',#7344,5.);
#207=CYLINDRICAL_SURFACE('',#7345,5.);
#208=CYLINDRICAL_SURFACE('',#7348,5.);
#209=CYLINDRICAL_SURFACE('',#7349,5.);
#210=CYLINDRICAL_SURFACE('',#7350,1.55);
#211=CYLINDRICAL_SURFACE('',#7351,1.55);
#212=CYLINDRICAL_SURFACE('',#7352,1.55);
#213=CYLINDRICAL_SURFACE('',#7354,1.55);
#214=CYLINDRICAL_SURFACE('',#7355,1.55);
#215=CYLINDRICAL_SURFACE('',#7356,1.55);
#216=CYLINDRICAL_SURFACE('',#7374,2.75);
#217=CYLINDRICAL_SURFACE('',#7377,2.75);
#218=CYLINDRICAL_SURFACE('',#7380,1.55);
#219=CYLINDRICAL_SURFACE('',#7381,1.55);
#220=CYLINDRICAL_SURFACE('',#7382,8.05);
#221=CYLINDRICAL_SURFACE('',#7386,8.05);
#222=CYLINDRICAL_SURFACE('',#7390,3.);
#223=FACE_BOUND('',#2026,.T.);
#224=FACE_BOUND('',#2042,.T.);
#225=FACE_BOUND('',#2050,.T.);
#226=FACE_BOUND('',#2058,.T.);
#227=FACE_BOUND('',#2066,.T.);
#228=FACE_BOUND('',#2069,.T.);
#229=FACE_BOUND('',#2072,.T.);
#230=FACE_BOUND('',#2075,.T.);
#231=FACE_BOUND('',#2077,.T.);
#232=FACE_BOUND('',#2080,.T.);
#233=FACE_BOUND('',#2083,.T.);
#234=FACE_BOUND('',#2086,.T.);
#235=FACE_BOUND('',#2093,.T.);
#236=FACE_BOUND('',#2094,.T.);
#237=FACE_BOUND('',#2096,.T.);
#238=FACE_BOUND('',#2097,.T.);
#239=FACE_BOUND('',#2101,.T.);
#240=FACE_BOUND('',#2102,.T.);
#241=FACE_BOUND('',#2104,.T.);
#242=FACE_BOUND('',#2105,.T.);
#243=FACE_BOUND('',#2113,.T.);
#244=FACE_BOUND('',#2115,.T.);
#245=FACE_BOUND('',#2116,.T.);
#246=FACE_BOUND('',#2117,.T.);
#247=FACE_BOUND('',#2118,.T.);
#248=FACE_BOUND('',#2119,.T.);
#249=FACE_BOUND('',#2120,.T.);
#250=FACE_BOUND('',#2121,.T.);
#251=FACE_BOUND('',#2122,.T.);
#252=FACE_BOUND('',#2123,.T.);
#253=FACE_BOUND('',#2125,.T.);
#254=FACE_BOUND('',#2126,.T.);
#255=FACE_BOUND('',#2127,.T.);
#256=FACE_BOUND('',#2131,.T.);
#257=FACE_BOUND('',#2135,.T.);
#258=FACE_BOUND('',#2139,.T.);
#259=FACE_BOUND('',#2143,.T.);
#260=FACE_BOUND('',#2147,.T.);
#261=FACE_BOUND('',#2156,.T.);
#262=FACE_BOUND('',#2159,.T.);
#263=FACE_BOUND('',#2162,.T.);
#264=FACE_BOUND('',#2165,.T.);
#265=FACE_BOUND('',#2168,.T.);
#266=FACE_BOUND('',#2171,.T.);
#267=FACE_BOUND('',#2183,.T.);
#268=FACE_BOUND('',#2184,.T.);
#269=FACE_BOUND('',#2185,.T.);
#270=FACE_BOUND('',#2188,.T.);
#271=FACE_BOUND('',#2189,.T.);
#272=FACE_BOUND('',#2190,.T.);
#273=FACE_BOUND('',#2191,.T.);
#274=FACE_BOUND('',#2192,.T.);
#275=FACE_BOUND('',#2193,.T.);
#276=FACE_BOUND('',#2194,.T.);
#277=FACE_BOUND('',#2195,.T.);
#278=FACE_BOUND('',#2196,.T.);
#279=FACE_BOUND('',#2198,.T.);
#280=FACE_BOUND('',#2199,.T.);
#281=FACE_BOUND('',#2200,.T.);
#282=FACE_BOUND('',#2201,.T.);
#283=FACE_BOUND('',#2210,.T.);
#284=FACE_BOUND('',#2213,.T.);
#285=FACE_BOUND('',#2215,.T.);
#286=FACE_BOUND('',#2225,.T.);
#287=FACE_BOUND('',#2226,.T.);
#288=FACE_BOUND('',#2230,.T.);
#289=FACE_BOUND('',#2231,.T.);
#290=FACE_BOUND('',#2235,.T.);
#291=FACE_BOUND('',#2238,.T.);
#292=FACE_BOUND('',#2244,.T.);
#293=FACE_BOUND('',#2245,.T.);
#294=FACE_BOUND('',#2251,.T.);
#295=FACE_BOUND('',#2252,.T.);
#296=FACE_BOUND('',#2254,.T.);
#297=FACE_BOUND('',#2255,.T.);
#298=FACE_BOUND('',#2256,.T.);
#299=FACE_BOUND('',#2267,.T.);
#300=FACE_BOUND('',#2268,.T.);
#301=FACE_BOUND('',#2269,.T.);
#302=FACE_BOUND('',#2270,.T.);
#303=FACE_BOUND('',#2275,.T.);
#304=FACE_BOUND('',#2276,.T.);
#305=FACE_BOUND('',#2277,.T.);
#306=FACE_BOUND('',#2284,.T.);
#307=FACE_BOUND('',#2285,.T.);
#308=FACE_BOUND('',#2289,.T.);
#309=FACE_BOUND('',#2290,.T.);
#310=FACE_BOUND('',#2294,.T.);
#311=FACE_BOUND('',#2297,.T.);
#312=FACE_BOUND('',#2303,.T.);
#313=FACE_BOUND('',#2304,.T.);
#314=FACE_BOUND('',#2310,.T.);
#315=FACE_BOUND('',#2311,.T.);
#316=FACE_BOUND('',#2313,.T.);
#317=FACE_BOUND('',#2314,.T.);
#318=FACE_BOUND('',#2315,.T.);
#319=FACE_BOUND('',#2326,.T.);
#320=FACE_BOUND('',#2327,.T.);
#321=FACE_BOUND('',#2328,.T.);
#322=FACE_BOUND('',#2329,.T.);
#323=FACE_BOUND('',#2334,.T.);
#324=FACE_BOUND('',#2335,.T.);
#325=FACE_BOUND('',#2336,.T.);
#326=FACE_BOUND('',#2340,.T.);
#327=FACE_BOUND('',#2357,.T.);
#328=FACE_BOUND('',#2361,.T.);
#329=FACE_BOUND('',#2370,.T.);
#330=FACE_BOUND('',#2371,.T.);
#331=FACE_BOUND('',#2372,.T.);
#332=FACE_BOUND('',#2373,.T.);
#333=FACE_BOUND('',#2374,.T.);
#334=FACE_BOUND('',#2388,.T.);
#335=FACE_BOUND('',#2393,.T.);
#336=FACE_BOUND('',#2440,.T.);
#337=FACE_BOUND('',#2441,.T.);
#338=FACE_BOUND('',#2442,.T.);
#339=FACE_BOUND('',#2443,.T.);
#340=FACE_BOUND('',#2444,.T.);
#341=FACE_BOUND('',#2466,.T.);
#342=FACE_BOUND('',#2467,.T.);
#343=FACE_BOUND('',#2470,.T.);
#344=FACE_BOUND('',#2471,.T.);
#345=FACE_BOUND('',#2478,.T.);
#346=FACE_BOUND('',#2479,.T.);
#347=FACE_BOUND('',#2481,.T.);
#348=FACE_BOUND('',#2482,.T.);
#349=FACE_BOUND('',#2484,.T.);
#350=FACE_BOUND('',#2485,.T.);
#351=FACE_BOUND('',#2487,.T.);
#352=FACE_BOUND('',#2488,.T.);
#353=FACE_BOUND('',#2508,.T.);
#354=FACE_BOUND('',#2516,.T.);
#355=FACE_BOUND('',#2519,.T.);
#356=FACE_BOUND('',#2522,.T.);
#357=FACE_BOUND('',#2527,.T.);
#358=FACE_BOUND('',#2530,.T.);
#359=LINE('',#9310,#1003);
#360=LINE('',#9312,#1004);
#361=LINE('',#9314,#1005);
#362=LINE('',#9316,#1006);
#363=LINE('',#9318,#1007);
#364=LINE('',#9319,#1008);
#365=LINE('',#9323,#1009);
#366=LINE('',#9327,#1010);
#367=LINE('',#9329,#1011);
#368=LINE('',#9330,#1012);
#369=LINE('',#9333,#1013);
#370=LINE('',#9334,#1014);
#371=LINE('',#9337,#1015);
#372=LINE('',#9338,#1016);
#373=LINE('',#9341,#1017);
#374=LINE('',#9342,#1018);
#375=LINE('',#9345,#1019);
#376=LINE('',#9346,#1020);
#377=LINE('',#9348,#1021);
#378=LINE('',#9350,#1022);
#379=LINE('',#9351,#1023);
#380=LINE('',#9353,#1024);
#381=LINE('',#9355,#1025);
#382=LINE('',#9357,#1026);
#383=LINE('',#9359,#1027);
#384=LINE('',#9363,#1028);
#385=LINE('',#9369,#1029);
#386=LINE('',#9371,#1030);
#387=LINE('',#9373,#1031);
#388=LINE('',#9374,#1032);
#389=LINE('',#9377,#1033);
#390=LINE('',#9379,#1034);
#391=LINE('',#9380,#1035);
#392=LINE('',#9383,#1036);
#393=LINE('',#9385,#1037);
#394=LINE('',#9386,#1038);
#395=LINE('',#9389,#1039);
#396=LINE('',#9391,#1040);
#397=LINE('',#9392,#1041);
#398=LINE('',#9395,#1042);
#399=LINE('',#9397,#1043);
#400=LINE('',#9398,#1044);
#401=LINE('',#9400,#1045);
#402=LINE('',#9401,#1046);
#403=LINE('',#9408,#1047);
#404=LINE('',#9410,#1048);
#405=LINE('',#9412,#1049);
#406=LINE('',#9413,#1050);
#407=LINE('',#9416,#1051);
#408=LINE('',#9418,#1052);
#409=LINE('',#9419,#1053);
#410=LINE('',#9422,#1054);
#411=LINE('',#9424,#1055);
#412=LINE('',#9425,#1056);
#413=LINE('',#9428,#1057);
#414=LINE('',#9430,#1058);
#415=LINE('',#9431,#1059);
#416=LINE('',#9434,#1060);
#417=LINE('',#9436,#1061);
#418=LINE('',#9437,#1062);
#419=LINE('',#9439,#1063);
#420=LINE('',#9440,#1064);
#421=LINE('',#9447,#1065);
#422=LINE('',#9449,#1066);
#423=LINE('',#9451,#1067);
#424=LINE('',#9452,#1068);
#425=LINE('',#9455,#1069);
#426=LINE('',#9457,#1070);
#427=LINE('',#9458,#1071);
#428=LINE('',#9461,#1072);
#429=LINE('',#9463,#1073);
#430=LINE('',#9464,#1074);
#431=LINE('',#9467,#1075);
#432=LINE('',#9469,#1076);
#433=LINE('',#9470,#1077);
#434=LINE('',#9473,#1078);
#435=LINE('',#9475,#1079);
#436=LINE('',#9476,#1080);
#437=LINE('',#9478,#1081);
#438=LINE('',#9479,#1082);
#439=LINE('',#9487,#1083);
#440=LINE('',#9496,#1084);
#441=LINE('',#9505,#1085);
#442=LINE('',#9517,#1086);
#443=LINE('',#9521,#1087);
#444=LINE('',#9535,#1088);
#445=LINE('',#9541,#1089);
#446=LINE('',#9550,#1090);
#447=LINE('',#9554,#1091);
#448=LINE('',#9570,#1092);
#449=LINE('',#9576,#1093);
#450=LINE('',#9585,#1094);
#451=LINE('',#9589,#1095);
#452=LINE('',#9595,#1096);
#453=LINE('',#9608,#1097);
#454=LINE('',#9617,#1098);
#455=LINE('',#9621,#1099);
#456=LINE('',#9627,#1100);
#457=LINE('',#9643,#1101);
#458=LINE('',#9647,#1102);
#459=LINE('',#9649,#1103);
#460=LINE('',#9651,#1104);
#461=LINE('',#9652,#1105);
#462=LINE('',#9655,#1106);
#463=LINE('',#9660,#1107);
#464=LINE('',#9662,#1108);
#465=LINE('',#9664,#1109);
#466=LINE('',#9665,#1110);
#467=LINE('',#9668,#1111);
#468=LINE('',#9670,#1112);
#469=LINE('',#9671,#1113);
#470=LINE('',#9674,#1114);
#471=LINE('',#9676,#1115);
#472=LINE('',#9678,#1116);
#473=LINE('',#9679,#1117);
#474=LINE('',#9689,#1118);
#475=LINE('',#9691,#1119);
#476=LINE('',#9692,#1120);
#477=LINE('',#9700,#1121);
#478=LINE('',#9702,#1122);
#479=LINE('',#9704,#1123);
#480=LINE('',#9705,#1124);
#481=LINE('',#9708,#1125);
#482=LINE('',#9710,#1126);
#483=LINE('',#9711,#1127);
#484=LINE('',#9714,#1128);
#485=LINE('',#9716,#1129);
#486=LINE('',#9717,#1130);
#487=LINE('',#9725,#1131);
#488=LINE('',#9727,#1132);
#489=LINE('',#9728,#1133);
#490=LINE('',#9736,#1134);
#491=LINE('',#9740,#1135);
#492=LINE('',#9744,#1136);
#493=LINE('',#9748,#1137);
#494=LINE('',#9752,#1138);
#495=LINE('',#9757,#1139);
#496=LINE('',#9763,#1140);
#497=LINE('',#9764,#1141);
#498=LINE('',#9767,#1142);
#499=LINE('',#9769,#1143);
#500=LINE('',#9771,#1144);
#501=LINE('',#9772,#1145);
#502=LINE('',#9785,#1146);
#503=LINE('',#9787,#1147);
#504=LINE('',#9797,#1148);
#505=LINE('',#9800,#1149);
#506=LINE('',#9806,#1150);
#507=LINE('',#9809,#1151);
#508=LINE('',#9815,#1152);
#509=LINE('',#9818,#1153);
#510=LINE('',#9824,#1154);
#511=LINE('',#9827,#1155);
#512=LINE('',#9833,#1156);
#513=LINE('',#9836,#1157);
#514=LINE('',#9842,#1158);
#515=LINE('',#9847,#1159);
#516=LINE('',#9852,#1160);
#517=LINE('',#9856,#1161);
#518=LINE('',#9861,#1162);
#519=LINE('',#9866,#1163);
#520=LINE('',#9871,#1164);
#521=LINE('',#9878,#1165);
#522=LINE('',#9885,#1166);
#523=LINE('',#9892,#1167);
#524=LINE('',#9899,#1168);
#525=LINE('',#9906,#1169);
#526=LINE('',#9911,#1170);
#527=LINE('',#9912,#1171);
#528=LINE('',#9915,#1172);
#529=LINE('',#9917,#1173);
#530=LINE('',#9918,#1174);
#531=LINE('',#9921,#1175);
#532=LINE('',#9923,#1176);
#533=LINE('',#9924,#1177);
#534=LINE('',#9926,#1178);
#535=LINE('',#9928,#1179);
#536=LINE('',#9930,#1180);
#537=LINE('',#9932,#1181);
#538=LINE('',#9935,#1182);
#539=LINE('',#9939,#1183);
#540=LINE('',#9940,#1184);
#541=LINE('',#9945,#1185);
#542=LINE('',#9947,#1186);
#543=LINE('',#9948,#1187);
#544=LINE('',#9951,#1188);
#545=LINE('',#9953,#1189);
#546=LINE('',#9954,#1190);
#547=LINE('',#9956,#1191);
#548=LINE('',#9957,#1192);
#549=LINE('',#9959,#1193);
#550=LINE('',#9962,#1194);
#551=LINE('',#9965,#1195);
#552=LINE('',#9972,#1196);
#553=LINE('',#9980,#1197);
#554=LINE('',#9990,#1198);
#555=LINE('',#9995,#1199);
#556=LINE('',#10003,#1200);
#557=LINE('',#10005,#1201);
#558=LINE('',#10007,#1202);
#559=LINE('',#10008,#1203);
#560=LINE('',#10011,#1204);
#561=LINE('',#10013,#1205);
#562=LINE('',#10014,#1206);
#563=LINE('',#10018,#1207);
#564=LINE('',#10020,#1208);
#565=LINE('',#10022,#1209);
#566=LINE('',#10023,#1210);
#567=LINE('',#10026,#1211);
#568=LINE('',#10028,#1212);
#569=LINE('',#10029,#1213);
#570=LINE('',#10033,#1214);
#571=LINE('',#10035,#1215);
#572=LINE('',#10037,#1216);
#573=LINE('',#10038,#1217);
#574=LINE('',#10041,#1218);
#575=LINE('',#10042,#1219);
#576=LINE('',#10044,#1220);
#577=LINE('',#10046,#1221);
#578=LINE('',#10047,#1222);
#579=LINE('',#10054,#1223);
#580=LINE('',#10055,#1224);
#581=LINE('',#10059,#1225);
#582=LINE('',#10061,#1226);
#583=LINE('',#10063,#1227);
#584=LINE('',#10064,#1228);
#585=LINE('',#10067,#1229);
#586=LINE('',#10068,#1230);
#587=LINE('',#10070,#1231);
#588=LINE('',#10072,#1232);
#589=LINE('',#10073,#1233);
#590=LINE('',#10080,#1234);
#591=LINE('',#10081,#1235);
#592=LINE('',#10086,#1236);
#593=LINE('',#10095,#1237);
#594=LINE('',#10101,#1238);
#595=LINE('',#10103,#1239);
#596=LINE('',#10106,#1240);
#597=LINE('',#10107,#1241);
#598=LINE('',#10110,#1242);
#599=LINE('',#10111,#1243);
#600=LINE('',#10113,#1244);
#601=LINE('',#10114,#1245);
#602=LINE('',#10118,#1246);
#603=LINE('',#10122,#1247);
#604=LINE('',#10125,#1248);
#605=LINE('',#10126,#1249);
#606=LINE('',#10129,#1250);
#607=LINE('',#10130,#1251);
#608=LINE('',#10132,#1252);
#609=LINE('',#10133,#1253);
#610=LINE('',#10137,#1254);
#611=LINE('',#10139,#1255);
#612=LINE('',#10141,#1256);
#613=LINE('',#10143,#1257);
#614=LINE('',#10145,#1258);
#615=LINE('',#10147,#1259);
#616=LINE('',#10149,#1260);
#617=LINE('',#10151,#1261);
#618=LINE('',#10153,#1262);
#619=LINE('',#10154,#1263);
#620=LINE('',#10164,#1264);
#621=LINE('',#10165,#1265);
#622=LINE('',#10166,#1266);
#623=LINE('',#10169,#1267);
#624=LINE('',#10170,#1268);
#625=LINE('',#10173,#1269);
#626=LINE('',#10174,#1270);
#627=LINE('',#10177,#1271);
#628=LINE('',#10178,#1272);
#629=LINE('',#10181,#1273);
#630=LINE('',#10182,#1274);
#631=LINE('',#10186,#1275);
#632=LINE('',#10190,#1276);
#633=LINE('',#10194,#1277);
#634=LINE('',#10197,#1278);
#635=LINE('',#10198,#1279);
#636=LINE('',#10201,#1280);
#637=LINE('',#10202,#1281);
#638=LINE('',#10205,#1282);
#639=LINE('',#10206,#1283);
#640=LINE('',#10209,#1284);
#641=LINE('',#10210,#1285);
#642=LINE('',#10212,#1286);
#643=LINE('',#10217,#1287);
#644=LINE('',#10219,#1288);
#645=LINE('',#10221,#1289);
#646=LINE('',#10222,#1290);
#647=LINE('',#10225,#1291);
#648=LINE('',#10227,#1292);
#649=LINE('',#10228,#1293);
#650=LINE('',#10232,#1294);
#651=LINE('',#10234,#1295);
#652=LINE('',#10236,#1296);
#653=LINE('',#10237,#1297);
#654=LINE('',#10240,#1298);
#655=LINE('',#10242,#1299);
#656=LINE('',#10243,#1300);
#657=LINE('',#10247,#1301);
#658=LINE('',#10249,#1302);
#659=LINE('',#10251,#1303);
#660=LINE('',#10252,#1304);
#661=LINE('',#10255,#1305);
#662=LINE('',#10257,#1306);
#663=LINE('',#10258,#1307);
#664=LINE('',#10260,#1308);
#665=LINE('',#10261,#1309);
#666=LINE('',#10268,#1310);
#667=LINE('',#10269,#1311);
#668=LINE('',#10273,#1312);
#669=LINE('',#10275,#1313);
#670=LINE('',#10277,#1314);
#671=LINE('',#10278,#1315);
#672=LINE('',#10281,#1316);
#673=LINE('',#10283,#1317);
#674=LINE('',#10284,#1318);
#675=LINE('',#10286,#1319);
#676=LINE('',#10287,#1320);
#677=LINE('',#10294,#1321);
#678=LINE('',#10295,#1322);
#679=LINE('',#10300,#1323);
#680=LINE('',#10309,#1324);
#681=LINE('',#10315,#1325);
#682=LINE('',#10317,#1326);
#683=LINE('',#10320,#1327);
#684=LINE('',#10321,#1328);
#685=LINE('',#10324,#1329);
#686=LINE('',#10325,#1330);
#687=LINE('',#10327,#1331);
#688=LINE('',#10328,#1332);
#689=LINE('',#10332,#1333);
#690=LINE('',#10336,#1334);
#691=LINE('',#10339,#1335);
#692=LINE('',#10340,#1336);
#693=LINE('',#10343,#1337);
#694=LINE('',#10344,#1338);
#695=LINE('',#10346,#1339);
#696=LINE('',#10347,#1340);
#697=LINE('',#10351,#1341);
#698=LINE('',#10353,#1342);
#699=LINE('',#10355,#1343);
#700=LINE('',#10357,#1344);
#701=LINE('',#10359,#1345);
#702=LINE('',#10361,#1346);
#703=LINE('',#10363,#1347);
#704=LINE('',#10365,#1348);
#705=LINE('',#10367,#1349);
#706=LINE('',#10368,#1350);
#707=LINE('',#10378,#1351);
#708=LINE('',#10379,#1352);
#709=LINE('',#10380,#1353);
#710=LINE('',#10383,#1354);
#711=LINE('',#10384,#1355);
#712=LINE('',#10387,#1356);
#713=LINE('',#10388,#1357);
#714=LINE('',#10391,#1358);
#715=LINE('',#10392,#1359);
#716=LINE('',#10395,#1360);
#717=LINE('',#10396,#1361);
#718=LINE('',#10400,#1362);
#719=LINE('',#10404,#1363);
#720=LINE('',#10408,#1364);
#721=LINE('',#10411,#1365);
#722=LINE('',#10412,#1366);
#723=LINE('',#10415,#1367);
#724=LINE('',#10416,#1368);
#725=LINE('',#10419,#1369);
#726=LINE('',#10420,#1370);
#727=LINE('',#10423,#1371);
#728=LINE('',#10424,#1372);
#729=LINE('',#10426,#1373);
#730=LINE('',#10433,#1374);
#731=LINE('',#10444,#1375);
#732=LINE('',#10446,#1376);
#733=LINE('',#10448,#1377);
#734=LINE('',#10450,#1378);
#735=LINE('',#10452,#1379);
#736=LINE('',#10453,#1380);
#737=LINE('',#10457,#1381);
#738=LINE('',#10461,#1382);
#739=LINE('',#10463,#1383);
#740=LINE('',#10464,#1384);
#741=LINE('',#10467,#1385);
#742=LINE('',#10468,#1386);
#743=LINE('',#10471,#1387);
#744=LINE('',#10472,#1388);
#745=LINE('',#10475,#1389);
#746=LINE('',#10476,#1390);
#747=LINE('',#10479,#1391);
#748=LINE('',#10480,#1392);
#749=LINE('',#10482,#1393);
#750=LINE('',#10484,#1394);
#751=LINE('',#10485,#1395);
#752=LINE('',#10487,#1396);
#753=LINE('',#10489,#1397);
#754=LINE('',#10491,#1398);
#755=LINE('',#10493,#1399);
#756=LINE('',#10497,#1400);
#757=LINE('',#10506,#1401);
#758=LINE('',#10508,#1402);
#759=LINE('',#10510,#1403);
#760=LINE('',#10512,#1404);
#761=LINE('',#10514,#1405);
#762=LINE('',#10515,#1406);
#763=LINE('',#10518,#1407);
#764=LINE('',#10520,#1408);
#765=LINE('',#10522,#1409);
#766=LINE('',#10524,#1410);
#767=LINE('',#10525,#1411);
#768=LINE('',#10528,#1412);
#769=LINE('',#10529,#1413);
#770=LINE('',#10534,#1414);
#771=LINE('',#10536,#1415);
#772=LINE('',#10538,#1416);
#773=LINE('',#10539,#1417);
#774=LINE('',#10541,#1418);
#775=LINE('',#10544,#1419);
#776=LINE('',#10546,#1420);
#777=LINE('',#10547,#1421);
#778=LINE('',#10550,#1422);
#779=LINE('',#10552,#1423);
#780=LINE('',#10553,#1424);
#781=LINE('',#10555,#1425);
#782=LINE('',#10557,#1426);
#783=LINE('',#10559,#1427);
#784=LINE('',#10562,#1428);
#785=LINE('',#10570,#1429);
#786=LINE('',#10574,#1430);
#787=LINE('',#10578,#1431);
#788=LINE('',#10585,#1432);
#789=LINE('',#10588,#1433);
#790=LINE('',#10592,#1434);
#791=LINE('',#10604,#1435);
#792=LINE('',#10607,#1436);
#793=LINE('',#10610,#1437);
#794=LINE('',#10611,#1438);
#795=LINE('',#10614,#1439);
#796=LINE('',#10615,#1440);
#797=LINE('',#10618,#1441);
#798=LINE('',#10721,#1442);
#799=LINE('',#10722,#1443);
#800=LINE('',#10766,#1444);
#801=LINE('',#10768,#1445);
#802=LINE('',#10810,#1446);
#803=LINE('',#10812,#1447);
#804=LINE('',#10813,#1448);
#805=LINE('',#10816,#1449);
#806=LINE('',#10817,#1450);
#807=LINE('',#10820,#1451);
#808=LINE('',#10821,#1452);
#809=LINE('',#10827,#1453);
#810=LINE('',#10830,#1454);
#811=LINE('',#10833,#1455);
#812=LINE('',#10834,#1456);
#813=LINE('',#10837,#1457);
#814=LINE('',#10838,#1458);
#815=LINE('',#10840,#1459);
#816=LINE('',#10844,#1460);
#817=LINE('',#10848,#1461);
#818=LINE('',#10852,#1462);
#819=LINE('',#10856,#1463);
#820=LINE('',#10857,#1464);
#821=LINE('',#10861,#1465);
#822=LINE('',#10864,#1466);
#823=LINE('',#10865,#1467);
#824=LINE('',#10869,#1468);
#825=LINE('',#10872,#1469);
#826=LINE('',#10873,#1470);
#827=LINE('',#10876,#1471);
#828=LINE('',#10880,#1472);
#829=LINE('',#10883,#1473);
#830=LINE('',#10888,#1474);
#831=LINE('',#10892,#1475);
#832=LINE('',#10896,#1476);
#833=LINE('',#10900,#1477);
#834=LINE('',#10902,#1478);
#835=LINE('',#10904,#1479);
#836=LINE('',#10906,#1480);
#837=LINE('',#10908,#1481);
#838=LINE('',#10910,#1482);
#839=LINE('',#10912,#1483);
#840=LINE('',#10914,#1484);
#841=LINE('',#10916,#1485);
#842=LINE('',#10918,#1486);
#843=LINE('',#10920,#1487);
#844=LINE('',#10922,#1488);
#845=LINE('',#10924,#1489);
#846=LINE('',#10926,#1490);
#847=LINE('',#10928,#1491);
#848=LINE('',#10930,#1492);
#849=LINE('',#10932,#1493);
#850=LINE('',#10934,#1494);
#851=LINE('',#10936,#1495);
#852=LINE('',#10937,#1496);
#853=LINE('',#10940,#1497);
#854=LINE('',#10944,#1498);
#855=LINE('',#10945,#1499);
#856=LINE('',#10948,#1500);
#857=LINE('',#10952,#1501);
#858=LINE('',#10954,#1502);
#859=LINE('',#10956,#1503);
#860=LINE('',#10958,#1504);
#861=LINE('',#10960,#1505);
#862=LINE('',#10962,#1506);
#863=LINE('',#10964,#1507);
#864=LINE('',#10966,#1508);
#865=LINE('',#10968,#1509);
#866=LINE('',#10970,#1510);
#867=LINE('',#10972,#1511);
#868=LINE('',#10974,#1512);
#869=LINE('',#10976,#1513);
#870=LINE('',#10978,#1514);
#871=LINE('',#10980,#1515);
#872=LINE('',#10982,#1516);
#873=LINE('',#10984,#1517);
#874=LINE('',#10986,#1518);
#875=LINE('',#10988,#1519);
#876=LINE('',#10989,#1520);
#877=LINE('',#10992,#1521);
#878=LINE('',#10996,#1522);
#879=LINE('',#11002,#1523);
#880=LINE('',#11003,#1524);
#881=LINE('',#11006,#1525);
#882=LINE('',#11010,#1526);
#883=LINE('',#11014,#1527);
#884=LINE('',#11018,#1528);
#885=LINE('',#11019,#1529);
#886=LINE('',#11024,#1530);
#887=LINE('',#11029,#1531);
#888=LINE('',#11030,#1532);
#889=LINE('',#11031,#1533);
#890=LINE('',#11035,#1534);
#891=LINE('',#11039,#1535);
#892=LINE('',#11040,#1536);
#893=LINE('',#11043,#1537);
#894=LINE('',#11047,#1538);
#895=LINE('',#11051,#1539);
#896=LINE('',#11054,#1540);
#897=LINE('',#11057,#1541);
#898=LINE('',#11061,#1542);
#899=LINE('',#11062,#1543);
#900=LINE('',#11068,#1544);
#901=LINE('',#11072,#1545);
#902=LINE('',#11076,#1546);
#903=LINE('',#11077,#1547);
#904=LINE('',#11078,#1548);
#905=LINE('',#11081,#1549);
#906=LINE('',#11084,#1550);
#907=LINE('',#11085,#1551);
#908=LINE('',#11088,#1552);
#909=LINE('',#11089,#1553);
#910=LINE('',#11092,#1554);
#911=LINE('',#11099,#1555);
#912=LINE('',#11102,#1556);
#913=LINE('',#11105,#1557);
#914=LINE('',#11107,#1558);
#915=LINE('',#11109,#1559);
#916=LINE('',#11111,#1560);
#917=LINE('',#11113,#1561);
#918=LINE('',#11114,#1562);
#919=LINE('',#11117,#1563);
#920=LINE('',#11119,#1564);
#921=LINE('',#11121,#1565);
#922=LINE('',#11123,#1566);
#923=LINE('',#11125,#1567);
#924=LINE('',#11126,#1568);
#925=LINE('',#11131,#1569);
#926=LINE('',#11133,#1570);
#927=LINE('',#11134,#1571);
#928=LINE('',#11137,#1572);
#929=LINE('',#11141,#1573);
#930=LINE('',#11142,#1574);
#931=LINE('',#11147,#1575);
#932=LINE('',#11150,#1576);
#933=LINE('',#11153,#1577);
#934=LINE('',#11154,#1578);
#935=LINE('',#11156,#1579);
#936=LINE('',#11157,#1580);
#937=LINE('',#11159,#1581);
#938=LINE('',#11160,#1582);
#939=LINE('',#11162,#1583);
#940=LINE('',#11167,#1584);
#941=LINE('',#11168,#1585);
#942=LINE('',#11171,#1586);
#943=LINE('',#11172,#1587);
#944=LINE('',#11174,#1588);
#945=LINE('',#11177,#1589);
#946=LINE('',#11180,#1590);
#947=LINE('',#11181,#1591);
#948=LINE('',#11183,#1592);
#949=LINE('',#11185,#1593);
#950=LINE('',#11190,#1594);
#951=LINE('',#11197,#1595);
#952=LINE('',#11198,#1596);
#953=LINE('',#11203,#1597);
#954=LINE('',#11210,#1598);
#955=LINE('',#11211,#1599);
#956=LINE('',#11214,#1600);
#957=LINE('',#11215,#1601);
#958=LINE('',#11217,#1602);
#959=LINE('',#11219,#1603);
#960=LINE('',#11234,#1604);
#961=LINE('',#11244,#1605);
#962=LINE('',#11251,#1606);
#963=LINE('',#11253,#1607);
#964=LINE('',#11255,#1608);
#965=LINE('',#11257,#1609);
#966=LINE('',#11261,#1610);
#967=LINE('',#11263,#1611);
#968=LINE('',#11267,#1612);
#969=LINE('',#11269,#1613);
#970=LINE('',#11271,#1614);
#971=LINE('',#11275,#1615);
#972=LINE('',#11278,#1616);
#973=LINE('',#11280,#1617);
#974=LINE('',#11281,#1618);
#975=LINE('',#11284,#1619);
#976=LINE('',#11285,#1620);
#977=LINE('',#11288,#1621);
#978=LINE('',#11289,#1622);
#979=LINE('',#11292,#1623);
#980=LINE('',#11293,#1624);
#981=LINE('',#11296,#1625);
#982=LINE('',#11297,#1626);
#983=LINE('',#11299,#1627);
#984=LINE('',#11305,#1628);
#985=LINE('',#11307,#1629);
#986=LINE('',#11308,#1630);
#987=LINE('',#11311,#1631);
#988=LINE('',#11312,#1632);
#989=LINE('',#11315,#1633);
#990=LINE('',#11316,#1634);
#991=LINE('',#11319,#1635);
#992=LINE('',#11320,#1636);
#993=LINE('',#11323,#1637);
#994=LINE('',#11324,#1638);
#995=LINE('',#11326,#1639);
#996=LINE('',#11332,#1640);
#997=LINE('',#11337,#1641);
#998=LINE('',#11341,#1642);
#999=LINE('',#11343,#1643);
#1000=LINE('',#11346,#1644);
#1001=LINE('',#11353,#1645);
#1002=LINE('',#11359,#1646);
#1003=VECTOR('',#7415,10.);
#1004=VECTOR('',#7416,10.);
#1005=VECTOR('',#7417,10.);
#1006=VECTOR('',#7418,10.);
#1007=VECTOR('',#7419,10.);
#1008=VECTOR('',#7420,10.);
#1009=VECTOR('',#7425,4.24999999999998);
#1010=VECTOR('',#7428,10.);
#1011=VECTOR('',#7429,10.);
#1012=VECTOR('',#7430,10.);
#1013=VECTOR('',#7433,10.);
#1014=VECTOR('',#7434,10.);
#1015=VECTOR('',#7437,10.);
#1016=VECTOR('',#7438,10.);
#1017=VECTOR('',#7441,10.);
#1018=VECTOR('',#7442,10.);
#1019=VECTOR('',#7445,10.);
#1020=VECTOR('',#7446,10.);
#1021=VECTOR('',#7449,10.);
#1022=VECTOR('',#7452,10.);
#1023=VECTOR('',#7453,10.);
#1024=VECTOR('',#7456,10.);
#1025=VECTOR('',#7459,10.);
#1026=VECTOR('',#7462,10.);
#1027=VECTOR('',#7465,10.);
#1028=VECTOR('',#7470,2.50000000000002);
#1029=VECTOR('',#7477,10.);
#1030=VECTOR('',#7478,10.);
#1031=VECTOR('',#7479,10.);
#1032=VECTOR('',#7480,10.);
#1033=VECTOR('',#7483,10.);
#1034=VECTOR('',#7484,10.);
#1035=VECTOR('',#7485,10.);
#1036=VECTOR('',#7488,10.);
#1037=VECTOR('',#7489,10.);
#1038=VECTOR('',#7490,10.);
#1039=VECTOR('',#7493,10.);
#1040=VECTOR('',#7494,10.);
#1041=VECTOR('',#7495,10.);
#1042=VECTOR('',#7498,10.);
#1043=VECTOR('',#7499,10.);
#1044=VECTOR('',#7500,10.);
#1045=VECTOR('',#7503,10.);
#1046=VECTOR('',#7504,10.);
#1047=VECTOR('',#7511,10.);
#1048=VECTOR('',#7512,10.);
#1049=VECTOR('',#7513,10.);
#1050=VECTOR('',#7514,10.);
#1051=VECTOR('',#7517,10.);
#1052=VECTOR('',#7518,10.);
#1053=VECTOR('',#7519,10.);
#1054=VECTOR('',#7522,10.);
#1055=VECTOR('',#7523,10.);
#1056=VECTOR('',#7524,10.);
#1057=VECTOR('',#7527,10.);
#1058=VECTOR('',#7528,10.);
#1059=VECTOR('',#7529,10.);
#1060=VECTOR('',#7532,10.);
#1061=VECTOR('',#7533,10.);
#1062=VECTOR('',#7534,10.);
#1063=VECTOR('',#7537,10.);
#1064=VECTOR('',#7538,10.);
#1065=VECTOR('',#7545,10.);
#1066=VECTOR('',#7546,10.);
#1067=VECTOR('',#7547,10.);
#1068=VECTOR('',#7548,10.);
#1069=VECTOR('',#7551,10.);
#1070=VECTOR('',#7552,10.);
#1071=VECTOR('',#7553,10.);
#1072=VECTOR('',#7556,10.);
#1073=VECTOR('',#7557,10.);
#1074=VECTOR('',#7558,10.);
#1075=VECTOR('',#7561,10.);
#1076=VECTOR('',#7562,10.);
#1077=VECTOR('',#7563,10.);
#1078=VECTOR('',#7566,10.);
#1079=VECTOR('',#7567,10.);
#1080=VECTOR('',#7568,10.);
#1081=VECTOR('',#7571,10.);
#1082=VECTOR('',#7572,10.);
#1083=VECTOR('',#7581,4.5);
#1084=VECTOR('',#7592,4.5);
#1085=VECTOR('',#7603,4.5);
#1086=VECTOR('',#7618,4.5);
#1087=VECTOR('',#7621,10.);
#1088=VECTOR('',#7622,10.);
#1089=VECTOR('',#7627,10.);
#1090=VECTOR('',#7638,4.49999999999999);
#1091=VECTOR('',#7641,10.);
#1092=VECTOR('',#7642,10.);
#1093=VECTOR('',#7647,10.);
#1094=VECTOR('',#7658,4.49999999999999);
#1095=VECTOR('',#7661,10.);
#1096=VECTOR('',#7666,10.);
#1097=VECTOR('',#7667,10.);
#1098=VECTOR('',#7678,4.5);
#1099=VECTOR('',#7681,10.);
#1100=VECTOR('',#7686,10.);
#1101=VECTOR('',#7687,10.);
#1102=VECTOR('',#7692,10.);
#1103=VECTOR('',#7693,10.);
#1104=VECTOR('',#7694,10.);
#1105=VECTOR('',#7695,10.);
#1106=VECTOR('',#7698,3.);
#1107=VECTOR('',#7705,10.);
#1108=VECTOR('',#7706,10.);
#1109=VECTOR('',#7707,10.);
#1110=VECTOR('',#7708,10.);
#1111=VECTOR('',#7711,10.);
#1112=VECTOR('',#7712,10.);
#1113=VECTOR('',#7713,10.);
#1114=VECTOR('',#7716,10.);
#1115=VECTOR('',#7717,10.);
#1116=VECTOR('',#7718,10.);
#1117=VECTOR('',#7719,10.);
#1118=VECTOR('',#7730,10.);
#1119=VECTOR('',#7731,10.);
#1120=VECTOR('',#7732,10.);
#1121=VECTOR('',#7741,10.);
#1122=VECTOR('',#7742,10.);
#1123=VECTOR('',#7743,10.);
#1124=VECTOR('',#7744,10.);
#1125=VECTOR('',#7747,10.);
#1126=VECTOR('',#7748,10.);
#1127=VECTOR('',#7749,10.);
#1128=VECTOR('',#7752,10.);
#1129=VECTOR('',#7753,10.);
#1130=VECTOR('',#7754,10.);
#1131=VECTOR('',#7763,10.);
#1132=VECTOR('',#7764,10.);
#1133=VECTOR('',#7765,10.);
#1134=VECTOR('',#7774,3.);
#1135=VECTOR('',#7779,3.);
#1136=VECTOR('',#7784,3.);
#1137=VECTOR('',#7789,3.);
#1138=VECTOR('',#7794,1.65);
#1139=VECTOR('',#7799,3.);
#1140=VECTOR('',#7806,10.);
#1141=VECTOR('',#7807,10.);
#1142=VECTOR('',#7810,10.);
#1143=VECTOR('',#7811,10.);
#1144=VECTOR('',#7812,10.);
#1145=VECTOR('',#7813,10.);
#1146=VECTOR('',#7826,10.);
#1147=VECTOR('',#7829,10.);
#1148=VECTOR('',#7840,1.65);
#1149=VECTOR('',#7843,3.);
#1150=VECTOR('',#7852,1.65000000000001);
#1151=VECTOR('',#7855,3.00000000000001);
#1152=VECTOR('',#7864,1.65);
#1153=VECTOR('',#7867,3.);
#1154=VECTOR('',#7876,1.65);
#1155=VECTOR('',#7879,3.);
#1156=VECTOR('',#7888,1.65000000000001);
#1157=VECTOR('',#7891,3.00000000000001);
#1158=VECTOR('',#7900,1.65000000000001);
#1159=VECTOR('',#7905,1.65);
#1160=VECTOR('',#7912,1.65000000000001);
#1161=VECTOR('',#7917,1.65);
#1162=VECTOR('',#7922,1.65);
#1163=VECTOR('',#7929,1.65);
#1164=VECTOR('',#7934,3.00000000000001);
#1165=VECTOR('',#7943,3.);
#1166=VECTOR('',#7952,3.);
#1167=VECTOR('',#7961,3.);
#1168=VECTOR('',#7970,3.);
#1169=VECTOR('',#7979,3.00000000000001);
#1170=VECTOR('',#7986,10.);
#1171=VECTOR('',#7987,10.);
#1172=VECTOR('',#7990,10.);
#1173=VECTOR('',#7991,10.);
#1174=VECTOR('',#7992,10.);
#1175=VECTOR('',#7995,10.);
#1176=VECTOR('',#7996,10.);
#1177=VECTOR('',#7997,10.);
#1178=VECTOR('',#8000,10.);
#1179=VECTOR('',#8003,3.);
#1180=VECTOR('',#8006,3.);
#1181=VECTOR('',#8009,3.);
#1182=VECTOR('',#8012,3.);
#1183=VECTOR('',#8017,10.);
#1184=VECTOR('',#8018,10.);
#1185=VECTOR('',#8027,10.);
#1186=VECTOR('',#8030,10.);
#1187=VECTOR('',#8031,10.);
#1188=VECTOR('',#8034,10.);
#1189=VECTOR('',#8035,10.);
#1190=VECTOR('',#8036,10.);
#1191=VECTOR('',#8039,10.);
#1192=VECTOR('',#8040,10.);
#1193=VECTOR('',#8043,3.);
#1194=VECTOR('',#8048,10.);
#1195=VECTOR('',#8053,10.);
#1196=VECTOR('',#8062,4.5);
#1197=VECTOR('',#8073,2.59999994188547);
#1198=VECTOR('',#8086,11.5000001713634);
#1199=VECTOR('',#8091,15.0000002235174);
#1200=VECTOR('',#8102,10.);
#1201=VECTOR('',#8103,10.);
#1202=VECTOR('',#8104,10.);
#1203=VECTOR('',#8105,10.);
#1204=VECTOR('',#8108,10.);
#1205=VECTOR('',#8109,10.);
#1206=VECTOR('',#8110,10.);
#1207=VECTOR('',#8113,10.);
#1208=VECTOR('',#8114,10.);
#1209=VECTOR('',#8115,10.);
#1210=VECTOR('',#8116,10.);
#1211=VECTOR('',#8119,10.);
#1212=VECTOR('',#8120,10.);
#1213=VECTOR('',#8121,10.);
#1214=VECTOR('',#8124,10.);
#1215=VECTOR('',#8125,10.);
#1216=VECTOR('',#8126,10.);
#1217=VECTOR('',#8127,10.);
#1218=VECTOR('',#8130,10.);
#1219=VECTOR('',#8131,10.);
#1220=VECTOR('',#8132,10.);
#1221=VECTOR('',#8133,10.);
#1222=VECTOR('',#8134,10.);
#1223=VECTOR('',#8141,10.);
#1224=VECTOR('',#8142,10.);
#1225=VECTOR('',#8145,10.);
#1226=VECTOR('',#8146,10.);
#1227=VECTOR('',#8147,10.);
#1228=VECTOR('',#8148,10.);
#1229=VECTOR('',#8151,10.);
#1230=VECTOR('',#8152,10.);
#1231=VECTOR('',#8153,10.);
#1232=VECTOR('',#8154,10.);
#1233=VECTOR('',#8155,10.);
#1234=VECTOR('',#8162,10.);
#1235=VECTOR('',#8163,10.);
#1236=VECTOR('',#8168,2.);
#1237=VECTOR('',#8179,2.);
#1238=VECTOR('',#8188,1.05);
#1239=VECTOR('',#8191,1.05);
#1240=VECTOR('',#8194,10.);
#1241=VECTOR('',#8195,10.);
#1242=VECTOR('',#8198,10.);
#1243=VECTOR('',#8199,10.);
#1244=VECTOR('',#8202,10.);
#1245=VECTOR('',#8203,10.);
#1246=VECTOR('',#8208,1.05);
#1247=VECTOR('',#8213,1.05);
#1248=VECTOR('',#8216,10.);
#1249=VECTOR('',#8217,10.);
#1250=VECTOR('',#8220,10.);
#1251=VECTOR('',#8221,10.);
#1252=VECTOR('',#8224,10.);
#1253=VECTOR('',#8225,10.);
#1254=VECTOR('',#8228,10.);
#1255=VECTOR('',#8229,10.);
#1256=VECTOR('',#8230,10.);
#1257=VECTOR('',#8231,10.);
#1258=VECTOR('',#8232,10.);
#1259=VECTOR('',#8233,10.);
#1260=VECTOR('',#8234,10.);
#1261=VECTOR('',#8235,10.);
#1262=VECTOR('',#8236,10.);
#1263=VECTOR('',#8237,10.);
#1264=VECTOR('',#8246,10.);
#1265=VECTOR('',#8247,10.);
#1266=VECTOR('',#8248,10.);
#1267=VECTOR('',#8251,10.);
#1268=VECTOR('',#8252,10.);
#1269=VECTOR('',#8255,10.);
#1270=VECTOR('',#8256,10.);
#1271=VECTOR('',#8259,10.);
#1272=VECTOR('',#8260,10.);
#1273=VECTOR('',#8263,10.);
#1274=VECTOR('',#8264,10.);
#1275=VECTOR('',#8269,1.525);
#1276=VECTOR('',#8274,1.525);
#1277=VECTOR('',#8279,1.65);
#1278=VECTOR('',#8282,10.);
#1279=VECTOR('',#8283,10.);
#1280=VECTOR('',#8286,10.);
#1281=VECTOR('',#8287,10.);
#1282=VECTOR('',#8290,10.);
#1283=VECTOR('',#8291,10.);
#1284=VECTOR('',#8294,10.);
#1285=VECTOR('',#8295,10.);
#1286=VECTOR('',#8298,10.);
#1287=VECTOR('',#8303,10.);
#1288=VECTOR('',#8304,10.);
#1289=VECTOR('',#8305,10.);
#1290=VECTOR('',#8306,10.);
#1291=VECTOR('',#8309,10.);
#1292=VECTOR('',#8310,10.);
#1293=VECTOR('',#8311,10.);
#1294=VECTOR('',#8314,10.);
#1295=VECTOR('',#8315,10.);
#1296=VECTOR('',#8316,10.);
#1297=VECTOR('',#8317,10.);
#1298=VECTOR('',#8320,10.);
#1299=VECTOR('',#8321,10.);
#1300=VECTOR('',#8322,10.);
#1301=VECTOR('',#8325,10.);
#1302=VECTOR('',#8326,10.);
#1303=VECTOR('',#8327,10.);
#1304=VECTOR('',#8328,10.);
#1305=VECTOR('',#8331,10.);
#1306=VECTOR('',#8332,10.);
#1307=VECTOR('',#8333,10.);
#1308=VECTOR('',#8334,10.);
#1309=VECTOR('',#8335,10.);
#1310=VECTOR('',#8342,10.);
#1311=VECTOR('',#8343,10.);
#1312=VECTOR('',#8346,10.);
#1313=VECTOR('',#8347,10.);
#1314=VECTOR('',#8348,10.);
#1315=VECTOR('',#8349,10.);
#1316=VECTOR('',#8352,10.);
#1317=VECTOR('',#8353,10.);
#1318=VECTOR('',#8354,10.);
#1319=VECTOR('',#8355,10.);
#1320=VECTOR('',#8356,10.);
#1321=VECTOR('',#8363,10.);
#1322=VECTOR('',#8364,10.);
#1323=VECTOR('',#8369,2.);
#1324=VECTOR('',#8380,2.);
#1325=VECTOR('',#8389,1.05);
#1326=VECTOR('',#8392,1.05);
#1327=VECTOR('',#8395,10.);
#1328=VECTOR('',#8396,10.);
#1329=VECTOR('',#8399,10.);
#1330=VECTOR('',#8400,10.);
#1331=VECTOR('',#8403,10.);
#1332=VECTOR('',#8404,10.);
#1333=VECTOR('',#8409,1.05);
#1334=VECTOR('',#8414,1.05);
#1335=VECTOR('',#8417,10.);
#1336=VECTOR('',#8418,10.);
#1337=VECTOR('',#8421,10.);
#1338=VECTOR('',#8422,10.);
#1339=VECTOR('',#8425,10.);
#1340=VECTOR('',#8426,10.);
#1341=VECTOR('',#8429,10.);
#1342=VECTOR('',#8430,10.);
#1343=VECTOR('',#8431,10.);
#1344=VECTOR('',#8432,10.);
#1345=VECTOR('',#8433,10.);
#1346=VECTOR('',#8434,10.);
#1347=VECTOR('',#8435,10.);
#1348=VECTOR('',#8436,10.);
#1349=VECTOR('',#8437,10.);
#1350=VECTOR('',#8438,10.);
#1351=VECTOR('',#8447,10.);
#1352=VECTOR('',#8448,10.);
#1353=VECTOR('',#8449,10.);
#1354=VECTOR('',#8452,10.);
#1355=VECTOR('',#8453,10.);
#1356=VECTOR('',#8456,10.);
#1357=VECTOR('',#8457,10.);
#1358=VECTOR('',#8460,10.);
#1359=VECTOR('',#8461,10.);
#1360=VECTOR('',#8464,10.);
#1361=VECTOR('',#8465,10.);
#1362=VECTOR('',#8470,1.525);
#1363=VECTOR('',#8475,1.525);
#1364=VECTOR('',#8480,1.65);
#1365=VECTOR('',#8483,10.);
#1366=VECTOR('',#8484,10.);
#1367=VECTOR('',#8487,10.);
#1368=VECTOR('',#8488,10.);
#1369=VECTOR('',#8491,10.);
#1370=VECTOR('',#8492,10.);
#1371=VECTOR('',#8495,10.);
#1372=VECTOR('',#8496,10.);
#1373=VECTOR('',#8499,10.);
#1374=VECTOR('',#8508,2.30000000001402);
#1375=VECTOR('',#8521,10.);
#1376=VECTOR('',#8522,10.);
#1377=VECTOR('',#8523,10.);
#1378=VECTOR('',#8524,10.);
#1379=VECTOR('',#8525,10.);
#1380=VECTOR('',#8526,10.);
#1381=VECTOR('',#8531,4.24999999999998);
#1382=VECTOR('',#8534,10.);
#1383=VECTOR('',#8535,10.);
#1384=VECTOR('',#8536,10.);
#1385=VECTOR('',#8539,10.);
#1386=VECTOR('',#8540,10.);
#1387=VECTOR('',#8543,10.);
#1388=VECTOR('',#8544,10.);
#1389=VECTOR('',#8547,10.);
#1390=VECTOR('',#8548,10.);
#1391=VECTOR('',#8551,10.);
#1392=VECTOR('',#8552,10.);
#1393=VECTOR('',#8555,10.);
#1394=VECTOR('',#8558,10.);
#1395=VECTOR('',#8559,10.);
#1396=VECTOR('',#8562,10.);
#1397=VECTOR('',#8565,10.);
#1398=VECTOR('',#8568,10.);
#1399=VECTOR('',#8571,10.);
#1400=VECTOR('',#8576,2.50000000000002);
#1401=VECTOR('',#8589,10.);
#1402=VECTOR('',#8590,10.);
#1403=VECTOR('',#8591,10.);
#1404=VECTOR('',#8592,10.);
#1405=VECTOR('',#8593,10.);
#1406=VECTOR('',#8594,10.);
#1407=VECTOR('',#8597,10.);
#1408=VECTOR('',#8598,10.);
#1409=VECTOR('',#8599,10.);
#1410=VECTOR('',#8600,10.);
#1411=VECTOR('',#8601,10.);
#1412=VECTOR('',#8604,10.);
#1413=VECTOR('',#8605,10.);
#1414=VECTOR('',#8610,10.);
#1415=VECTOR('',#8611,10.);
#1416=VECTOR('',#8612,10.);
#1417=VECTOR('',#8613,10.);
#1418=VECTOR('',#8616,10.);
#1419=VECTOR('',#8619,10.);
#1420=VECTOR('',#8620,10.);
#1421=VECTOR('',#8621,10.);
#1422=VECTOR('',#8624,10.);
#1423=VECTOR('',#8625,10.);
#1424=VECTOR('',#8626,10.);
#1425=VECTOR('',#8629,10.);
#1426=VECTOR('',#8632,10.);
#1427=VECTOR('',#8635,10.);
#1428=VECTOR('',#8638,10.);
#1429=VECTOR('',#8645,10.);
#1430=VECTOR('',#8648,10.);
#1431=VECTOR('',#8651,10.);
#1432=VECTOR('',#8658,10.);
#1433=VECTOR('',#8659,10.);
#1434=VECTOR('',#8662,10.);
#1435=VECTOR('',#8673,10.);
#1436=VECTOR('',#8676,10.);
#1437=VECTOR('',#8679,10.);
#1438=VECTOR('',#8680,10.);
#1439=VECTOR('',#8683,10.);
#1440=VECTOR('',#8684,10.);
#1441=VECTOR('',#8687,2.6);
#1442=VECTOR('',#8692,10.);
#1443=VECTOR('',#8693,10.);
#1444=VECTOR('',#8696,10.);
#1445=VECTOR('',#8697,10.);
#1446=VECTOR('',#8700,10.);
#1447=VECTOR('',#8701,10.);
#1448=VECTOR('',#8702,10.);
#1449=VECTOR('',#8705,10.);
#1450=VECTOR('',#8706,10.);
#1451=VECTOR('',#8709,10.);
#1452=VECTOR('',#8710,10.);
#1453=VECTOR('',#8715,10.);
#1454=VECTOR('',#8718,10.);
#1455=VECTOR('',#8721,10.);
#1456=VECTOR('',#8722,10.);
#1457=VECTOR('',#8725,10.);
#1458=VECTOR('',#8726,10.);
#1459=VECTOR('',#8729,10.);
#1460=VECTOR('',#8734,10.);
#1461=VECTOR('',#8739,10.);
#1462=VECTOR('',#8744,10.);
#1463=VECTOR('',#8749,10.);
#1464=VECTOR('',#8750,10.);
#1465=VECTOR('',#8755,10.);
#1466=VECTOR('',#8758,10.);
#1467=VECTOR('',#8759,10.);
#1468=VECTOR('',#8764,10.);
#1469=VECTOR('',#8767,10.);
#1470=VECTOR('',#8768,10.);
#1471=VECTOR('',#8771,10.);
#1472=VECTOR('',#8776,10.);
#1473=VECTOR('',#8781,10.);
#1474=VECTOR('',#8788,10.);
#1475=VECTOR('',#8793,10.);
#1476=VECTOR('',#8798,10.);
#1477=VECTOR('',#8803,10.);
#1478=VECTOR('',#8804,10.);
#1479=VECTOR('',#8805,10.);
#1480=VECTOR('',#8806,10.);
#1481=VECTOR('',#8807,10.);
#1482=VECTOR('',#8808,10.);
#1483=VECTOR('',#8809,10.);
#1484=VECTOR('',#8810,10.);
#1485=VECTOR('',#8811,10.);
#1486=VECTOR('',#8812,10.);
#1487=VECTOR('',#8813,10.);
#1488=VECTOR('',#8814,10.);
#1489=VECTOR('',#8815,10.);
#1490=VECTOR('',#8816,10.);
#1491=VECTOR('',#8817,10.);
#1492=VECTOR('',#8818,10.);
#1493=VECTOR('',#8819,10.);
#1494=VECTOR('',#8820,10.);
#1495=VECTOR('',#8821,10.);
#1496=VECTOR('',#8822,10.);
#1497=VECTOR('',#8825,10.);
#1498=VECTOR('',#8830,10.);
#1499=VECTOR('',#8831,10.);
#1500=VECTOR('',#8834,10.);
#1501=VECTOR('',#8839,10.);
#1502=VECTOR('',#8840,10.);
#1503=VECTOR('',#8841,10.);
#1504=VECTOR('',#8842,10.);
#1505=VECTOR('',#8843,10.);
#1506=VECTOR('',#8844,10.);
#1507=VECTOR('',#8845,10.);
#1508=VECTOR('',#8846,10.);
#1509=VECTOR('',#8847,10.);
#1510=VECTOR('',#8848,10.);
#1511=VECTOR('',#8849,10.);
#1512=VECTOR('',#8850,10.);
#1513=VECTOR('',#8851,10.);
#1514=VECTOR('',#8852,10.);
#1515=VECTOR('',#8853,10.);
#1516=VECTOR('',#8854,10.);
#1517=VECTOR('',#8855,10.);
#1518=VECTOR('',#8856,10.);
#1519=VECTOR('',#8857,10.);
#1520=VECTOR('',#8858,10.);
#1521=VECTOR('',#8861,10.);
#1522=VECTOR('',#8866,10.);
#1523=VECTOR('',#8875,10.);
#1524=VECTOR('',#8876,10.);
#1525=VECTOR('',#8879,10.);
#1526=VECTOR('',#8884,10.);
#1527=VECTOR('',#8889,10.);
#1528=VECTOR('',#8894,10.);
#1529=VECTOR('',#8895,10.);
#1530=VECTOR('',#8900,10.);
#1531=VECTOR('',#8905,10.);
#1532=VECTOR('',#8906,10.);
#1533=VECTOR('',#8907,10.);
#1534=VECTOR('',#8912,10.);
#1535=VECTOR('',#8917,10.);
#1536=VECTOR('',#8918,10.);
#1537=VECTOR('',#8921,10.);
#1538=VECTOR('',#8926,10.);
#1539=VECTOR('',#8931,10.);
#1540=VECTOR('',#8936,10.);
#1541=VECTOR('',#8939,10.);
#1542=VECTOR('',#8944,10.);
#1543=VECTOR('',#8945,10.);
#1544=VECTOR('',#8952,10.);
#1545=VECTOR('',#8955,10.);
#1546=VECTOR('',#8960,10.);
#1547=VECTOR('',#8961,10.);
#1548=VECTOR('',#8962,10.);
#1549=VECTOR('',#8965,10.);
#1550=VECTOR('',#8970,10.);
#1551=VECTOR('',#8971,10.);
#1552=VECTOR('',#8974,10.);
#1553=VECTOR('',#8975,10.);
#1554=VECTOR('',#8978,10.);
#1555=VECTOR('',#8985,10.);
#1556=VECTOR('',#8988,10.);
#1557=VECTOR('',#8989,10.);
#1558=VECTOR('',#8990,10.);
#1559=VECTOR('',#8991,10.);
#1560=VECTOR('',#8992,10.);
#1561=VECTOR('',#8993,10.);
#1562=VECTOR('',#8994,10.);
#1563=VECTOR('',#8995,10.);
#1564=VECTOR('',#8996,10.);
#1565=VECTOR('',#8997,10.);
#1566=VECTOR('',#8998,10.);
#1567=VECTOR('',#8999,10.);
#1568=VECTOR('',#9000,10.);
#1569=VECTOR('',#9005,10.);
#1570=VECTOR('',#9006,10.);
#1571=VECTOR('',#9007,10.);
#1572=VECTOR('',#9010,10.);
#1573=VECTOR('',#9015,10.);
#1574=VECTOR('',#9016,10.);
#1575=VECTOR('',#9023,10.);
#1576=VECTOR('',#9026,10.);
#1577=VECTOR('',#9029,10.);
#1578=VECTOR('',#9030,10.);
#1579=VECTOR('',#9033,10.);
#1580=VECTOR('',#9034,10.);
#1581=VECTOR('',#9037,10.);
#1582=VECTOR('',#9038,10.);
#1583=VECTOR('',#9041,10.);
#1584=VECTOR('',#9048,10.);
#1585=VECTOR('',#9049,10.);
#1586=VECTOR('',#9054,10.);
#1587=VECTOR('',#9055,10.);
#1588=VECTOR('',#9058,10.);
#1589=VECTOR('',#9063,10.);
#1590=VECTOR('',#9068,10.);
#1591=VECTOR('',#9069,10.);
#1592=VECTOR('',#9072,10.);
#1593=VECTOR('',#9075,10.);
#1594=VECTOR('',#9080,10.);
#1595=VECTOR('',#9089,10.);
#1596=VECTOR('',#9090,10.);
#1597=VECTOR('',#9095,10.);
#1598=VECTOR('',#9104,10.);
#1599=VECTOR('',#9105,10.);
#1600=VECTOR('',#9110,10.);
#1601=VECTOR('',#9111,10.);
#1602=VECTOR('',#9114,10.);
#1603=VECTOR('',#9117,10.);
#1604=VECTOR('',#9134,10.);
#1605=VECTOR('',#9145,10.);
#1606=VECTOR('',#9154,10.);
#1607=VECTOR('',#9157,10.);
#1608=VECTOR('',#9160,10.);
#1609=VECTOR('',#9163,10.);
#1610=VECTOR('',#9170,1.55);
#1611=VECTOR('',#9173,1.55);
#1612=VECTOR('',#9178,1.55);
#1613=VECTOR('',#9181,1.55);
#1614=VECTOR('',#9184,1.55);
#1615=VECTOR('',#9189,1.55);
#1616=VECTOR('',#9192,10.);
#1617=VECTOR('',#9193,10.);
#1618=VECTOR('',#9194,10.);
#1619=VECTOR('',#9197,10.);
#1620=VECTOR('',#9198,10.);
#1621=VECTOR('',#9201,10.);
#1622=VECTOR('',#9202,10.);
#1623=VECTOR('',#9205,10.);
#1624=VECTOR('',#9206,10.);
#1625=VECTOR('',#9209,10.);
#1626=VECTOR('',#9210,10.);
#1627=VECTOR('',#9213,10.);
#1628=VECTOR('',#9220,10.);
#1629=VECTOR('',#9221,10.);
#1630=VECTOR('',#9222,10.);
#1631=VECTOR('',#9225,10.);
#1632=VECTOR('',#9226,10.);
#1633=VECTOR('',#9229,10.);
#1634=VECTOR('',#9230,10.);
#1635=VECTOR('',#9233,10.);
#1636=VECTOR('',#9234,10.);
#1637=VECTOR('',#9237,10.);
#1638=VECTOR('',#9238,10.);
#1639=VECTOR('',#9241,10.);
#1640=VECTOR('',#9248,2.75);
#1641=VECTOR('',#9255,2.75);
#1642=VECTOR('',#9262,1.55);
#1643=VECTOR('',#9265,1.55);
#1644=VECTOR('',#9268,8.05);
#1645=VECTOR('',#9277,8.05);
#1646=VECTOR('',#9286,3.);
#1647=TOROIDAL_SURFACE('',#6772,3.74999999999998,0.5);
#1648=TOROIDAL_SURFACE('',#7018,10.0000002235174,5.);
#1649=TOROIDAL_SURFACE('',#7139,3.74999999999998,0.5);
#1650=FACE_OUTER_BOUND('',#2023,.T.);
#1651=FACE_OUTER_BOUND('',#2024,.T.);
#1652=FACE_OUTER_BOUND('',#2025,.T.);
#1653=FACE_OUTER_BOUND('',#2027,.T.);
#1654=FACE_OUTER_BOUND('',#2028,.T.);
#1655=FACE_OUTER_BOUND('',#2029,.T.);
#1656=FACE_OUTER_BOUND('',#2030,.T.);
#1657=FACE_OUTER_BOUND('',#2031,.T.);
#1658=FACE_OUTER_BOUND('',#2032,.T.);
#1659=FACE_OUTER_BOUND('',#2033,.T.);
#1660=FACE_OUTER_BOUND('',#2034,.T.);
#1661=FACE_OUTER_BOUND('',#2035,.T.);
#1662=FACE_OUTER_BOUND('',#2036,.T.);
#1663=FACE_OUTER_BOUND('',#2037,.T.);
#1664=FACE_OUTER_BOUND('',#2038,.T.);
#1665=FACE_OUTER_BOUND('',#2039,.T.);
#1666=FACE_OUTER_BOUND('',#2040,.T.);
#1667=FACE_OUTER_BOUND('',#2041,.T.);
#1668=FACE_OUTER_BOUND('',#2043,.T.);
#1669=FACE_OUTER_BOUND('',#2044,.T.);
#1670=FACE_OUTER_BOUND('',#2045,.T.);
#1671=FACE_OUTER_BOUND('',#2046,.T.);
#1672=FACE_OUTER_BOUND('',#2047,.T.);
#1673=FACE_OUTER_BOUND('',#2048,.T.);
#1674=FACE_OUTER_BOUND('',#2049,.T.);
#1675=FACE_OUTER_BOUND('',#2051,.T.);
#1676=FACE_OUTER_BOUND('',#2052,.T.);
#1677=FACE_OUTER_BOUND('',#2053,.T.);
#1678=FACE_OUTER_BOUND('',#2054,.T.);
#1679=FACE_OUTER_BOUND('',#2055,.T.);
#1680=FACE_OUTER_BOUND('',#2056,.T.);
#1681=FACE_OUTER_BOUND('',#2057,.T.);
#1682=FACE_OUTER_BOUND('',#2059,.T.);
#1683=FACE_OUTER_BOUND('',#2060,.T.);
#1684=FACE_OUTER_BOUND('',#2061,.T.);
#1685=FACE_OUTER_BOUND('',#2062,.T.);
#1686=FACE_OUTER_BOUND('',#2063,.T.);
#1687=FACE_OUTER_BOUND('',#2064,.T.);
#1688=FACE_OUTER_BOUND('',#2065,.T.);
#1689=FACE_OUTER_BOUND('',#2067,.T.);
#1690=FACE_OUTER_BOUND('',#2068,.T.);
#1691=FACE_OUTER_BOUND('',#2070,.T.);
#1692=FACE_OUTER_BOUND('',#2071,.T.);
#1693=FACE_OUTER_BOUND('',#2073,.T.);
#1694=FACE_OUTER_BOUND('',#2074,.T.);
#1695=FACE_OUTER_BOUND('',#2076,.T.);
#1696=FACE_OUTER_BOUND('',#2078,.T.);
#1697=FACE_OUTER_BOUND('',#2079,.T.);
#1698=FACE_OUTER_BOUND('',#2081,.T.);
#1699=FACE_OUTER_BOUND('',#2082,.T.);
#1700=FACE_OUTER_BOUND('',#2084,.T.);
#1701=FACE_OUTER_BOUND('',#2085,.T.);
#1702=FACE_OUTER_BOUND('',#2087,.T.);
#1703=FACE_OUTER_BOUND('',#2088,.T.);
#1704=FACE_OUTER_BOUND('',#2089,.T.);
#1705=FACE_OUTER_BOUND('',#2090,.T.);
#1706=FACE_OUTER_BOUND('',#2091,.T.);
#1707=FACE_OUTER_BOUND('',#2092,.T.);
#1708=FACE_OUTER_BOUND('',#2095,.T.);
#1709=FACE_OUTER_BOUND('',#2098,.T.);
#1710=FACE_OUTER_BOUND('',#2099,.T.);
#1711=FACE_OUTER_BOUND('',#2100,.T.);
#1712=FACE_OUTER_BOUND('',#2103,.T.);
#1713=FACE_OUTER_BOUND('',#2106,.T.);
#1714=FACE_OUTER_BOUND('',#2107,.T.);
#1715=FACE_OUTER_BOUND('',#2108,.T.);
#1716=FACE_OUTER_BOUND('',#2109,.T.);
#1717=FACE_OUTER_BOUND('',#2110,.T.);
#1718=FACE_OUTER_BOUND('',#2111,.T.);
#1719=FACE_OUTER_BOUND('',#2112,.T.);
#1720=FACE_OUTER_BOUND('',#2114,.T.);
#1721=FACE_OUTER_BOUND('',#2124,.T.);
#1722=FACE_OUTER_BOUND('',#2128,.T.);
#1723=FACE_OUTER_BOUND('',#2129,.T.);
#1724=FACE_OUTER_BOUND('',#2130,.T.);
#1725=FACE_OUTER_BOUND('',#2132,.T.);
#1726=FACE_OUTER_BOUND('',#2133,.T.);
#1727=FACE_OUTER_BOUND('',#2134,.T.);
#1728=FACE_OUTER_BOUND('',#2136,.T.);
#1729=FACE_OUTER_BOUND('',#2137,.T.);
#1730=FACE_OUTER_BOUND('',#2138,.T.);
#1731=FACE_OUTER_BOUND('',#2140,.T.);
#1732=FACE_OUTER_BOUND('',#2141,.T.);
#1733=FACE_OUTER_BOUND('',#2142,.T.);
#1734=FACE_OUTER_BOUND('',#2144,.T.);
#1735=FACE_OUTER_BOUND('',#2145,.T.);
#1736=FACE_OUTER_BOUND('',#2146,.T.);
#1737=FACE_OUTER_BOUND('',#2148,.T.);
#1738=FACE_OUTER_BOUND('',#2149,.T.);
#1739=FACE_OUTER_BOUND('',#2150,.T.);
#1740=FACE_OUTER_BOUND('',#2151,.T.);
#1741=FACE_OUTER_BOUND('',#2152,.T.);
#1742=FACE_OUTER_BOUND('',#2153,.T.);
#1743=FACE_OUTER_BOUND('',#2154,.T.);
#1744=FACE_OUTER_BOUND('',#2155,.T.);
#1745=FACE_OUTER_BOUND('',#2157,.T.);
#1746=FACE_OUTER_BOUND('',#2158,.T.);
#1747=FACE_OUTER_BOUND('',#2160,.T.);
#1748=FACE_OUTER_BOUND('',#2161,.T.);
#1749=FACE_OUTER_BOUND('',#2163,.T.);
#1750=FACE_OUTER_BOUND('',#2164,.T.);
#1751=FACE_OUTER_BOUND('',#2166,.T.);
#1752=FACE_OUTER_BOUND('',#2167,.T.);
#1753=FACE_OUTER_BOUND('',#2169,.T.);
#1754=FACE_OUTER_BOUND('',#2170,.T.);
#1755=FACE_OUTER_BOUND('',#2172,.T.);
#1756=FACE_OUTER_BOUND('',#2173,.T.);
#1757=FACE_OUTER_BOUND('',#2174,.T.);
#1758=FACE_OUTER_BOUND('',#2175,.T.);
#1759=FACE_OUTER_BOUND('',#2176,.T.);
#1760=FACE_OUTER_BOUND('',#2177,.T.);
#1761=FACE_OUTER_BOUND('',#2178,.T.);
#1762=FACE_OUTER_BOUND('',#2179,.T.);
#1763=FACE_OUTER_BOUND('',#2180,.T.);
#1764=FACE_OUTER_BOUND('',#2181,.T.);
#1765=FACE_OUTER_BOUND('',#2182,.T.);
#1766=FACE_OUTER_BOUND('',#2186,.T.);
#1767=FACE_OUTER_BOUND('',#2187,.T.);
#1768=FACE_OUTER_BOUND('',#2197,.T.);
#1769=FACE_OUTER_BOUND('',#2202,.T.);
#1770=FACE_OUTER_BOUND('',#2203,.T.);
#1771=FACE_OUTER_BOUND('',#2204,.T.);
#1772=FACE_OUTER_BOUND('',#2205,.T.);
#1773=FACE_OUTER_BOUND('',#2206,.T.);
#1774=FACE_OUTER_BOUND('',#2207,.T.);
#1775=FACE_OUTER_BOUND('',#2208,.T.);
#1776=FACE_OUTER_BOUND('',#2209,.T.);
#1777=FACE_OUTER_BOUND('',#2211,.T.);
#1778=FACE_OUTER_BOUND('',#2212,.T.);
#1779=FACE_OUTER_BOUND('',#2214,.T.);
#1780=FACE_OUTER_BOUND('',#2216,.T.);
#1781=FACE_OUTER_BOUND('',#2217,.T.);
#1782=FACE_OUTER_BOUND('',#2218,.T.);
#1783=FACE_OUTER_BOUND('',#2219,.T.);
#1784=FACE_OUTER_BOUND('',#2220,.T.);
#1785=FACE_OUTER_BOUND('',#2221,.T.);
#1786=FACE_OUTER_BOUND('',#2222,.T.);
#1787=FACE_OUTER_BOUND('',#2223,.T.);
#1788=FACE_OUTER_BOUND('',#2224,.T.);
#1789=FACE_OUTER_BOUND('',#2227,.T.);
#1790=FACE_OUTER_BOUND('',#2228,.T.);
#1791=FACE_OUTER_BOUND('',#2229,.T.);
#1792=FACE_OUTER_BOUND('',#2232,.T.);
#1793=FACE_OUTER_BOUND('',#2233,.T.);
#1794=FACE_OUTER_BOUND('',#2234,.T.);
#1795=FACE_OUTER_BOUND('',#2236,.T.);
#1796=FACE_OUTER_BOUND('',#2237,.T.);
#1797=FACE_OUTER_BOUND('',#2239,.T.);
#1798=FACE_OUTER_BOUND('',#2240,.T.);
#1799=FACE_OUTER_BOUND('',#2241,.T.);
#1800=FACE_OUTER_BOUND('',#2242,.T.);
#1801=FACE_OUTER_BOUND('',#2243,.T.);
#1802=FACE_OUTER_BOUND('',#2246,.T.);
#1803=FACE_OUTER_BOUND('',#2247,.T.);
#1804=FACE_OUTER_BOUND('',#2248,.T.);
#1805=FACE_OUTER_BOUND('',#2249,.T.);
#1806=FACE_OUTER_BOUND('',#2250,.T.);
#1807=FACE_OUTER_BOUND('',#2253,.T.);
#1808=FACE_OUTER_BOUND('',#2257,.T.);
#1809=FACE_OUTER_BOUND('',#2258,.T.);
#1810=FACE_OUTER_BOUND('',#2259,.T.);
#1811=FACE_OUTER_BOUND('',#2260,.T.);
#1812=FACE_OUTER_BOUND('',#2261,.T.);
#1813=FACE_OUTER_BOUND('',#2262,.T.);
#1814=FACE_OUTER_BOUND('',#2263,.T.);
#1815=FACE_OUTER_BOUND('',#2264,.T.);
#1816=FACE_OUTER_BOUND('',#2265,.T.);
#1817=FACE_OUTER_BOUND('',#2266,.T.);
#1818=FACE_OUTER_BOUND('',#2271,.T.);
#1819=FACE_OUTER_BOUND('',#2272,.T.);
#1820=FACE_OUTER_BOUND('',#2273,.T.);
#1821=FACE_OUTER_BOUND('',#2274,.T.);
#1822=FACE_OUTER_BOUND('',#2278,.T.);
#1823=FACE_OUTER_BOUND('',#2279,.T.);
#1824=FACE_OUTER_BOUND('',#2280,.T.);
#1825=FACE_OUTER_BOUND('',#2281,.T.);
#1826=FACE_OUTER_BOUND('',#2282,.T.);
#1827=FACE_OUTER_BOUND('',#2283,.T.);
#1828=FACE_OUTER_BOUND('',#2286,.T.);
#1829=FACE_OUTER_BOUND('',#2287,.T.);
#1830=FACE_OUTER_BOUND('',#2288,.T.);
#1831=FACE_OUTER_BOUND('',#2291,.T.);
#1832=FACE_OUTER_BOUND('',#2292,.T.);
#1833=FACE_OUTER_BOUND('',#2293,.T.);
#1834=FACE_OUTER_BOUND('',#2295,.T.);
#1835=FACE_OUTER_BOUND('',#2296,.T.);
#1836=FACE_OUTER_BOUND('',#2298,.T.);
#1837=FACE_OUTER_BOUND('',#2299,.T.);
#1838=FACE_OUTER_BOUND('',#2300,.T.);
#1839=FACE_OUTER_BOUND('',#2301,.T.);
#1840=FACE_OUTER_BOUND('',#2302,.T.);
#1841=FACE_OUTER_BOUND('',#2305,.T.);
#1842=FACE_OUTER_BOUND('',#2306,.T.);
#1843=FACE_OUTER_BOUND('',#2307,.T.);
#1844=FACE_OUTER_BOUND('',#2308,.T.);
#1845=FACE_OUTER_BOUND('',#2309,.T.);
#1846=FACE_OUTER_BOUND('',#2312,.T.);
#1847=FACE_OUTER_BOUND('',#2316,.T.);
#1848=FACE_OUTER_BOUND('',#2317,.T.);
#1849=FACE_OUTER_BOUND('',#2318,.T.);
#1850=FACE_OUTER_BOUND('',#2319,.T.);
#1851=FACE_OUTER_BOUND('',#2320,.T.);
#1852=FACE_OUTER_BOUND('',#2321,.T.);
#1853=FACE_OUTER_BOUND('',#2322,.T.);
#1854=FACE_OUTER_BOUND('',#2323,.T.);
#1855=FACE_OUTER_BOUND('',#2324,.T.);
#1856=FACE_OUTER_BOUND('',#2325,.T.);
#1857=FACE_OUTER_BOUND('',#2330,.T.);
#1858=FACE_OUTER_BOUND('',#2331,.T.);
#1859=FACE_OUTER_BOUND('',#2332,.T.);
#1860=FACE_OUTER_BOUND('',#2333,.T.);
#1861=FACE_OUTER_BOUND('',#2337,.T.);
#1862=FACE_OUTER_BOUND('',#2338,.T.);
#1863=FACE_OUTER_BOUND('',#2339,.T.);
#1864=FACE_OUTER_BOUND('',#2341,.T.);
#1865=FACE_OUTER_BOUND('',#2342,.T.);
#1866=FACE_OUTER_BOUND('',#2343,.T.);
#1867=FACE_OUTER_BOUND('',#2344,.T.);
#1868=FACE_OUTER_BOUND('',#2345,.T.);
#1869=FACE_OUTER_BOUND('',#2346,.T.);
#1870=FACE_OUTER_BOUND('',#2347,.T.);
#1871=FACE_OUTER_BOUND('',#2348,.T.);
#1872=FACE_OUTER_BOUND('',#2349,.T.);
#1873=FACE_OUTER_BOUND('',#2350,.T.);
#1874=FACE_OUTER_BOUND('',#2351,.T.);
#1875=FACE_OUTER_BOUND('',#2352,.T.);
#1876=FACE_OUTER_BOUND('',#2353,.T.);
#1877=FACE_OUTER_BOUND('',#2354,.T.);
#1878=FACE_OUTER_BOUND('',#2355,.T.);
#1879=FACE_OUTER_BOUND('',#2356,.T.);
#1880=FACE_OUTER_BOUND('',#2358,.T.);
#1881=FACE_OUTER_BOUND('',#2359,.T.);
#1882=FACE_OUTER_BOUND('',#2360,.T.);
#1883=FACE_OUTER_BOUND('',#2362,.T.);
#1884=FACE_OUTER_BOUND('',#2363,.T.);
#1885=FACE_OUTER_BOUND('',#2364,.T.);
#1886=FACE_OUTER_BOUND('',#2365,.T.);
#1887=FACE_OUTER_BOUND('',#2366,.T.);
#1888=FACE_OUTER_BOUND('',#2367,.T.);
#1889=FACE_OUTER_BOUND('',#2368,.T.);
#1890=FACE_OUTER_BOUND('',#2369,.T.);
#1891=FACE_OUTER_BOUND('',#2375,.T.);
#1892=FACE_OUTER_BOUND('',#2376,.T.);
#1893=FACE_OUTER_BOUND('',#2377,.T.);
#1894=FACE_OUTER_BOUND('',#2378,.T.);
#1895=FACE_OUTER_BOUND('',#2379,.T.);
#1896=FACE_OUTER_BOUND('',#2380,.T.);
#1897=FACE_OUTER_BOUND('',#2381,.T.);
#1898=FACE_OUTER_BOUND('',#2382,.T.);
#1899=FACE_OUTER_BOUND('',#2383,.T.);
#1900=FACE_OUTER_BOUND('',#2384,.T.);
#1901=FACE_OUTER_BOUND('',#2385,.T.);
#1902=FACE_OUTER_BOUND('',#2386,.T.);
#1903=FACE_OUTER_BOUND('',#2387,.T.);
#1904=FACE_OUTER_BOUND('',#2389,.T.);
#1905=FACE_OUTER_BOUND('',#2390,.T.);
#1906=FACE_OUTER_BOUND('',#2391,.T.);
#1907=FACE_OUTER_BOUND('',#2392,.T.);
#1908=FACE_OUTER_BOUND('',#2394,.T.);
#1909=FACE_OUTER_BOUND('',#2395,.T.);
#1910=FACE_OUTER_BOUND('',#2396,.T.);
#1911=FACE_OUTER_BOUND('',#2397,.T.);
#1912=FACE_OUTER_BOUND('',#2398,.T.);
#1913=FACE_OUTER_BOUND('',#2399,.T.);
#1914=FACE_OUTER_BOUND('',#2400,.T.);
#1915=FACE_OUTER_BOUND('',#2401,.T.);
#1916=FACE_OUTER_BOUND('',#2402,.T.);
#1917=FACE_OUTER_BOUND('',#2403,.T.);
#1918=FACE_OUTER_BOUND('',#2404,.T.);
#1919=FACE_OUTER_BOUND('',#2405,.T.);
#1920=FACE_OUTER_BOUND('',#2406,.T.);
#1921=FACE_OUTER_BOUND('',#2407,.T.);
#1922=FACE_OUTER_BOUND('',#2408,.T.);
#1923=FACE_OUTER_BOUND('',#2409,.T.);
#1924=FACE_OUTER_BOUND('',#2410,.T.);
#1925=FACE_OUTER_BOUND('',#2411,.T.);
#1926=FACE_OUTER_BOUND('',#2412,.T.);
#1927=FACE_OUTER_BOUND('',#2413,.T.);
#1928=FACE_OUTER_BOUND('',#2414,.T.);
#1929=FACE_OUTER_BOUND('',#2415,.T.);
#1930=FACE_OUTER_BOUND('',#2416,.T.);
#1931=FACE_OUTER_BOUND('',#2417,.T.);
#1932=FACE_OUTER_BOUND('',#2418,.T.);
#1933=FACE_OUTER_BOUND('',#2419,.T.);
#1934=FACE_OUTER_BOUND('',#2420,.T.);
#1935=FACE_OUTER_BOUND('',#2421,.T.);
#1936=FACE_OUTER_BOUND('',#2422,.T.);
#1937=FACE_OUTER_BOUND('',#2423,.T.);
#1938=FACE_OUTER_BOUND('',#2424,.T.);
#1939=FACE_OUTER_BOUND('',#2425,.T.);
#1940=FACE_OUTER_BOUND('',#2426,.T.);
#1941=FACE_OUTER_BOUND('',#2427,.T.);
#1942=FACE_OUTER_BOUND('',#2428,.T.);
#1943=FACE_OUTER_BOUND('',#2429,.T.);
#1944=FACE_OUTER_BOUND('',#2430,.T.);
#1945=FACE_OUTER_BOUND('',#2431,.T.);
#1946=FACE_OUTER_BOUND('',#2432,.T.);
#1947=FACE_OUTER_BOUND('',#2433,.T.);
#1948=FACE_OUTER_BOUND('',#2434,.T.);
#1949=FACE_OUTER_BOUND('',#2435,.T.);
#1950=FACE_OUTER_BOUND('',#2436,.T.);
#1951=FACE_OUTER_BOUND('',#2437,.T.);
#1952=FACE_OUTER_BOUND('',#2438,.T.);
#1953=FACE_OUTER_BOUND('',#2439,.T.);
#1954=FACE_OUTER_BOUND('',#2445,.T.);
#1955=FACE_OUTER_BOUND('',#2446,.T.);
#1956=FACE_OUTER_BOUND('',#2447,.T.);
#1957=FACE_OUTER_BOUND('',#2448,.T.);
#1958=FACE_OUTER_BOUND('',#2449,.T.);
#1959=FACE_OUTER_BOUND('',#2450,.T.);
#1960=FACE_OUTER_BOUND('',#2451,.T.);
#1961=FACE_OUTER_BOUND('',#2452,.T.);
#1962=FACE_OUTER_BOUND('',#2453,.T.);
#1963=FACE_OUTER_BOUND('',#2454,.T.);
#1964=FACE_OUTER_BOUND('',#2455,.T.);
#1965=FACE_OUTER_BOUND('',#2456,.T.);
#1966=FACE_OUTER_BOUND('',#2457,.T.);
#1967=FACE_OUTER_BOUND('',#2458,.T.);
#1968=FACE_OUTER_BOUND('',#2459,.T.);
#1969=FACE_OUTER_BOUND('',#2460,.T.);
#1970=FACE_OUTER_BOUND('',#2461,.T.);
#1971=FACE_OUTER_BOUND('',#2462,.T.);
#1972=FACE_OUTER_BOUND('',#2463,.T.);
#1973=FACE_OUTER_BOUND('',#2464,.T.);
#1974=FACE_OUTER_BOUND('',#2465,.T.);
#1975=FACE_OUTER_BOUND('',#2468,.T.);
#1976=FACE_OUTER_BOUND('',#2469,.T.);
#1977=FACE_OUTER_BOUND('',#2472,.T.);
#1978=FACE_OUTER_BOUND('',#2473,.T.);
#1979=FACE_OUTER_BOUND('',#2474,.T.);
#1980=FACE_OUTER_BOUND('',#2475,.T.);
#1981=FACE_OUTER_BOUND('',#2476,.T.);
#1982=FACE_OUTER_BOUND('',#2477,.T.);
#1983=FACE_OUTER_BOUND('',#2480,.T.);
#1984=FACE_OUTER_BOUND('',#2483,.T.);
#1985=FACE_OUTER_BOUND('',#2486,.T.);
#1986=FACE_OUTER_BOUND('',#2489,.T.);
#1987=FACE_OUTER_BOUND('',#2490,.T.);
#1988=FACE_OUTER_BOUND('',#2491,.T.);
#1989=FACE_OUTER_BOUND('',#2492,.T.);
#1990=FACE_OUTER_BOUND('',#2493,.T.);
#1991=FACE_OUTER_BOUND('',#2494,.T.);
#1992=FACE_OUTER_BOUND('',#2495,.T.);
#1993=FACE_OUTER_BOUND('',#2496,.T.);
#1994=FACE_OUTER_BOUND('',#2497,.T.);
#1995=FACE_OUTER_BOUND('',#2498,.T.);
#1996=FACE_OUTER_BOUND('',#2499,.T.);
#1997=FACE_OUTER_BOUND('',#2500,.T.);
#1998=FACE_OUTER_BOUND('',#2501,.T.);
#1999=FACE_OUTER_BOUND('',#2502,.T.);
#2000=FACE_OUTER_BOUND('',#2503,.T.);
#2001=FACE_OUTER_BOUND('',#2504,.T.);
#2002=FACE_OUTER_BOUND('',#2505,.T.);
#2003=FACE_OUTER_BOUND('',#2506,.T.);
#2004=FACE_OUTER_BOUND('',#2507,.T.);
#2005=FACE_OUTER_BOUND('',#2509,.T.);
#2006=FACE_OUTER_BOUND('',#2510,.T.);
#2007=FACE_OUTER_BOUND('',#2511,.T.);
#2008=FACE_OUTER_BOUND('',#2512,.T.);
#2009=FACE_OUTER_BOUND('',#2513,.T.);
#2010=FACE_OUTER_BOUND('',#2514,.T.);
#2011=FACE_OUTER_BOUND('',#2515,.T.);
#2012=FACE_OUTER_BOUND('',#2517,.T.);
#2013=FACE_OUTER_BOUND('',#2518,.T.);
#2014=FACE_OUTER_BOUND('',#2520,.T.);
#2015=FACE_OUTER_BOUND('',#2521,.T.);
#2016=FACE_OUTER_BOUND('',#2523,.T.);
#2017=FACE_OUTER_BOUND('',#2524,.T.);
#2018=FACE_OUTER_BOUND('',#2525,.T.);
#2019=FACE_OUTER_BOUND('',#2526,.T.);
#2020=FACE_OUTER_BOUND('',#2528,.T.);
#2021=FACE_OUTER_BOUND('',#2529,.T.);
#2022=FACE_OUTER_BOUND('',#2531,.T.);
#2023=EDGE_LOOP('',(#4272));
#2024=EDGE_LOOP('',(#4273,#4274,#4275,#4276));
#2025=EDGE_LOOP('',(#4277));
#2026=EDGE_LOOP('',(#4278,#4279,#4280,#4281,#4282,#4283));
#2027=EDGE_LOOP('',(#4284,#4285,#4286,#4287));
#2028=EDGE_LOOP('',(#4288,#4289,#4290));
#2029=EDGE_LOOP('',(#4291,#4292,#4293));
#2030=EDGE_LOOP('',(#4294,#4295,#4296));
#2031=EDGE_LOOP('',(#4297,#4298,#4299));
#2032=EDGE_LOOP('',(#4300,#4301,#4302));
#2033=EDGE_LOOP('',(#4303,#4304,#4305));
#2034=EDGE_LOOP('',(#4306,#4307,#4308,#4309));
#2035=EDGE_LOOP('',(#4310,#4311,#4312,#4313));
#2036=EDGE_LOOP('',(#4314,#4315,#4316,#4317));
#2037=EDGE_LOOP('',(#4318,#4319,#4320,#4321));
#2038=EDGE_LOOP('',(#4322,#4323,#4324,#4325));
#2039=EDGE_LOOP('',(#4326,#4327,#4328,#4329));
#2040=EDGE_LOOP('',(#4330,#4331,#4332,#4333));
#2041=EDGE_LOOP('',(#4334));
#2042=EDGE_LOOP('',(#4335));
#2043=EDGE_LOOP('',(#4336,#4337,#4338,#4339));
#2044=EDGE_LOOP('',(#4340,#4341,#4342,#4343));
#2045=EDGE_LOOP('',(#4344,#4345,#4346,#4347));
#2046=EDGE_LOOP('',(#4348,#4349,#4350,#4351));
#2047=EDGE_LOOP('',(#4352,#4353,#4354,#4355));
#2048=EDGE_LOOP('',(#4356,#4357,#4358,#4359));
#2049=EDGE_LOOP('',(#4360,#4361,#4362,#4363,#4364,#4365));
#2050=EDGE_LOOP('',(#4366));
#2051=EDGE_LOOP('',(#4367,#4368,#4369,#4370));
#2052=EDGE_LOOP('',(#4371,#4372,#4373,#4374));
#2053=EDGE_LOOP('',(#4375,#4376,#4377,#4378));
#2054=EDGE_LOOP('',(#4379,#4380,#4381,#4382));
#2055=EDGE_LOOP('',(#4383,#4384,#4385,#4386));
#2056=EDGE_LOOP('',(#4387,#4388,#4389,#4390));
#2057=EDGE_LOOP('',(#4391,#4392,#4393,#4394,#4395,#4396));
#2058=EDGE_LOOP('',(#4397));
#2059=EDGE_LOOP('',(#4398,#4399,#4400,#4401));
#2060=EDGE_LOOP('',(#4402,#4403,#4404,#4405));
#2061=EDGE_LOOP('',(#4406,#4407,#4408,#4409));
#2062=EDGE_LOOP('',(#4410,#4411,#4412,#4413));
#2063=EDGE_LOOP('',(#4414,#4415,#4416,#4417));
#2064=EDGE_LOOP('',(#4418,#4419,#4420,#4421));
#2065=EDGE_LOOP('',(#4422,#4423,#4424,#4425,#4426,#4427));
#2066=EDGE_LOOP('',(#4428));
#2067=EDGE_LOOP('',(#4429,#4430,#4431,#4432));
#2068=EDGE_LOOP('',(#4433));
#2069=EDGE_LOOP('',(#4434));
#2070=EDGE_LOOP('',(#4435,#4436,#4437,#4438));
#2071=EDGE_LOOP('',(#4439));
#2072=EDGE_LOOP('',(#4440));
#2073=EDGE_LOOP('',(#4441,#4442,#4443,#4444));
#2074=EDGE_LOOP('',(#4445));
#2075=EDGE_LOOP('',(#4446));
#2076=EDGE_LOOP('',(#4447));
#2077=EDGE_LOOP('',(#4448));
#2078=EDGE_LOOP('',(#4449,#4450,#4451,#4452,#4453,#4454,#4455,#4456,#4457,
#4458,#4459));
#2079=EDGE_LOOP('',(#4460));
#2080=EDGE_LOOP('',(#4461));
#2081=EDGE_LOOP('',(#4462,#4463,#4464,#4465,#4466,#4467,#4468,#4469,#4470,
#4471,#4472,#4473));
#2082=EDGE_LOOP('',(#4474));
#2083=EDGE_LOOP('',(#4475));
#2084=EDGE_LOOP('',(#4476,#4477,#4478,#4479,#4480,#4481,#4482,#4483,#4484,
#4485,#4486));
#2085=EDGE_LOOP('',(#4487));
#2086=EDGE_LOOP('',(#4488));
#2087=EDGE_LOOP('',(#4489,#4490,#4491,#4492,#4493,#4494,#4495,#4496,#4497,
#4498,#4499,#4500));
#2088=EDGE_LOOP('',(#4501,#4502,#4503,#4504,#4505));
#2089=EDGE_LOOP('',(#4506,#4507,#4508,#4509,#4510,#4511));
#2090=EDGE_LOOP('',(#4512,#4513,#4514,#4515,#4516));
#2091=EDGE_LOOP('',(#4517,#4518,#4519,#4520,#4521));
#2092=EDGE_LOOP('',(#4522,#4523,#4524,#4525,#4526,#4527,#4528,#4529));
#2093=EDGE_LOOP('',(#4530));
#2094=EDGE_LOOP('',(#4531));
#2095=EDGE_LOOP('',(#4532,#4533,#4534,#4535,#4536,#4537,#4538));
#2096=EDGE_LOOP('',(#4539));
#2097=EDGE_LOOP('',(#4540));
#2098=EDGE_LOOP('',(#4541,#4542,#4543,#4544,#4545));
#2099=EDGE_LOOP('',(#4546,#4547,#4548,#4549,#4550));
#2100=EDGE_LOOP('',(#4551,#4552,#4553,#4554,#4555,#4556,#4557));
#2101=EDGE_LOOP('',(#4558));
#2102=EDGE_LOOP('',(#4559));
#2103=EDGE_LOOP('',(#4560,#4561,#4562,#4563,#4564,#4565,#4566,#4567));
#2104=EDGE_LOOP('',(#4568));
#2105=EDGE_LOOP('',(#4569));
#2106=EDGE_LOOP('',(#4570,#4571,#4572,#4573));
#2107=EDGE_LOOP('',(#4574,#4575,#4576,#4577));
#2108=EDGE_LOOP('',(#4578,#4579,#4580,#4581));
#2109=EDGE_LOOP('',(#4582,#4583,#4584,#4585));
#2110=EDGE_LOOP('',(#4586,#4587,#4588,#4589));
#2111=EDGE_LOOP('',(#4590,#4591,#4592,#4593));
#2112=EDGE_LOOP('',(#4594));
#2113=EDGE_LOOP('',(#4595));
#2114=EDGE_LOOP('',(#4596,#4597,#4598,#4599,#4600,#4601,#4602,#4603,#4604,
#4605));
#2115=EDGE_LOOP('',(#4606));
#2116=EDGE_LOOP('',(#4607));
#2117=EDGE_LOOP('',(#4608));
#2118=EDGE_LOOP('',(#4609));
#2119=EDGE_LOOP('',(#4610));
#2120=EDGE_LOOP('',(#4611));
#2121=EDGE_LOOP('',(#4612));
#2122=EDGE_LOOP('',(#4613));
#2123=EDGE_LOOP('',(#4614));
#2124=EDGE_LOOP('',(#4615,#4616,#4617,#4618,#4619,#4620));
#2125=EDGE_LOOP('',(#4621));
#2126=EDGE_LOOP('',(#4622));
#2127=EDGE_LOOP('',(#4623));
#2128=EDGE_LOOP('',(#4624,#4625,#4626,#4627));
#2129=EDGE_LOOP('',(#4628,#4629,#4630,#4631));
#2130=EDGE_LOOP('',(#4632));
#2131=EDGE_LOOP('',(#4633));
#2132=EDGE_LOOP('',(#4634,#4635,#4636,#4637));
#2133=EDGE_LOOP('',(#4638,#4639,#4640,#4641));
#2134=EDGE_LOOP('',(#4642));
#2135=EDGE_LOOP('',(#4643));
#2136=EDGE_LOOP('',(#4644,#4645,#4646,#4647));
#2137=EDGE_LOOP('',(#4648,#4649,#4650,#4651));
#2138=EDGE_LOOP('',(#4652));
#2139=EDGE_LOOP('',(#4653));
#2140=EDGE_LOOP('',(#4654,#4655,#4656,#4657));
#2141=EDGE_LOOP('',(#4658,#4659,#4660,#4661));
#2142=EDGE_LOOP('',(#4662));
#2143=EDGE_LOOP('',(#4663));
#2144=EDGE_LOOP('',(#4664,#4665,#4666,#4667));
#2145=EDGE_LOOP('',(#4668,#4669,#4670,#4671));
#2146=EDGE_LOOP('',(#4672));
#2147=EDGE_LOOP('',(#4673));
#2148=EDGE_LOOP('',(#4674,#4675,#4676,#4677));
#2149=EDGE_LOOP('',(#4678,#4679,#4680,#4681));
#2150=EDGE_LOOP('',(#4682,#4683,#4684,#4685));
#2151=EDGE_LOOP('',(#4686,#4687,#4688,#4689));
#2152=EDGE_LOOP('',(#4690,#4691,#4692,#4693));
#2153=EDGE_LOOP('',(#4694,#4695,#4696,#4697));
#2154=EDGE_LOOP('',(#4698,#4699,#4700,#4701));
#2155=EDGE_LOOP('',(#4702));
#2156=EDGE_LOOP('',(#4703));
#2157=EDGE_LOOP('',(#4704,#4705,#4706,#4707));
#2158=EDGE_LOOP('',(#4708));
#2159=EDGE_LOOP('',(#4709));
#2160=EDGE_LOOP('',(#4710,#4711,#4712,#4713));
#2161=EDGE_LOOP('',(#4714));
#2162=EDGE_LOOP('',(#4715));
#2163=EDGE_LOOP('',(#4716,#4717,#4718,#4719));
#2164=EDGE_LOOP('',(#4720));
#2165=EDGE_LOOP('',(#4721));
#2166=EDGE_LOOP('',(#4722,#4723,#4724,#4725));
#2167=EDGE_LOOP('',(#4726));
#2168=EDGE_LOOP('',(#4727));
#2169=EDGE_LOOP('',(#4728,#4729,#4730,#4731));
#2170=EDGE_LOOP('',(#4732));
#2171=EDGE_LOOP('',(#4733));
#2172=EDGE_LOOP('',(#4734,#4735,#4736,#4737));
#2173=EDGE_LOOP('',(#4738,#4739,#4740,#4741,#4742));
#2174=EDGE_LOOP('',(#4743,#4744,#4745,#4746,#4747));
#2175=EDGE_LOOP('',(#4748,#4749,#4750,#4751));
#2176=EDGE_LOOP('',(#4752,#4753,#4754,#4755,#4756,#4757));
#2177=EDGE_LOOP('',(#4758,#4759,#4760,#4761,#4762,#4763));
#2178=EDGE_LOOP('',(#4764,#4765,#4766,#4767,#4768,#4769));
#2179=EDGE_LOOP('',(#4770,#4771,#4772,#4773));
#2180=EDGE_LOOP('',(#4774,#4775,#4776,#4777));
#2181=EDGE_LOOP('',(#4778,#4779,#4780,#4781));
#2182=EDGE_LOOP('',(#4782,#4783,#4784,#4785,#4786,#4787));
#2183=EDGE_LOOP('',(#4788));
#2184=EDGE_LOOP('',(#4789));
#2185=EDGE_LOOP('',(#4790));
#2186=EDGE_LOOP('',(#4791,#4792,#4793,#4794,#4795,#4796,#4797,#4798,#4799,
#4800,#4801,#4802,#4803,#4804,#4805,#4806));
#2187=EDGE_LOOP('',(#4807,#4808,#4809,#4810,#4811,#4812,#4813,#4814,#4815,
#4816));
#2188=EDGE_LOOP('',(#4817));
#2189=EDGE_LOOP('',(#4818));
#2190=EDGE_LOOP('',(#4819));
#2191=EDGE_LOOP('',(#4820));
#2192=EDGE_LOOP('',(#4821));
#2193=EDGE_LOOP('',(#4822));
#2194=EDGE_LOOP('',(#4823,#4824,#4825,#4826,#4827,#4828));
#2195=EDGE_LOOP('',(#4829,#4830,#4831,#4832,#4833,#4834));
#2196=EDGE_LOOP('',(#4835,#4836,#4837,#4838,#4839,#4840));
#2197=EDGE_LOOP('',(#4841,#4842,#4843,#4844));
#2198=EDGE_LOOP('',(#4845));
#2199=EDGE_LOOP('',(#4846));
#2200=EDGE_LOOP('',(#4847));
#2201=EDGE_LOOP('',(#4848));
#2202=EDGE_LOOP('',(#4849,#4850,#4851,#4852));
#2203=EDGE_LOOP('',(#4853,#4854,#4855,#4856,#4857,#4858,#4859,#4860));
#2204=EDGE_LOOP('',(#4861,#4862,#4863,#4864,#4865));
#2205=EDGE_LOOP('',(#4866,#4867,#4868,#4869));
#2206=EDGE_LOOP('',(#4870,#4871,#4872,#4873));
#2207=EDGE_LOOP('',(#4874,#4875,#4876,#4877,#4878,#4879,#4880,#4881));
#2208=EDGE_LOOP('',(#4882,#4883,#4884,#4885));
#2209=EDGE_LOOP('',(#4886));
#2210=EDGE_LOOP('',(#4887));
#2211=EDGE_LOOP('',(#4888,#4889,#4890,#4891));
#2212=EDGE_LOOP('',(#4892));
#2213=EDGE_LOOP('',(#4893));
#2214=EDGE_LOOP('',(#4894));
#2215=EDGE_LOOP('',(#4895));
#2216=EDGE_LOOP('',(#4896,#4897,#4898,#4899));
#2217=EDGE_LOOP('',(#4900,#4901,#4902,#4903,#4904));
#2218=EDGE_LOOP('',(#4905,#4906,#4907,#4908,#4909));
#2219=EDGE_LOOP('',(#4910,#4911,#4912,#4913));
#2220=EDGE_LOOP('',(#4914,#4915,#4916,#4917));
#2221=EDGE_LOOP('',(#4918,#4919,#4920,#4921));
#2222=EDGE_LOOP('',(#4922,#4923,#4924,#4925));
#2223=EDGE_LOOP('',(#4926,#4927,#4928,#4929));
#2224=EDGE_LOOP('',(#4930,#4931,#4932,#4933,#4934,#4935,#4936,#4937));
#2225=EDGE_LOOP('',(#4938));
#2226=EDGE_LOOP('',(#4939));
#2227=EDGE_LOOP('',(#4940,#4941,#4942,#4943));
#2228=EDGE_LOOP('',(#4944,#4945,#4946,#4947));
#2229=EDGE_LOOP('',(#4948,#4949,#4950,#4951,#4952,#4953,#4954,#4955));
#2230=EDGE_LOOP('',(#4956));
#2231=EDGE_LOOP('',(#4957));
#2232=EDGE_LOOP('',(#4958,#4959,#4960,#4961));
#2233=EDGE_LOOP('',(#4962,#4963,#4964,#4965));
#2234=EDGE_LOOP('',(#4966));
#2235=EDGE_LOOP('',(#4967));
#2236=EDGE_LOOP('',(#4968,#4969,#4970,#4971));
#2237=EDGE_LOOP('',(#4972));
#2238=EDGE_LOOP('',(#4973));
#2239=EDGE_LOOP('',(#4974,#4975,#4976,#4977));
#2240=EDGE_LOOP('',(#4978,#4979,#4980,#4981));
#2241=EDGE_LOOP('',(#4982,#4983,#4984,#4985));
#2242=EDGE_LOOP('',(#4986,#4987,#4988,#4989));
#2243=EDGE_LOOP('',(#4990,#4991,#4992,#4993,#4994,#4995,#4996,#4997));
#2244=EDGE_LOOP('',(#4998));
#2245=EDGE_LOOP('',(#4999));
#2246=EDGE_LOOP('',(#5000,#5001,#5002,#5003));
#2247=EDGE_LOOP('',(#5004,#5005,#5006,#5007));
#2248=EDGE_LOOP('',(#5008,#5009,#5010,#5011));
#2249=EDGE_LOOP('',(#5012,#5013,#5014,#5015));
#2250=EDGE_LOOP('',(#5016,#5017,#5018,#5019,#5020,#5021,#5022,#5023));
#2251=EDGE_LOOP('',(#5024));
#2252=EDGE_LOOP('',(#5025));
#2253=EDGE_LOOP('',(#5026,#5027,#5028,#5029,#5030,#5031,#5032,#5033,#5034,
#5035));
#2254=EDGE_LOOP('',(#5036));
#2255=EDGE_LOOP('',(#5037));
#2256=EDGE_LOOP('',(#5038));
#2257=EDGE_LOOP('',(#5039,#5040,#5041,#5042));
#2258=EDGE_LOOP('',(#5043,#5044,#5045,#5046));
#2259=EDGE_LOOP('',(#5047,#5048,#5049,#5050));
#2260=EDGE_LOOP('',(#5051,#5052,#5053,#5054));
#2261=EDGE_LOOP('',(#5055,#5056,#5057,#5058));
#2262=EDGE_LOOP('',(#5059,#5060,#5061,#5062));
#2263=EDGE_LOOP('',(#5063,#5064,#5065,#5066));
#2264=EDGE_LOOP('',(#5067,#5068,#5069,#5070));
#2265=EDGE_LOOP('',(#5071,#5072,#5073,#5074));
#2266=EDGE_LOOP('',(#5075,#5076,#5077,#5078));
#2267=EDGE_LOOP('',(#5079,#5080,#5081,#5082));
#2268=EDGE_LOOP('',(#5083,#5084,#5085,#5086));
#2269=EDGE_LOOP('',(#5087,#5088,#5089,#5090));
#2270=EDGE_LOOP('',(#5091,#5092,#5093,#5094));
#2271=EDGE_LOOP('',(#5095,#5096,#5097,#5098));
#2272=EDGE_LOOP('',(#5099,#5100,#5101,#5102));
#2273=EDGE_LOOP('',(#5103,#5104,#5105,#5106));
#2274=EDGE_LOOP('',(#5107,#5108,#5109,#5110,#5111,#5112,#5113,#5114,#5115,
#5116));
#2275=EDGE_LOOP('',(#5117));
#2276=EDGE_LOOP('',(#5118));
#2277=EDGE_LOOP('',(#5119));
#2278=EDGE_LOOP('',(#5120,#5121,#5122,#5123));
#2279=EDGE_LOOP('',(#5124,#5125,#5126,#5127));
#2280=EDGE_LOOP('',(#5128,#5129,#5130,#5131));
#2281=EDGE_LOOP('',(#5132,#5133,#5134,#5135));
#2282=EDGE_LOOP('',(#5136,#5137,#5138,#5139));
#2283=EDGE_LOOP('',(#5140,#5141,#5142,#5143,#5144,#5145,#5146,#5147));
#2284=EDGE_LOOP('',(#5148));
#2285=EDGE_LOOP('',(#5149));
#2286=EDGE_LOOP('',(#5150,#5151,#5152,#5153));
#2287=EDGE_LOOP('',(#5154,#5155,#5156,#5157));
#2288=EDGE_LOOP('',(#5158,#5159,#5160,#5161,#5162,#5163,#5164,#5165));
#2289=EDGE_LOOP('',(#5166));
#2290=EDGE_LOOP('',(#5167));
#2291=EDGE_LOOP('',(#5168,#5169,#5170,#5171));
#2292=EDGE_LOOP('',(#5172,#5173,#5174,#5175));
#2293=EDGE_LOOP('',(#5176));
#2294=EDGE_LOOP('',(#5177));
#2295=EDGE_LOOP('',(#5178,#5179,#5180,#5181));
#2296=EDGE_LOOP('',(#5182));
#2297=EDGE_LOOP('',(#5183));
#2298=EDGE_LOOP('',(#5184,#5185,#5186,#5187));
#2299=EDGE_LOOP('',(#5188,#5189,#5190,#5191));
#2300=EDGE_LOOP('',(#5192,#5193,#5194,#5195));
#2301=EDGE_LOOP('',(#5196,#5197,#5198,#5199));
#2302=EDGE_LOOP('',(#5200,#5201,#5202,#5203,#5204,#5205,#5206,#5207));
#2303=EDGE_LOOP('',(#5208));
#2304=EDGE_LOOP('',(#5209));
#2305=EDGE_LOOP('',(#5210,#5211,#5212,#5213));
#2306=EDGE_LOOP('',(#5214,#5215,#5216,#5217));
#2307=EDGE_LOOP('',(#5218,#5219,#5220,#5221));
#2308=EDGE_LOOP('',(#5222,#5223,#5224,#5225));
#2309=EDGE_LOOP('',(#5226,#5227,#5228,#5229,#5230,#5231,#5232,#5233));
#2310=EDGE_LOOP('',(#5234));
#2311=EDGE_LOOP('',(#5235));
#2312=EDGE_LOOP('',(#5236,#5237,#5238,#5239,#5240,#5241,#5242,#5243,#5244,
#5245));
#2313=EDGE_LOOP('',(#5246));
#2314=EDGE_LOOP('',(#5247));
#2315=EDGE_LOOP('',(#5248));
#2316=EDGE_LOOP('',(#5249,#5250,#5251,#5252));
#2317=EDGE_LOOP('',(#5253,#5254,#5255,#5256));
#2318=EDGE_LOOP('',(#5257,#5258,#5259,#5260));
#2319=EDGE_LOOP('',(#5261,#5262,#5263,#5264));
#2320=EDGE_LOOP('',(#5265,#5266,#5267,#5268));
#2321=EDGE_LOOP('',(#5269,#5270,#5271,#5272));
#2322=EDGE_LOOP('',(#5273,#5274,#5275,#5276));
#2323=EDGE_LOOP('',(#5277,#5278,#5279,#5280));
#2324=EDGE_LOOP('',(#5281,#5282,#5283,#5284));
#2325=EDGE_LOOP('',(#5285,#5286,#5287,#5288));
#2326=EDGE_LOOP('',(#5289,#5290,#5291,#5292));
#2327=EDGE_LOOP('',(#5293,#5294,#5295,#5296));
#2328=EDGE_LOOP('',(#5297,#5298,#5299,#5300));
#2329=EDGE_LOOP('',(#5301,#5302,#5303,#5304));
#2330=EDGE_LOOP('',(#5305,#5306,#5307,#5308));
#2331=EDGE_LOOP('',(#5309,#5310,#5311,#5312));
#2332=EDGE_LOOP('',(#5313,#5314,#5315,#5316));
#2333=EDGE_LOOP('',(#5317,#5318,#5319,#5320,#5321,#5322,#5323,#5324,#5325,
#5326));
#2334=EDGE_LOOP('',(#5327));
#2335=EDGE_LOOP('',(#5328));
#2336=EDGE_LOOP('',(#5329));
#2337=EDGE_LOOP('',(#5330,#5331,#5332,#5333));
#2338=EDGE_LOOP('',(#5334,#5335,#5336,#5337));
#2339=EDGE_LOOP('',(#5338));
#2340=EDGE_LOOP('',(#5339,#5340,#5341,#5342,#5343,#5344));
#2341=EDGE_LOOP('',(#5345,#5346,#5347,#5348));
#2342=EDGE_LOOP('',(#5349,#5350,#5351));
#2343=EDGE_LOOP('',(#5352,#5353,#5354));
#2344=EDGE_LOOP('',(#5355,#5356,#5357));
#2345=EDGE_LOOP('',(#5358,#5359,#5360));
#2346=EDGE_LOOP('',(#5361,#5362,#5363));
#2347=EDGE_LOOP('',(#5364,#5365,#5366));
#2348=EDGE_LOOP('',(#5367,#5368,#5369,#5370));
#2349=EDGE_LOOP('',(#5371,#5372,#5373,#5374));
#2350=EDGE_LOOP('',(#5375,#5376,#5377,#5378));
#2351=EDGE_LOOP('',(#5379,#5380,#5381,#5382));
#2352=EDGE_LOOP('',(#5383,#5384,#5385,#5386));
#2353=EDGE_LOOP('',(#5387,#5388,#5389,#5390));
#2354=EDGE_LOOP('',(#5391,#5392,#5393,#5394));
#2355=EDGE_LOOP('',(#5395));
#2356=EDGE_LOOP('',(#5396));
#2357=EDGE_LOOP('',(#5397));
#2358=EDGE_LOOP('',(#5398,#5399,#5400,#5401,#5402,#5403));
#2359=EDGE_LOOP('',(#5404,#5405,#5406,#5407,#5408,#5409));
#2360=EDGE_LOOP('',(#5410,#5411,#5412,#5413));
#2361=EDGE_LOOP('',(#5414));
#2362=EDGE_LOOP('',(#5415,#5416,#5417,#5418,#5419,#5420));
#2363=EDGE_LOOP('',(#5421,#5422,#5423));
#2364=EDGE_LOOP('',(#5424,#5425,#5426,#5427));
#2365=EDGE_LOOP('',(#5428,#5429,#5430,#5431,#5432,#5433));
#2366=EDGE_LOOP('',(#5434,#5435,#5436));
#2367=EDGE_LOOP('',(#5437,#5438,#5439));
#2368=EDGE_LOOP('',(#5440,#5441,#5442));
#2369=EDGE_LOOP('',(#5443,#5444,#5445,#5446,#5447,#5448,#5449,#5450,#5451,
#5452,#5453,#5454,#5455,#5456));
#2370=EDGE_LOOP('',(#5457,#5458,#5459,#5460));
#2371=EDGE_LOOP('',(#5461));
#2372=EDGE_LOOP('',(#5462));
#2373=EDGE_LOOP('',(#5463));
#2374=EDGE_LOOP('',(#5464,#5465,#5466,#5467));
#2375=EDGE_LOOP('',(#5468,#5469,#5470,#5471));
#2376=EDGE_LOOP('',(#5472,#5473,#5474,#5475));
#2377=EDGE_LOOP('',(#5476,#5477,#5478,#5479));
#2378=EDGE_LOOP('',(#5480,#5481,#5482,#5483,#5484));
#2379=EDGE_LOOP('',(#5485,#5486,#5487,#5488,#5489));
#2380=EDGE_LOOP('',(#5490,#5491,#5492,#5493));
#2381=EDGE_LOOP('',(#5494,#5495,#5496,#5497,#5498));
#2382=EDGE_LOOP('',(#5499,#5500,#5501,#5502));
#2383=EDGE_LOOP('',(#5503,#5504,#5505,#5506,#5507));
#2384=EDGE_LOOP('',(#5508,#5509,#5510,#5511,#5512,#5513));
#2385=EDGE_LOOP('',(#5514,#5515,#5516,#5517));
#2386=EDGE_LOOP('',(#5518,#5519,#5520,#5521));
#2387=EDGE_LOOP('',(#5522,#5523,#5524,#5525));
#2388=EDGE_LOOP('',(#5526,#5527,#5528,#5529,#5530,#5531));
#2389=EDGE_LOOP('',(#5532,#5533,#5534,#5535));
#2390=EDGE_LOOP('',(#5536,#5537,#5538,#5539));
#2391=EDGE_LOOP('',(#5540,#5541,#5542,#5543,#5544,#5545));
#2392=EDGE_LOOP('',(#5546,#5547,#5548,#5549,#5550,#5551));
#2393=EDGE_LOOP('',(#5552));
#2394=EDGE_LOOP('',(#5553,#5554,#5555,#5556));
#2395=EDGE_LOOP('',(#5557,#5558,#5559,#5560));
#2396=EDGE_LOOP('',(#5561,#5562,#5563,#5564));
#2397=EDGE_LOOP('',(#5565,#5566,#5567,#5568));
#2398=EDGE_LOOP('',(#5569,#5570,#5571,#5572));
#2399=EDGE_LOOP('',(#5573,#5574,#5575,#5576));
#2400=EDGE_LOOP('',(#5577,#5578,#5579,#5580));
#2401=EDGE_LOOP('',(#5581,#5582,#5583,#5584));
#2402=EDGE_LOOP('',(#5585,#5586,#5587,#5588));
#2403=EDGE_LOOP('',(#5589,#5590,#5591,#5592));
#2404=EDGE_LOOP('',(#5593,#5594,#5595,#5596));
#2405=EDGE_LOOP('',(#5597,#5598,#5599,#5600));
#2406=EDGE_LOOP('',(#5601,#5602,#5603,#5604));
#2407=EDGE_LOOP('',(#5605,#5606,#5607,#5608));
#2408=EDGE_LOOP('',(#5609,#5610,#5611,#5612));
#2409=EDGE_LOOP('',(#5613,#5614,#5615,#5616,#5617,#5618,#5619,#5620,#5621,
#5622,#5623,#5624,#5625,#5626,#5627,#5628,#5629,#5630,#5631,#5632,#5633,
#5634));
#2410=EDGE_LOOP('',(#5635,#5636,#5637,#5638));
#2411=EDGE_LOOP('',(#5639,#5640,#5641,#5642));
#2412=EDGE_LOOP('',(#5643,#5644,#5645,#5646));
#2413=EDGE_LOOP('',(#5647,#5648,#5649,#5650,#5651,#5652,#5653,#5654,#5655,
#5656,#5657,#5658,#5659,#5660,#5661,#5662,#5663,#5664,#5665,#5666,#5667,
#5668));
#2414=EDGE_LOOP('',(#5669,#5670,#5671,#5672));
#2415=EDGE_LOOP('',(#5673,#5674,#5675,#5676));
#2416=EDGE_LOOP('',(#5677,#5678,#5679,#5680));
#2417=EDGE_LOOP('',(#5681,#5682,#5683,#5684));
#2418=EDGE_LOOP('',(#5685,#5686,#5687,#5688));
#2419=EDGE_LOOP('',(#5689,#5690,#5691,#5692));
#2420=EDGE_LOOP('',(#5693,#5694,#5695,#5696));
#2421=EDGE_LOOP('',(#5697,#5698,#5699,#5700));
#2422=EDGE_LOOP('',(#5701,#5702,#5703,#5704));
#2423=EDGE_LOOP('',(#5705,#5706,#5707,#5708));
#2424=EDGE_LOOP('',(#5709,#5710,#5711,#5712));
#2425=EDGE_LOOP('',(#5713,#5714,#5715,#5716));
#2426=EDGE_LOOP('',(#5717,#5718,#5719,#5720));
#2427=EDGE_LOOP('',(#5721,#5722,#5723,#5724));
#2428=EDGE_LOOP('',(#5725,#5726,#5727,#5728));
#2429=EDGE_LOOP('',(#5729,#5730,#5731,#5732));
#2430=EDGE_LOOP('',(#5733,#5734,#5735,#5736));
#2431=EDGE_LOOP('',(#5737,#5738,#5739,#5740));
#2432=EDGE_LOOP('',(#5741,#5742,#5743,#5744));
#2433=EDGE_LOOP('',(#5745,#5746,#5747,#5748));
#2434=EDGE_LOOP('',(#5749,#5750,#5751,#5752));
#2435=EDGE_LOOP('',(#5753,#5754,#5755,#5756));
#2436=EDGE_LOOP('',(#5757,#5758,#5759,#5760));
#2437=EDGE_LOOP('',(#5761,#5762,#5763,#5764));
#2438=EDGE_LOOP('',(#5765,#5766,#5767,#5768));
#2439=EDGE_LOOP('',(#5769,#5770,#5771,#5772,#5773,#5774,#5775,#5776,#5777,
#5778,#5779,#5780,#5781,#5782));
#2440=EDGE_LOOP('',(#5783,#5784,#5785,#5786));
#2441=EDGE_LOOP('',(#5787,#5788,#5789,#5790,#5791,#5792));
#2442=EDGE_LOOP('',(#5793,#5794,#5795,#5796,#5797,#5798));
#2443=EDGE_LOOP('',(#5799));
#2444=EDGE_LOOP('',(#5800,#5801,#5802,#5803));
#2445=EDGE_LOOP('',(#5804,#5805,#5806,#5807));
#2446=EDGE_LOOP('',(#5808,#5809,#5810,#5811));
#2447=EDGE_LOOP('',(#5812,#5813,#5814,#5815));
#2448=EDGE_LOOP('',(#5816,#5817,#5818,#5819));
#2449=EDGE_LOOP('',(#5820,#5821,#5822,#5823));
#2450=EDGE_LOOP('',(#5824,#5825,#5826,#5827));
#2451=EDGE_LOOP('',(#5828,#5829,#5830,#5831));
#2452=EDGE_LOOP('',(#5832,#5833,#5834,#5835));
#2453=EDGE_LOOP('',(#5836,#5837,#5838,#5839));
#2454=EDGE_LOOP('',(#5840,#5841,#5842,#5843));
#2455=EDGE_LOOP('',(#5844,#5845,#5846,#5847));
#2456=EDGE_LOOP('',(#5848,#5849,#5850,#5851));
#2457=EDGE_LOOP('',(#5852,#5853,#5854,#5855));
#2458=EDGE_LOOP('',(#5856,#5857,#5858,#5859));
#2459=EDGE_LOOP('',(#5860,#5861,#5862,#5863));
#2460=EDGE_LOOP('',(#5864,#5865,#5866,#5867));
#2461=EDGE_LOOP('',(#5868,#5869,#5870,#5871));
#2462=EDGE_LOOP('',(#5872,#5873,#5874,#5875));
#2463=EDGE_LOOP('',(#5876,#5877,#5878,#5879));
#2464=EDGE_LOOP('',(#5880,#5881,#5882,#5883));
#2465=EDGE_LOOP('',(#5884,#5885,#5886,#5887,#5888,#5889));
#2466=EDGE_LOOP('',(#5890));
#2467=EDGE_LOOP('',(#5891));
#2468=EDGE_LOOP('',(#5892,#5893,#5894,#5895));
#2469=EDGE_LOOP('',(#5896,#5897,#5898,#5899,#5900,#5901));
#2470=EDGE_LOOP('',(#5902));
#2471=EDGE_LOOP('',(#5903));
#2472=EDGE_LOOP('',(#5904,#5905,#5906,#5907));
#2473=EDGE_LOOP('',(#5908,#5909,#5910,#5911));
#2474=EDGE_LOOP('',(#5912,#5913,#5914,#5915));
#2475=EDGE_LOOP('',(#5916,#5917,#5918,#5919));
#2476=EDGE_LOOP('',(#5920,#5921,#5922,#5923));
#2477=EDGE_LOOP('',(#5924,#5925,#5926,#5927,#5928,#5929));
#2478=EDGE_LOOP('',(#5930));
#2479=EDGE_LOOP('',(#5931));
#2480=EDGE_LOOP('',(#5932,#5933,#5934,#5935,#5936,#5937));
#2481=EDGE_LOOP('',(#5938));
#2482=EDGE_LOOP('',(#5939));
#2483=EDGE_LOOP('',(#5940,#5941,#5942,#5943,#5944,#5945));
#2484=EDGE_LOOP('',(#5946));
#2485=EDGE_LOOP('',(#5947));
#2486=EDGE_LOOP('',(#5948,#5949,#5950,#5951,#5952,#5953));
#2487=EDGE_LOOP('',(#5954));
#2488=EDGE_LOOP('',(#5955));
#2489=EDGE_LOOP('',(#5956,#5957,#5958,#5959));
#2490=EDGE_LOOP('',(#5960,#5961,#5962,#5963));
#2491=EDGE_LOOP('',(#5964,#5965,#5966,#5967));
#2492=EDGE_LOOP('',(#5968,#5969,#5970,#5971));
#2493=EDGE_LOOP('',(#5972,#5973,#5974,#5975));
#2494=EDGE_LOOP('',(#5976,#5977,#5978,#5979));
#2495=EDGE_LOOP('',(#5980,#5981,#5982,#5983));
#2496=EDGE_LOOP('',(#5984,#5985,#5986,#5987));
#2497=EDGE_LOOP('',(#5988,#5989,#5990,#5991));
#2498=EDGE_LOOP('',(#5992,#5993,#5994,#5995));
#2499=EDGE_LOOP('',(#5996,#5997,#5998,#5999));
#2500=EDGE_LOOP('',(#6000,#6001,#6002,#6003));
#2501=EDGE_LOOP('',(#6004,#6005,#6006,#6007));
#2502=EDGE_LOOP('',(#6008,#6009,#6010,#6011));
#2503=EDGE_LOOP('',(#6012,#6013,#6014,#6015));
#2504=EDGE_LOOP('',(#6016,#6017,#6018,#6019));
#2505=EDGE_LOOP('',(#6020,#6021,#6022,#6023));
#2506=EDGE_LOOP('',(#6024,#6025,#6026,#6027));
#2507=EDGE_LOOP('',(#6028,#6029,#6030,#6031,#6032,#6033));
#2508=EDGE_LOOP('',(#6034));
#2509=EDGE_LOOP('',(#6035,#6036,#6037,#6038));
#2510=EDGE_LOOP('',(#6039,#6040,#6041,#6042));
#2511=EDGE_LOOP('',(#6043,#6044,#6045,#6046));
#2512=EDGE_LOOP('',(#6047,#6048,#6049,#6050));
#2513=EDGE_LOOP('',(#6051,#6052,#6053,#6054));
#2514=EDGE_LOOP('',(#6055,#6056,#6057,#6058));
#2515=EDGE_LOOP('',(#6059,#6060,#6061,#6062,#6063,#6064));
#2516=EDGE_LOOP('',(#6065));
#2517=EDGE_LOOP('',(#6066,#6067,#6068,#6069));
#2518=EDGE_LOOP('',(#6070));
#2519=EDGE_LOOP('',(#6071));
#2520=EDGE_LOOP('',(#6072,#6073,#6074,#6075));
#2521=EDGE_LOOP('',(#6076));
#2522=EDGE_LOOP('',(#6077));
#2523=EDGE_LOOP('',(#6078,#6079,#6080,#6081));
#2524=EDGE_LOOP('',(#6082,#6083,#6084,#6085));
#2525=EDGE_LOOP('',(#6086,#6087,#6088,#6089));
#2526=EDGE_LOOP('',(#6090));
#2527=EDGE_LOOP('',(#6091));
#2528=EDGE_LOOP('',(#6092,#6093,#6094,#6095));
#2529=EDGE_LOOP('',(#6096));
#2530=EDGE_LOOP('',(#6097));
#2531=EDGE_LOOP('',(#6098,#6099,#6100,#6101));
#2532=CIRCLE('',#6771,2.4505);
#2533=CIRCLE('',#6773,4.24999999999998);
#2534=CIRCLE('',#6774,0.5);
#2535=CIRCLE('',#6775,3.74999999999998);
#2536=CIRCLE('',#6778,4.24999999999999);
#2537=CIRCLE('',#6792,2.4505);
#2538=CIRCLE('',#6801,3.);
#2539=CIRCLE('',#6809,3.);
#2540=CIRCLE('',#6817,3.);
#2541=CIRCLE('',#6819,4.5);
#2542=CIRCLE('',#6820,4.5);
#2543=CIRCLE('',#6822,3.);
#2544=CIRCLE('',#6824,4.5);
#2545=CIRCLE('',#6825,4.5);
#2546=CIRCLE('',#6827,3.);
#2547=CIRCLE('',#6829,4.5);
#2548=CIRCLE('',#6830,4.5);
#2549=CIRCLE('',#6832,3.);
#2550=CIRCLE('',#6834,4.5);
#2551=CIRCLE('',#6835,3.);
#2552=CIRCLE('',#6837,4.5);
#2553=CIRCLE('',#6840,4.5);
#2554=CIRCLE('',#6842,4.49999999999999);
#2555=CIRCLE('',#6843,3.);
#2556=CIRCLE('',#6845,4.49999999999999);
#2557=CIRCLE('',#6848,4.49999999999999);
#2558=CIRCLE('',#6850,4.49999999999999);
#2559=CIRCLE('',#6851,3.);
#2560=CIRCLE('',#6853,4.49999999999999);
#2561=CIRCLE('',#6856,4.49999999999999);
#2562=CIRCLE('',#6858,4.5);
#2563=CIRCLE('',#6859,3.);
#2564=CIRCLE('',#6861,4.5);
#2565=CIRCLE('',#6864,4.5);
#2566=CIRCLE('',#6867,3.);
#2567=CIRCLE('',#6868,3.);
#2568=CIRCLE('',#6872,3.);
#2569=CIRCLE('',#6873,3.);
#2570=CIRCLE('',#6874,1.65000000000001);
#2571=CIRCLE('',#6875,1.65);
#2572=CIRCLE('',#6877,3.);
#2573=CIRCLE('',#6878,1.65);
#2574=CIRCLE('',#6879,1.65000000000001);
#2575=CIRCLE('',#6883,3.);
#2576=CIRCLE('',#6884,1.65000000000001);
#2577=CIRCLE('',#6885,1.65);
#2578=CIRCLE('',#6887,1.65000000000001);
#2579=CIRCLE('',#6888,1.65);
#2580=CIRCLE('',#6890,3.);
#2581=CIRCLE('',#6892,3.);
#2582=CIRCLE('',#6894,3.);
#2583=CIRCLE('',#6896,3.);
#2584=CIRCLE('',#6898,1.65);
#2585=CIRCLE('',#6900,3.);
#2586=CIRCLE('',#6901,3.);
#2587=CIRCLE('',#6904,20.);
#2588=CIRCLE('',#6905,3.00000000000001);
#2589=CIRCLE('',#6906,3.);
#2590=CIRCLE('',#6907,3.00000000000001);
#2591=CIRCLE('',#6908,3.);
#2592=CIRCLE('',#6909,3.);
#2593=CIRCLE('',#6911,20.);
#2594=CIRCLE('',#6912,1.65);
#2595=CIRCLE('',#6913,3.);
#2596=CIRCLE('',#6914,1.65);
#2597=CIRCLE('',#6916,1.65);
#2598=CIRCLE('',#6918,3.);
#2599=CIRCLE('',#6921,1.65000000000001);
#2600=CIRCLE('',#6923,3.00000000000001);
#2601=CIRCLE('',#6926,1.65);
#2602=CIRCLE('',#6928,3.);
#2603=CIRCLE('',#6931,1.65);
#2604=CIRCLE('',#6933,3.);
#2605=CIRCLE('',#6936,1.65000000000001);
#2606=CIRCLE('',#6938,3.00000000000001);
#2607=CIRCLE('',#6941,1.65000000000001);
#2608=CIRCLE('',#6943,1.65);
#2609=CIRCLE('',#6944,1.65);
#2610=CIRCLE('',#6946,1.65000000000001);
#2611=CIRCLE('',#6948,1.65);
#2612=CIRCLE('',#6950,1.65);
#2613=CIRCLE('',#6951,1.65);
#2614=CIRCLE('',#6953,1.65);
#2615=CIRCLE('',#6955,3.00000000000001);
#2616=CIRCLE('',#6956,3.00000000000001);
#2617=CIRCLE('',#6959,3.);
#2618=CIRCLE('',#6960,3.);
#2619=CIRCLE('',#6963,3.);
#2620=CIRCLE('',#6964,3.);
#2621=CIRCLE('',#6967,3.);
#2622=CIRCLE('',#6968,3.);
#2623=CIRCLE('',#6971,3.);
#2624=CIRCLE('',#6972,3.);
#2625=CIRCLE('',#6975,3.00000000000001);
#2626=CIRCLE('',#6976,3.00000000000001);
#2627=CIRCLE('',#6986,3.);
#2628=CIRCLE('',#6989,20.);
#2629=CIRCLE('',#6990,20.);
#2630=CIRCLE('',#7003,4.5);
#2631=CIRCLE('',#7004,4.5);
#2632=CIRCLE('',#7006,2.59999994188547);
#2633=CIRCLE('',#7008,2.59999994188547);
#2634=CIRCLE('',#7010,10.0000002235174);
#2635=CIRCLE('',#7012,8.00000011920929);
#2636=CIRCLE('',#7014,15.0000002235174);
#2637=CIRCLE('',#7016,15.0000002235174);
#2638=CIRCLE('',#7017,15.0000002235174);
#2639=CIRCLE('',#7019,5.);
#2640=CIRCLE('',#7027,1.05);
#2641=CIRCLE('',#7028,1.05);
#2642=CIRCLE('',#7032,1.05);
#2643=CIRCLE('',#7033,1.05);
#2644=CIRCLE('',#7036,2.);
#2645=CIRCLE('',#7037,2.);
#2646=CIRCLE('',#7039,1.05);
#2647=CIRCLE('',#7041,2.);
#2648=CIRCLE('',#7042,2.);
#2649=CIRCLE('',#7044,1.05);
#2650=CIRCLE('',#7051,1.05);
#2651=CIRCLE('',#7053,1.05);
#2652=CIRCLE('',#7058,1.525);
#2653=CIRCLE('',#7059,1.525);
#2654=CIRCLE('',#7060,1.65);
#2655=CIRCLE('',#7067,1.525);
#2656=CIRCLE('',#7069,1.525);
#2657=CIRCLE('',#7071,1.65);
#2658=CIRCLE('',#7084,1.05);
#2659=CIRCLE('',#7085,1.05);
#2660=CIRCLE('',#7089,1.05);
#2661=CIRCLE('',#7090,1.05);
#2662=CIRCLE('',#7093,2.);
#2663=CIRCLE('',#7094,2.);
#2664=CIRCLE('',#7096,1.05);
#2665=CIRCLE('',#7098,2.);
#2666=CIRCLE('',#7099,2.);
#2667=CIRCLE('',#7101,1.05);
#2668=CIRCLE('',#7108,1.05);
#2669=CIRCLE('',#7110,1.05);
#2670=CIRCLE('',#7115,1.525);
#2671=CIRCLE('',#7116,1.525);
#2672=CIRCLE('',#7117,1.65);
#2673=CIRCLE('',#7124,1.525);
#2674=CIRCLE('',#7126,1.525);
#2675=CIRCLE('',#7128,1.65);
#2676=CIRCLE('',#7137,2.4505);
#2677=CIRCLE('',#7138,2.05000000001376);
#2678=CIRCLE('',#7140,4.24999999999998);
#2679=CIRCLE('',#7141,0.5);
#2680=CIRCLE('',#7142,3.74999999999998);
#2681=CIRCLE('',#7145,4.24999999999999);
#2682=CIRCLE('',#7159,2.4505);
#2683=CIRCLE('',#7167,2.6);
#2684=CIRCLE('',#7176,61.0000000000003);
#2685=CIRCLE('',#7177,19.);
#2686=CIRCLE('',#7178,61.0000000000004);
#2687=CIRCLE('',#7179,4.);
#2688=CIRCLE('',#7180,4.);
#2689=CIRCLE('',#7181,61.0000000000003);
#2690=CIRCLE('',#7182,19.);
#2691=CIRCLE('',#7183,61.0000000000002);
#2692=CIRCLE('',#7184,6.);
#2693=CIRCLE('',#7185,6.);
#2694=CIRCLE('',#7186,8.05);
#2695=CIRCLE('',#7187,2.75);
#2696=CIRCLE('',#7188,2.75);
#2697=CIRCLE('',#7189,6.);
#2698=CIRCLE('',#7190,6.);
#2699=CIRCLE('',#7194,2.6);
#2700=CIRCLE('',#7201,5.);
#2701=CIRCLE('',#7202,5.);
#2702=CIRCLE('',#7208,60.0000000000003);
#2703=CIRCLE('',#7210,20.);
#2704=CIRCLE('',#7212,60.0000000000004);
#2705=CIRCLE('',#7215,5.);
#2706=CIRCLE('',#7218,5.);
#2707=CIRCLE('',#7221,60.0000000000003);
#2708=CIRCLE('',#7223,20.);
#2709=CIRCLE('',#7225,60.0000000000002);
#2710=CIRCLE('',#7228,60.0000000000002);
#2711=CIRCLE('',#7230,20.);
#2712=CIRCLE('',#7232,60.0000000000003);
#2713=CIRCLE('',#7235,5.);
#2714=CIRCLE('',#7238,5.);
#2715=CIRCLE('',#7241,60.0000000000004);
#2716=CIRCLE('',#7243,20.);
#2717=CIRCLE('',#7245,60.0000000000003);
#2718=CIRCLE('',#7248,61.0000000000002);
#2719=CIRCLE('',#7250,19.);
#2720=CIRCLE('',#7252,61.0000000000003);
#2721=CIRCLE('',#7255,5.);
#2722=CIRCLE('',#7256,4.);
#2723=CIRCLE('',#7259,5.);
#2724=CIRCLE('',#7260,4.);
#2725=CIRCLE('',#7263,61.0000000000004);
#2726=CIRCLE('',#7265,19.);
#2727=CIRCLE('',#7267,61.0000000000003);
#2728=CIRCLE('',#7270,5.);
#2729=CIRCLE('',#7273,5.);
#2730=CIRCLE('',#7275,6.);
#2731=CIRCLE('',#7276,5.);
#2732=CIRCLE('',#7279,6.);
#2733=CIRCLE('',#7283,5.);
#2734=CIRCLE('',#7285,6.);
#2735=CIRCLE('',#7286,6.);
#2736=CIRCLE('',#7287,8.05);
#2737=CIRCLE('',#7290,5.);
#2738=CIRCLE('',#7293,5.);
#2739=CIRCLE('',#7295,5.);
#2740=CIRCLE('',#7303,5.);
#2741=CIRCLE('',#7313,5.);
#2742=CIRCLE('',#7314,5.);
#2743=CIRCLE('',#7315,1.55);
#2744=CIRCLE('',#7316,1.55);
#2745=CIRCLE('',#7319,5.);
#2746=CIRCLE('',#7320,5.);
#2747=CIRCLE('',#7321,1.55);
#2748=CIRCLE('',#7322,1.55);
#2749=CIRCLE('',#7329,1.55);
#2750=CIRCLE('',#7330,1.55);
#2751=CIRCLE('',#7332,1.55);
#2752=CIRCLE('',#7333,1.55);
#2753=CIRCLE('',#7335,5.);
#2754=CIRCLE('',#7336,5.);
#2755=CIRCLE('',#7337,1.55);
#2756=CIRCLE('',#7338,1.55);
#2757=CIRCLE('',#7340,5.);
#2758=CIRCLE('',#7341,5.);
#2759=CIRCLE('',#7342,1.55);
#2760=CIRCLE('',#7343,1.55);
#2761=CIRCLE('',#7353,1.55);
#2762=CIRCLE('',#7357,1.55);
#2763=CIRCLE('',#7365,1.55);
#2764=CIRCLE('',#7373,1.55);
#2765=CIRCLE('',#7375,2.75);
#2766=CIRCLE('',#7378,2.75);
#2767=CIRCLE('',#7383,8.05);
#2768=CIRCLE('',#7385,3.);
#2769=CIRCLE('',#7387,8.05);
#2770=CIRCLE('',#7389,3.);
#2771=VERTEX_POINT('',#9299);
#2772=VERTEX_POINT('',#9302);
#2773=VERTEX_POINT('',#9304);
#2774=VERTEX_POINT('',#9308);
#2775=VERTEX_POINT('',#9309);
#2776=VERTEX_POINT('',#9311);
#2777=VERTEX_POINT('',#9313);
#2778=VERTEX_POINT('',#9315);
#2779=VERTEX_POINT('',#9317);
#2780=VERTEX_POINT('',#9321);
#2781=VERTEX_POINT('',#9325);
#2782=VERTEX_POINT('',#9326);
#2783=VERTEX_POINT('',#9328);
#2784=VERTEX_POINT('',#9332);
#2785=VERTEX_POINT('',#9336);
#2786=VERTEX_POINT('',#9340);
#2787=VERTEX_POINT('',#9344);
#2788=VERTEX_POINT('',#9362);
#2789=VERTEX_POINT('',#9367);
#2790=VERTEX_POINT('',#9368);
#2791=VERTEX_POINT('',#9370);
#2792=VERTEX_POINT('',#9372);
#2793=VERTEX_POINT('',#9376);
#2794=VERTEX_POINT('',#9378);
#2795=VERTEX_POINT('',#9382);
#2796=VERTEX_POINT('',#9384);
#2797=VERTEX_POINT('',#9388);
#2798=VERTEX_POINT('',#9390);
#2799=VERTEX_POINT('',#9394);
#2800=VERTEX_POINT('',#9396);
#2801=VERTEX_POINT('',#9403);
#2802=VERTEX_POINT('',#9406);
#2803=VERTEX_POINT('',#9407);
#2804=VERTEX_POINT('',#9409);
#2805=VERTEX_POINT('',#9411);
#2806=VERTEX_POINT('',#9415);
#2807=VERTEX_POINT('',#9417);
#2808=VERTEX_POINT('',#9421);
#2809=VERTEX_POINT('',#9423);
#2810=VERTEX_POINT('',#9427);
#2811=VERTEX_POINT('',#9429);
#2812=VERTEX_POINT('',#9433);
#2813=VERTEX_POINT('',#9435);
#2814=VERTEX_POINT('',#9442);
#2815=VERTEX_POINT('',#9445);
#2816=VERTEX_POINT('',#9446);
#2817=VERTEX_POINT('',#9448);
#2818=VERTEX_POINT('',#9450);
#2819=VERTEX_POINT('',#9454);
#2820=VERTEX_POINT('',#9456);
#2821=VERTEX_POINT('',#9460);
#2822=VERTEX_POINT('',#9462);
#2823=VERTEX_POINT('',#9466);
#2824=VERTEX_POINT('',#9468);
#2825=VERTEX_POINT('',#9472);
#2826=VERTEX_POINT('',#9474);
#2827=VERTEX_POINT('',#9481);
#2828=VERTEX_POINT('',#9484);
#2829=VERTEX_POINT('',#9486);
#2830=VERTEX_POINT('',#9490);
#2831=VERTEX_POINT('',#9493);
#2832=VERTEX_POINT('',#9495);
#2833=VERTEX_POINT('',#9499);
#2834=VERTEX_POINT('',#9502);
#2835=VERTEX_POINT('',#9504);
#2836=VERTEX_POINT('',#9508);
#2837=VERTEX_POINT('',#9511);
#2838=VERTEX_POINT('',#9513);
#2839=VERTEX_POINT('',#9516);
#2840=VERTEX_POINT('',#9518);
#2841=VERTEX_POINT('',#9520);
#2842=VERTEX_POINT('',#9522);
#2843=VERTEX_POINT('',#9534);
#2844=VERTEX_POINT('',#9536);
#2845=VERTEX_POINT('',#9538);
#2846=VERTEX_POINT('',#9540);
#2847=VERTEX_POINT('',#9544);
#2848=VERTEX_POINT('',#9546);
#2849=VERTEX_POINT('',#9549);
#2850=VERTEX_POINT('',#9551);
#2851=VERTEX_POINT('',#9553);
#2852=VERTEX_POINT('',#9555);
#2853=VERTEX_POINT('',#9562);
#2854=VERTEX_POINT('',#9569);
#2855=VERTEX_POINT('',#9571);
#2856=VERTEX_POINT('',#9573);
#2857=VERTEX_POINT('',#9575);
#2858=VERTEX_POINT('',#9579);
#2859=VERTEX_POINT('',#9581);
#2860=VERTEX_POINT('',#9584);
#2861=VERTEX_POINT('',#9586);
#2862=VERTEX_POINT('',#9588);
#2863=VERTEX_POINT('',#9590);
#2864=VERTEX_POINT('',#9592);
#2865=VERTEX_POINT('',#9594);
#2866=VERTEX_POINT('',#9596);
#2867=VERTEX_POINT('',#9607);
#2868=VERTEX_POINT('',#9611);
#2869=VERTEX_POINT('',#9613);
#2870=VERTEX_POINT('',#9616);
#2871=VERTEX_POINT('',#9618);
#2872=VERTEX_POINT('',#9620);
#2873=VERTEX_POINT('',#9622);
#2874=VERTEX_POINT('',#9624);
#2875=VERTEX_POINT('',#9626);
#2876=VERTEX_POINT('',#9628);
#2877=VERTEX_POINT('',#9635);
#2878=VERTEX_POINT('',#9642);
#2879=VERTEX_POINT('',#9646);
#2880=VERTEX_POINT('',#9648);
#2881=VERTEX_POINT('',#9650);
#2882=VERTEX_POINT('',#9654);
#2883=VERTEX_POINT('',#9659);
#2884=VERTEX_POINT('',#9661);
#2885=VERTEX_POINT('',#9663);
#2886=VERTEX_POINT('',#9667);
#2887=VERTEX_POINT('',#9669);
#2888=VERTEX_POINT('',#9673);
#2889=VERTEX_POINT('',#9675);
#2890=VERTEX_POINT('',#9677);
#2891=VERTEX_POINT('',#9680);
#2892=VERTEX_POINT('',#9683);
#2893=VERTEX_POINT('',#9685);
#2894=VERTEX_POINT('',#9688);
#2895=VERTEX_POINT('',#9690);
#2896=VERTEX_POINT('',#9694);
#2897=VERTEX_POINT('',#9696);
#2898=VERTEX_POINT('',#9699);
#2899=VERTEX_POINT('',#9701);
#2900=VERTEX_POINT('',#9703);
#2901=VERTEX_POINT('',#9707);
#2902=VERTEX_POINT('',#9709);
#2903=VERTEX_POINT('',#9713);
#2904=VERTEX_POINT('',#9715);
#2905=VERTEX_POINT('',#9719);
#2906=VERTEX_POINT('',#9721);
#2907=VERTEX_POINT('',#9724);
#2908=VERTEX_POINT('',#9726);
#2909=VERTEX_POINT('',#9729);
#2910=VERTEX_POINT('',#9731);
#2911=VERTEX_POINT('',#9734);
#2912=VERTEX_POINT('',#9738);
#2913=VERTEX_POINT('',#9742);
#2914=VERTEX_POINT('',#9746);
#2915=VERTEX_POINT('',#9750);
#2916=VERTEX_POINT('',#9754);
#2917=VERTEX_POINT('',#9756);
#2918=VERTEX_POINT('',#9761);
#2919=VERTEX_POINT('',#9762);
#2920=VERTEX_POINT('',#9765);
#2921=VERTEX_POINT('',#9768);
#2922=VERTEX_POINT('',#9770);
#2923=VERTEX_POINT('',#9773);
#2924=VERTEX_POINT('',#9775);
#2925=VERTEX_POINT('',#9777);
#2926=VERTEX_POINT('',#9779);
#2927=VERTEX_POINT('',#9781);
#2928=VERTEX_POINT('',#9784);
#2929=VERTEX_POINT('',#9788);
#2930=VERTEX_POINT('',#9790);
#2931=VERTEX_POINT('',#9792);
#2932=VERTEX_POINT('',#9795);
#2933=VERTEX_POINT('',#9799);
#2934=VERTEX_POINT('',#9804);
#2935=VERTEX_POINT('',#9808);
#2936=VERTEX_POINT('',#9813);
#2937=VERTEX_POINT('',#9817);
#2938=VERTEX_POINT('',#9822);
#2939=VERTEX_POINT('',#9826);
#2940=VERTEX_POINT('',#9831);
#2941=VERTEX_POINT('',#9835);
#2942=VERTEX_POINT('',#9840);
#2943=VERTEX_POINT('',#9844);
#2944=VERTEX_POINT('',#9846);
#2945=VERTEX_POINT('',#9850);
#2946=VERTEX_POINT('',#9854);
#2947=VERTEX_POINT('',#9858);
#2948=VERTEX_POINT('',#9860);
#2949=VERTEX_POINT('',#9864);
#2950=VERTEX_POINT('',#9868);
#2951=VERTEX_POINT('',#9870);
#2952=VERTEX_POINT('',#9875);
#2953=VERTEX_POINT('',#9877);
#2954=VERTEX_POINT('',#9882);
#2955=VERTEX_POINT('',#9884);
#2956=VERTEX_POINT('',#9889);
#2957=VERTEX_POINT('',#9891);
#2958=VERTEX_POINT('',#9896);
#2959=VERTEX_POINT('',#9898);
#2960=VERTEX_POINT('',#9903);
#2961=VERTEX_POINT('',#9905);
#2962=VERTEX_POINT('',#9910);
#2963=VERTEX_POINT('',#9914);
#2964=VERTEX_POINT('',#9916);
#2965=VERTEX_POINT('',#9920);
#2966=VERTEX_POINT('',#9922);
#2967=VERTEX_POINT('',#9934);
#2968=VERTEX_POINT('',#9938);
#2969=VERTEX_POINT('',#9950);
#2970=VERTEX_POINT('',#9952);
#2971=VERTEX_POINT('',#9969);
#2972=VERTEX_POINT('',#9971);
#2973=VERTEX_POINT('',#9975);
#2974=VERTEX_POINT('',#9978);
#2975=VERTEX_POINT('',#9982);
#2976=VERTEX_POINT('',#9985);
#2977=VERTEX_POINT('',#9988);
#2978=VERTEX_POINT('',#9992);
#2979=VERTEX_POINT('',#9993);
#2980=VERTEX_POINT('',#10001);
#2981=VERTEX_POINT('',#10002);
#2982=VERTEX_POINT('',#10004);
#2983=VERTEX_POINT('',#10006);
#2984=VERTEX_POINT('',#10010);
#2985=VERTEX_POINT('',#10012);
#2986=VERTEX_POINT('',#10016);
#2987=VERTEX_POINT('',#10017);
#2988=VERTEX_POINT('',#10019);
#2989=VERTEX_POINT('',#10021);
#2990=VERTEX_POINT('',#10025);
#2991=VERTEX_POINT('',#10027);
#2992=VERTEX_POINT('',#10031);
#2993=VERTEX_POINT('',#10032);
#2994=VERTEX_POINT('',#10034);
#2995=VERTEX_POINT('',#10036);
#2996=VERTEX_POINT('',#10040);
#2997=VERTEX_POINT('',#10043);
#2998=VERTEX_POINT('',#10045);
#2999=VERTEX_POINT('',#10048);
#3000=VERTEX_POINT('',#10050);
#3001=VERTEX_POINT('',#10053);
#3002=VERTEX_POINT('',#10057);
#3003=VERTEX_POINT('',#10058);
#3004=VERTEX_POINT('',#10060);
#3005=VERTEX_POINT('',#10062);
#3006=VERTEX_POINT('',#10066);
#3007=VERTEX_POINT('',#10069);
#3008=VERTEX_POINT('',#10071);
#3009=VERTEX_POINT('',#10074);
#3010=VERTEX_POINT('',#10076);
#3011=VERTEX_POINT('',#10079);
#3012=VERTEX_POINT('',#10083);
#3013=VERTEX_POINT('',#10085);
#3014=VERTEX_POINT('',#10089);
#3015=VERTEX_POINT('',#10092);
#3016=VERTEX_POINT('',#10094);
#3017=VERTEX_POINT('',#10098);
#3018=VERTEX_POINT('',#10105);
#3019=VERTEX_POINT('',#10109);
#3020=VERTEX_POINT('',#10116);
#3021=VERTEX_POINT('',#10120);
#3022=VERTEX_POINT('',#10124);
#3023=VERTEX_POINT('',#10128);
#3024=VERTEX_POINT('',#10135);
#3025=VERTEX_POINT('',#10136);
#3026=VERTEX_POINT('',#10138);
#3027=VERTEX_POINT('',#10140);
#3028=VERTEX_POINT('',#10142);
#3029=VERTEX_POINT('',#10144);
#3030=VERTEX_POINT('',#10146);
#3031=VERTEX_POINT('',#10148);
#3032=VERTEX_POINT('',#10150);
#3033=VERTEX_POINT('',#10152);
#3034=VERTEX_POINT('',#10155);
#3035=VERTEX_POINT('',#10157);
#3036=VERTEX_POINT('',#10159);
#3037=VERTEX_POINT('',#10162);
#3038=VERTEX_POINT('',#10163);
#3039=VERTEX_POINT('',#10168);
#3040=VERTEX_POINT('',#10172);
#3041=VERTEX_POINT('',#10176);
#3042=VERTEX_POINT('',#10180);
#3043=VERTEX_POINT('',#10184);
#3044=VERTEX_POINT('',#10188);
#3045=VERTEX_POINT('',#10192);
#3046=VERTEX_POINT('',#10196);
#3047=VERTEX_POINT('',#10200);
#3048=VERTEX_POINT('',#10204);
#3049=VERTEX_POINT('',#10208);
#3050=VERTEX_POINT('',#10215);
#3051=VERTEX_POINT('',#10216);
#3052=VERTEX_POINT('',#10218);
#3053=VERTEX_POINT('',#10220);
#3054=VERTEX_POINT('',#10224);
#3055=VERTEX_POINT('',#10226);
#3056=VERTEX_POINT('',#10230);
#3057=VERTEX_POINT('',#10231);
#3058=VERTEX_POINT('',#10233);
#3059=VERTEX_POINT('',#10235);
#3060=VERTEX_POINT('',#10239);
#3061=VERTEX_POINT('',#10241);
#3062=VERTEX_POINT('',#10245);
#3063=VERTEX_POINT('',#10246);
#3064=VERTEX_POINT('',#10248);
#3065=VERTEX_POINT('',#10250);
#3066=VERTEX_POINT('',#10254);
#3067=VERTEX_POINT('',#10256);
#3068=VERTEX_POINT('',#10259);
#3069=VERTEX_POINT('',#10262);
#3070=VERTEX_POINT('',#10264);
#3071=VERTEX_POINT('',#10267);
#3072=VERTEX_POINT('',#10271);
#3073=VERTEX_POINT('',#10272);
#3074=VERTEX_POINT('',#10274);
#3075=VERTEX_POINT('',#10276);
#3076=VERTEX_POINT('',#10280);
#3077=VERTEX_POINT('',#10282);
#3078=VERTEX_POINT('',#10285);
#3079=VERTEX_POINT('',#10288);
#3080=VERTEX_POINT('',#10290);
#3081=VERTEX_POINT('',#10293);
#3082=VERTEX_POINT('',#10297);
#3083=VERTEX_POINT('',#10299);
#3084=VERTEX_POINT('',#10303);
#3085=VERTEX_POINT('',#10306);
#3086=VERTEX_POINT('',#10308);
#3087=VERTEX_POINT('',#10312);
#3088=VERTEX_POINT('',#10319);
#3089=VERTEX_POINT('',#10323);
#3090=VERTEX_POINT('',#10330);
#3091=VERTEX_POINT('',#10334);
#3092=VERTEX_POINT('',#10338);
#3093=VERTEX_POINT('',#10342);
#3094=VERTEX_POINT('',#10349);
#3095=VERTEX_POINT('',#10350);
#3096=VERTEX_POINT('',#10352);
#3097=VERTEX_POINT('',#10354);
#3098=VERTEX_POINT('',#10356);
#3099=VERTEX_POINT('',#10358);
#3100=VERTEX_POINT('',#10360);
#3101=VERTEX_POINT('',#10362);
#3102=VERTEX_POINT('',#10364);
#3103=VERTEX_POINT('',#10366);
#3104=VERTEX_POINT('',#10369);
#3105=VERTEX_POINT('',#10371);
#3106=VERTEX_POINT('',#10373);
#3107=VERTEX_POINT('',#10376);
#3108=VERTEX_POINT('',#10377);
#3109=VERTEX_POINT('',#10382);
#3110=VERTEX_POINT('',#10386);
#3111=VERTEX_POINT('',#10390);
#3112=VERTEX_POINT('',#10394);
#3113=VERTEX_POINT('',#10398);
#3114=VERTEX_POINT('',#10402);
#3115=VERTEX_POINT('',#10406);
#3116=VERTEX_POINT('',#10410);
#3117=VERTEX_POINT('',#10414);
#3118=VERTEX_POINT('',#10418);
#3119=VERTEX_POINT('',#10422);
#3120=VERTEX_POINT('',#10430);
#3121=VERTEX_POINT('',#10432);
#3122=VERTEX_POINT('',#10436);
#3123=VERTEX_POINT('',#10438);
#3124=VERTEX_POINT('',#10442);
#3125=VERTEX_POINT('',#10443);
#3126=VERTEX_POINT('',#10445);
#3127=VERTEX_POINT('',#10447);
#3128=VERTEX_POINT('',#10449);
#3129=VERTEX_POINT('',#10451);
#3130=VERTEX_POINT('',#10455);
#3131=VERTEX_POINT('',#10459);
#3132=VERTEX_POINT('',#10460);
#3133=VERTEX_POINT('',#10462);
#3134=VERTEX_POINT('',#10466);
#3135=VERTEX_POINT('',#10470);
#3136=VERTEX_POINT('',#10474);
#3137=VERTEX_POINT('',#10478);
#3138=VERTEX_POINT('',#10496);
#3139=VERTEX_POINT('',#10504);
#3140=VERTEX_POINT('',#10505);
#3141=VERTEX_POINT('',#10507);
#3142=VERTEX_POINT('',#10509);
#3143=VERTEX_POINT('',#10511);
#3144=VERTEX_POINT('',#10513);
#3145=VERTEX_POINT('',#10517);
#3146=VERTEX_POINT('',#10519);
#3147=VERTEX_POINT('',#10521);
#3148=VERTEX_POINT('',#10523);
#3149=VERTEX_POINT('',#10527);
#3150=VERTEX_POINT('',#10530);
#3151=VERTEX_POINT('',#10533);
#3152=VERTEX_POINT('',#10535);
#3153=VERTEX_POINT('',#10537);
#3154=VERTEX_POINT('',#10543);
#3155=VERTEX_POINT('',#10545);
#3156=VERTEX_POINT('',#10549);
#3157=VERTEX_POINT('',#10551);
#3158=VERTEX_POINT('',#10561);
#3159=VERTEX_POINT('',#10563);
#3160=VERTEX_POINT('',#10565);
#3161=VERTEX_POINT('',#10567);
#3162=VERTEX_POINT('',#10569);
#3163=VERTEX_POINT('',#10571);
#3164=VERTEX_POINT('',#10573);
#3165=VERTEX_POINT('',#10575);
#3166=VERTEX_POINT('',#10577);
#3167=VERTEX_POINT('',#10579);
#3168=VERTEX_POINT('',#10581);
#3169=VERTEX_POINT('',#10583);
#3170=VERTEX_POINT('',#10586);
#3171=VERTEX_POINT('',#10587);
#3172=VERTEX_POINT('',#10589);
#3173=VERTEX_POINT('',#10591);
#3174=VERTEX_POINT('',#10594);
#3175=VERTEX_POINT('',#10596);
#3176=VERTEX_POINT('',#10598);
#3177=VERTEX_POINT('',#10600);
#3178=VERTEX_POINT('',#10601);
#3179=VERTEX_POINT('',#10603);
#3180=VERTEX_POINT('',#10605);
#3181=VERTEX_POINT('',#10609);
#3182=VERTEX_POINT('',#10613);
#3183=VERTEX_POINT('',#10617);
#3184=VERTEX_POINT('',#10640);
#3185=VERTEX_POINT('',#10641);
#3186=VERTEX_POINT('',#10647);
#3187=VERTEX_POINT('',#10652);
#3188=VERTEX_POINT('',#10657);
#3189=VERTEX_POINT('',#10690);
#3190=VERTEX_POINT('',#10691);
#3191=VERTEX_POINT('',#10697);
#3192=VERTEX_POINT('',#10702);
#3193=VERTEX_POINT('',#10707);
#3194=VERTEX_POINT('',#10743);
#3195=VERTEX_POINT('',#10749);
#3196=VERTEX_POINT('',#10755);
#3197=VERTEX_POINT('',#10765);
#3198=VERTEX_POINT('',#10767);
#3199=VERTEX_POINT('',#10798);
#3200=VERTEX_POINT('',#10809);
#3201=VERTEX_POINT('',#10811);
#3202=VERTEX_POINT('',#10815);
#3203=VERTEX_POINT('',#10819);
#3204=VERTEX_POINT('',#10823);
#3205=VERTEX_POINT('',#10824);
#3206=VERTEX_POINT('',#10826);
#3207=VERTEX_POINT('',#10828);
#3208=VERTEX_POINT('',#10832);
#3209=VERTEX_POINT('',#10836);
#3210=VERTEX_POINT('',#10843);
#3211=VERTEX_POINT('',#10847);
#3212=VERTEX_POINT('',#10851);
#3213=VERTEX_POINT('',#10855);
#3214=VERTEX_POINT('',#10859);
#3215=VERTEX_POINT('',#10863);
#3216=VERTEX_POINT('',#10867);
#3217=VERTEX_POINT('',#10871);
#3218=VERTEX_POINT('',#10875);
#3219=VERTEX_POINT('',#10879);
#3220=VERTEX_POINT('',#10887);
#3221=VERTEX_POINT('',#10891);
#3222=VERTEX_POINT('',#10895);
#3223=VERTEX_POINT('',#10899);
#3224=VERTEX_POINT('',#10901);
#3225=VERTEX_POINT('',#10903);
#3226=VERTEX_POINT('',#10905);
#3227=VERTEX_POINT('',#10907);
#3228=VERTEX_POINT('',#10909);
#3229=VERTEX_POINT('',#10911);
#3230=VERTEX_POINT('',#10913);
#3231=VERTEX_POINT('',#10915);
#3232=VERTEX_POINT('',#10917);
#3233=VERTEX_POINT('',#10919);
#3234=VERTEX_POINT('',#10921);
#3235=VERTEX_POINT('',#10923);
#3236=VERTEX_POINT('',#10925);
#3237=VERTEX_POINT('',#10927);
#3238=VERTEX_POINT('',#10929);
#3239=VERTEX_POINT('',#10931);
#3240=VERTEX_POINT('',#10933);
#3241=VERTEX_POINT('',#10935);
#3242=VERTEX_POINT('',#10939);
#3243=VERTEX_POINT('',#10943);
#3244=VERTEX_POINT('',#10947);
#3245=VERTEX_POINT('',#10951);
#3246=VERTEX_POINT('',#10953);
#3247=VERTEX_POINT('',#10955);
#3248=VERTEX_POINT('',#10957);
#3249=VERTEX_POINT('',#10959);
#3250=VERTEX_POINT('',#10961);
#3251=VERTEX_POINT('',#10963);
#3252=VERTEX_POINT('',#10965);
#3253=VERTEX_POINT('',#10967);
#3254=VERTEX_POINT('',#10969);
#3255=VERTEX_POINT('',#10971);
#3256=VERTEX_POINT('',#10973);
#3257=VERTEX_POINT('',#10975);
#3258=VERTEX_POINT('',#10977);
#3259=VERTEX_POINT('',#10979);
#3260=VERTEX_POINT('',#10981);
#3261=VERTEX_POINT('',#10983);
#3262=VERTEX_POINT('',#10985);
#3263=VERTEX_POINT('',#10987);
#3264=VERTEX_POINT('',#10991);
#3265=VERTEX_POINT('',#10995);
#3266=VERTEX_POINT('',#11001);
#3267=VERTEX_POINT('',#11005);
#3268=VERTEX_POINT('',#11009);
#3269=VERTEX_POINT('',#11013);
#3270=VERTEX_POINT('',#11017);
#3271=VERTEX_POINT('',#11021);
#3272=VERTEX_POINT('',#11023);
#3273=VERTEX_POINT('',#11027);
#3274=VERTEX_POINT('',#11028);
#3275=VERTEX_POINT('',#11034);
#3276=VERTEX_POINT('',#11038);
#3277=VERTEX_POINT('',#11042);
#3278=VERTEX_POINT('',#11046);
#3279=VERTEX_POINT('',#11050);
#3280=VERTEX_POINT('',#11056);
#3281=VERTEX_POINT('',#11060);
#3282=VERTEX_POINT('',#11066);
#3283=VERTEX_POINT('',#11067);
#3284=VERTEX_POINT('',#11069);
#3285=VERTEX_POINT('',#11071);
#3286=VERTEX_POINT('',#11075);
#3287=VERTEX_POINT('',#11080);
#3288=VERTEX_POINT('',#11087);
#3289=VERTEX_POINT('',#11091);
#3290=VERTEX_POINT('',#11095);
#3291=VERTEX_POINT('',#11096);
#3292=VERTEX_POINT('',#11098);
#3293=VERTEX_POINT('',#11100);
#3294=VERTEX_POINT('',#11103);
#3295=VERTEX_POINT('',#11104);
#3296=VERTEX_POINT('',#11106);
#3297=VERTEX_POINT('',#11108);
#3298=VERTEX_POINT('',#11110);
#3299=VERTEX_POINT('',#11112);
#3300=VERTEX_POINT('',#11115);
#3301=VERTEX_POINT('',#11116);
#3302=VERTEX_POINT('',#11118);
#3303=VERTEX_POINT('',#11120);
#3304=VERTEX_POINT('',#11122);
#3305=VERTEX_POINT('',#11124);
#3306=VERTEX_POINT('',#11127);
#3307=VERTEX_POINT('',#11130);
#3308=VERTEX_POINT('',#11132);
#3309=VERTEX_POINT('',#11136);
#3310=VERTEX_POINT('',#11140);
#3311=VERTEX_POINT('',#11146);
#3312=VERTEX_POINT('',#11148);
#3313=VERTEX_POINT('',#11152);
#3314=VERTEX_POINT('',#11166);
#3315=VERTEX_POINT('',#11187);
#3316=VERTEX_POINT('',#11189);
#3317=VERTEX_POINT('',#11192);
#3318=VERTEX_POINT('',#11194);
#3319=VERTEX_POINT('',#11200);
#3320=VERTEX_POINT('',#11202);
#3321=VERTEX_POINT('',#11205);
#3322=VERTEX_POINT('',#11207);
#3323=VERTEX_POINT('',#11221);
#3324=VERTEX_POINT('',#11223);
#3325=VERTEX_POINT('',#11226);
#3326=VERTEX_POINT('',#11228);
#3327=VERTEX_POINT('',#11231);
#3328=VERTEX_POINT('',#11233);
#3329=VERTEX_POINT('',#11236);
#3330=VERTEX_POINT('',#11238);
#3331=VERTEX_POINT('',#11241);
#3332=VERTEX_POINT('',#11243);
#3333=VERTEX_POINT('',#11246);
#3334=VERTEX_POINT('',#11248);
#3335=VERTEX_POINT('',#11265);
#3336=VERTEX_POINT('',#11273);
#3337=VERTEX_POINT('',#11277);
#3338=VERTEX_POINT('',#11279);
#3339=VERTEX_POINT('',#11283);
#3340=VERTEX_POINT('',#11287);
#3341=VERTEX_POINT('',#11291);
#3342=VERTEX_POINT('',#11295);
#3343=VERTEX_POINT('',#11301);
#3344=VERTEX_POINT('',#11304);
#3345=VERTEX_POINT('',#11306);
#3346=VERTEX_POINT('',#11310);
#3347=VERTEX_POINT('',#11314);
#3348=VERTEX_POINT('',#11318);
#3349=VERTEX_POINT('',#11322);
#3350=VERTEX_POINT('',#11328);
#3351=VERTEX_POINT('',#11331);
#3352=VERTEX_POINT('',#11336);
#3353=VERTEX_POINT('',#11345);
#3354=VERTEX_POINT('',#11349);
#3355=VERTEX_POINT('',#11352);
#3356=VERTEX_POINT('',#11356);
#3357=EDGE_CURVE('',#2771,#2771,#2532,.T.);
#3358=EDGE_CURVE('',#2772,#2772,#2533,.T.);
#3359=EDGE_CURVE('',#2772,#2773,#2534,.T.);
#3360=EDGE_CURVE('',#2773,#2773,#2535,.T.);
#3361=EDGE_CURVE('',#2774,#2775,#359,.T.);
#3362=EDGE_CURVE('',#2776,#2774,#360,.T.);
#3363=EDGE_CURVE('',#2777,#2776,#361,.T.);
#3364=EDGE_CURVE('',#2778,#2777,#362,.T.);
#3365=EDGE_CURVE('',#2779,#2778,#363,.T.);
#3366=EDGE_CURVE('',#2775,#2779,#364,.T.);
#3367=EDGE_CURVE('',#2780,#2780,#2536,.T.);
#3368=EDGE_CURVE('',#2780,#2772,#365,.T.);
#3369=EDGE_CURVE('',#2781,#2782,#366,.T.);
#3370=EDGE_CURVE('',#2783,#2782,#367,.T.);
#3371=EDGE_CURVE('',#2783,#2781,#368,.T.);
#3372=EDGE_CURVE('',#2784,#2782,#369,.T.);
#3373=EDGE_CURVE('',#2784,#2783,#370,.T.);
#3374=EDGE_CURVE('',#2785,#2782,#371,.T.);
#3375=EDGE_CURVE('',#2785,#2784,#372,.T.);
#3376=EDGE_CURVE('',#2786,#2782,#373,.T.);
#3377=EDGE_CURVE('',#2786,#2785,#374,.T.);
#3378=EDGE_CURVE('',#2787,#2782,#375,.T.);
#3379=EDGE_CURVE('',#2787,#2786,#376,.T.);
#3380=EDGE_CURVE('',#2781,#2787,#377,.T.);
#3381=EDGE_CURVE('',#2775,#2781,#378,.T.);
#3382=EDGE_CURVE('',#2774,#2783,#379,.T.);
#3383=EDGE_CURVE('',#2776,#2784,#380,.T.);
#3384=EDGE_CURVE('',#2777,#2785,#381,.T.);
#3385=EDGE_CURVE('',#2778,#2786,#382,.T.);
#3386=EDGE_CURVE('',#2779,#2787,#383,.T.);
#3387=EDGE_CURVE('',#2771,#2788,#384,.T.);
#3388=EDGE_CURVE('',#2788,#2788,#2537,.F.);
#3389=EDGE_CURVE('',#2789,#2790,#385,.T.);
#3390=EDGE_CURVE('',#2789,#2791,#386,.T.);
#3391=EDGE_CURVE('',#2791,#2792,#387,.T.);
#3392=EDGE_CURVE('',#2790,#2792,#388,.T.);
#3393=EDGE_CURVE('',#2793,#2789,#389,.T.);
#3394=EDGE_CURVE('',#2793,#2794,#390,.T.);
#3395=EDGE_CURVE('',#2794,#2791,#391,.T.);
#3396=EDGE_CURVE('',#2795,#2793,#392,.T.);
#3397=EDGE_CURVE('',#2795,#2796,#393,.T.);
#3398=EDGE_CURVE('',#2796,#2794,#394,.T.);
#3399=EDGE_CURVE('',#2797,#2795,#395,.T.);
#3400=EDGE_CURVE('',#2797,#2798,#396,.T.);
#3401=EDGE_CURVE('',#2798,#2796,#397,.T.);
#3402=EDGE_CURVE('',#2799,#2797,#398,.T.);
#3403=EDGE_CURVE('',#2799,#2800,#399,.T.);
#3404=EDGE_CURVE('',#2800,#2798,#400,.T.);
#3405=EDGE_CURVE('',#2790,#2799,#401,.T.);
#3406=EDGE_CURVE('',#2792,#2800,#402,.T.);
#3407=EDGE_CURVE('',#2801,#2801,#2538,.T.);
#3408=EDGE_CURVE('',#2802,#2803,#403,.T.);
#3409=EDGE_CURVE('',#2802,#2804,#404,.T.);
#3410=EDGE_CURVE('',#2804,#2805,#405,.T.);
#3411=EDGE_CURVE('',#2803,#2805,#406,.T.);
#3412=EDGE_CURVE('',#2806,#2802,#407,.T.);
#3413=EDGE_CURVE('',#2806,#2807,#408,.T.);
#3414=EDGE_CURVE('',#2807,#2804,#409,.T.);
#3415=EDGE_CURVE('',#2808,#2806,#410,.T.);
#3416=EDGE_CURVE('',#2808,#2809,#411,.T.);
#3417=EDGE_CURVE('',#2809,#2807,#412,.T.);
#3418=EDGE_CURVE('',#2810,#2808,#413,.T.);
#3419=EDGE_CURVE('',#2810,#2811,#414,.T.);
#3420=EDGE_CURVE('',#2811,#2809,#415,.T.);
#3421=EDGE_CURVE('',#2812,#2810,#416,.T.);
#3422=EDGE_CURVE('',#2812,#2813,#417,.T.);
#3423=EDGE_CURVE('',#2813,#2811,#418,.T.);
#3424=EDGE_CURVE('',#2803,#2812,#419,.T.);
#3425=EDGE_CURVE('',#2805,#2813,#420,.T.);
#3426=EDGE_CURVE('',#2814,#2814,#2539,.T.);
#3427=EDGE_CURVE('',#2815,#2816,#421,.T.);
#3428=EDGE_CURVE('',#2815,#2817,#422,.T.);
#3429=EDGE_CURVE('',#2817,#2818,#423,.T.);
#3430=EDGE_CURVE('',#2816,#2818,#424,.T.);
#3431=EDGE_CURVE('',#2819,#2815,#425,.T.);
#3432=EDGE_CURVE('',#2819,#2820,#426,.T.);
#3433=EDGE_CURVE('',#2820,#2817,#427,.T.);
#3434=EDGE_CURVE('',#2821,#2819,#428,.T.);
#3435=EDGE_CURVE('',#2821,#2822,#429,.T.);
#3436=EDGE_CURVE('',#2822,#2820,#430,.T.);
#3437=EDGE_CURVE('',#2823,#2821,#431,.T.);
#3438=EDGE_CURVE('',#2823,#2824,#432,.T.);
#3439=EDGE_CURVE('',#2824,#2822,#433,.T.);
#3440=EDGE_CURVE('',#2825,#2823,#434,.T.);
#3441=EDGE_CURVE('',#2825,#2826,#435,.T.);
#3442=EDGE_CURVE('',#2826,#2824,#436,.T.);
#3443=EDGE_CURVE('',#2816,#2825,#437,.T.);
#3444=EDGE_CURVE('',#2818,#2826,#438,.T.);
#3445=EDGE_CURVE('',#2827,#2827,#2540,.T.);
#3446=EDGE_CURVE('',#2828,#2828,#2541,.T.);
#3447=EDGE_CURVE('',#2828,#2829,#439,.T.);
#3448=EDGE_CURVE('',#2829,#2829,#2542,.T.);
#3449=EDGE_CURVE('',#2830,#2830,#2543,.T.);
#3450=EDGE_CURVE('',#2831,#2831,#2544,.T.);
#3451=EDGE_CURVE('',#2831,#2832,#440,.T.);
#3452=EDGE_CURVE('',#2832,#2832,#2545,.T.);
#3453=EDGE_CURVE('',#2833,#2833,#2546,.T.);
#3454=EDGE_CURVE('',#2834,#2834,#2547,.T.);
#3455=EDGE_CURVE('',#2834,#2835,#441,.T.);
#3456=EDGE_CURVE('',#2835,#2835,#2548,.T.);
#3457=EDGE_CURVE('',#2836,#2836,#2549,.T.);
#3458=EDGE_CURVE('',#2837,#2837,#2550,.T.);
#3459=EDGE_CURVE('',#2838,#2838,#2551,.T.);
#3460=EDGE_CURVE('',#2837,#2839,#442,.T.);
#3461=EDGE_CURVE('',#2840,#2839,#2552,.T.);
#3462=EDGE_CURVE('',#2841,#2840,#443,.T.);
#3463=EDGE_CURVE('',#2842,#2841,#73,.T.);
#3464=EDGE_CURVE('',#2843,#2842,#444,.T.);
#3465=EDGE_CURVE('',#2844,#2843,#65,.T.);
#3466=EDGE_CURVE('',#2845,#2844,#66,.T.);
#3467=EDGE_CURVE('',#2846,#2845,#445,.T.);
#3468=EDGE_CURVE('',#2839,#2846,#2553,.T.);
#3469=EDGE_CURVE('',#2847,#2847,#2554,.T.);
#3470=EDGE_CURVE('',#2848,#2848,#2555,.T.);
#3471=EDGE_CURVE('',#2847,#2849,#446,.T.);
#3472=EDGE_CURVE('',#2850,#2849,#2556,.T.);
#3473=EDGE_CURVE('',#2851,#2850,#447,.T.);
#3474=EDGE_CURVE('',#2852,#2851,#74,.T.);
#3475=EDGE_CURVE('',#2853,#2852,#75,.T.);
#3476=EDGE_CURVE('',#2854,#2853,#448,.T.);
#3477=EDGE_CURVE('',#2855,#2854,#67,.T.);
#3478=EDGE_CURVE('',#2856,#2855,#68,.T.);
#3479=EDGE_CURVE('',#2857,#2856,#449,.T.);
#3480=EDGE_CURVE('',#2849,#2857,#2557,.T.);
#3481=EDGE_CURVE('',#2858,#2858,#2558,.T.);
#3482=EDGE_CURVE('',#2859,#2859,#2559,.T.);
#3483=EDGE_CURVE('',#2858,#2860,#450,.T.);
#3484=EDGE_CURVE('',#2861,#2860,#2560,.T.);
#3485=EDGE_CURVE('',#2862,#2861,#451,.T.);
#3486=EDGE_CURVE('',#2863,#2862,#69,.T.);
#3487=EDGE_CURVE('',#2864,#2863,#70,.T.);
#3488=EDGE_CURVE('',#2865,#2864,#452,.T.);
#3489=EDGE_CURVE('',#2866,#2865,#76,.T.);
#3490=EDGE_CURVE('',#2867,#2866,#453,.T.);
#3491=EDGE_CURVE('',#2860,#2867,#2561,.T.);
#3492=EDGE_CURVE('',#2868,#2868,#2562,.T.);
#3493=EDGE_CURVE('',#2869,#2869,#2563,.T.);
#3494=EDGE_CURVE('',#2868,#2870,#454,.T.);
#3495=EDGE_CURVE('',#2871,#2870,#2564,.T.);
#3496=EDGE_CURVE('',#2872,#2871,#455,.T.);
#3497=EDGE_CURVE('',#2873,#2872,#71,.T.);
#3498=EDGE_CURVE('',#2874,#2873,#72,.T.);
#3499=EDGE_CURVE('',#2875,#2874,#456,.T.);
#3500=EDGE_CURVE('',#2876,#2875,#77,.T.);
#3501=EDGE_CURVE('',#2877,#2876,#78,.T.);
#3502=EDGE_CURVE('',#2878,#2877,#457,.T.);
#3503=EDGE_CURVE('',#2870,#2878,#2565,.T.);
#3504=EDGE_CURVE('',#2843,#2879,#458,.T.);
#3505=EDGE_CURVE('',#2879,#2880,#459,.T.);
#3506=EDGE_CURVE('',#2880,#2881,#460,.T.);
#3507=EDGE_CURVE('',#2881,#2844,#461,.T.);
#3508=EDGE_CURVE('',#2833,#2882,#462,.T.);
#3509=EDGE_CURVE('',#2842,#2882,#2566,.T.);
#3510=EDGE_CURVE('',#2882,#2841,#2567,.T.);
#3511=EDGE_CURVE('',#2883,#2855,#463,.T.);
#3512=EDGE_CURVE('',#2883,#2884,#464,.T.);
#3513=EDGE_CURVE('',#2885,#2884,#465,.T.);
#3514=EDGE_CURVE('',#2856,#2885,#466,.T.);
#3515=EDGE_CURVE('',#2854,#2886,#467,.T.);
#3516=EDGE_CURVE('',#2886,#2887,#468,.T.);
#3517=EDGE_CURVE('',#2887,#2883,#469,.T.);
#3518=EDGE_CURVE('',#2888,#2864,#470,.T.);
#3519=EDGE_CURVE('',#2889,#2888,#471,.T.);
#3520=EDGE_CURVE('',#2890,#2889,#472,.T.);
#3521=EDGE_CURVE('',#2867,#2890,#473,.T.);
#3522=EDGE_CURVE('',#2866,#2891,#2568,.T.);
#3523=EDGE_CURVE('',#2891,#2865,#2569,.T.);
#3524=EDGE_CURVE('',#2892,#2892,#2570,.T.);
#3525=EDGE_CURVE('',#2893,#2893,#2571,.T.);
#3526=EDGE_CURVE('',#2894,#2850,#474,.T.);
#3527=EDGE_CURVE('',#2894,#2895,#475,.T.);
#3528=EDGE_CURVE('',#2895,#2886,#476,.T.);
#3529=EDGE_CURVE('',#2853,#2851,#2572,.T.);
#3530=EDGE_CURVE('',#2896,#2896,#2573,.T.);
#3531=EDGE_CURVE('',#2897,#2897,#2574,.T.);
#3532=EDGE_CURVE('',#2873,#2898,#477,.T.);
#3533=EDGE_CURVE('',#2898,#2899,#478,.T.);
#3534=EDGE_CURVE('',#2899,#2900,#479,.T.);
#3535=EDGE_CURVE('',#2900,#2874,#480,.T.);
#3536=EDGE_CURVE('',#2872,#2901,#481,.T.);
#3537=EDGE_CURVE('',#2901,#2902,#482,.T.);
#3538=EDGE_CURVE('',#2898,#2902,#483,.T.);
#3539=EDGE_CURVE('',#2903,#2900,#484,.T.);
#3540=EDGE_CURVE('',#2904,#2903,#485,.T.);
#3541=EDGE_CURVE('',#2904,#2878,#486,.T.);
#3542=EDGE_CURVE('',#2877,#2875,#2575,.T.);
#3543=EDGE_CURVE('',#2905,#2905,#2576,.T.);
#3544=EDGE_CURVE('',#2906,#2906,#2577,.T.);
#3545=EDGE_CURVE('',#2840,#2907,#487,.T.);
#3546=EDGE_CURVE('',#2907,#2908,#488,.T.);
#3547=EDGE_CURVE('',#2908,#2879,#489,.T.);
#3548=EDGE_CURVE('',#2909,#2909,#2578,.T.);
#3549=EDGE_CURVE('',#2910,#2910,#2579,.T.);
#3550=EDGE_CURVE('',#2911,#2911,#2580,.T.);
#3551=EDGE_CURVE('',#2911,#2838,#490,.T.);
#3552=EDGE_CURVE('',#2912,#2912,#2581,.T.);
#3553=EDGE_CURVE('',#2912,#2848,#491,.T.);
#3554=EDGE_CURVE('',#2913,#2913,#2582,.T.);
#3555=EDGE_CURVE('',#2913,#2859,#492,.T.);
#3556=EDGE_CURVE('',#2914,#2914,#2583,.T.);
#3557=EDGE_CURVE('',#2914,#2869,#493,.T.);
#3558=EDGE_CURVE('',#2915,#2915,#2584,.T.);
#3559=EDGE_CURVE('',#2915,#2906,#494,.T.);
#3560=EDGE_CURVE('',#2916,#2916,#2585,.T.);
#3561=EDGE_CURVE('',#2916,#2917,#495,.T.);
#3562=EDGE_CURVE('',#2917,#2917,#2586,.T.);
#3563=EDGE_CURVE('',#2918,#2919,#496,.T.);
#3564=EDGE_CURVE('',#2918,#2899,#497,.T.);
#3565=EDGE_CURVE('',#2902,#2920,#2587,.T.);
#3566=EDGE_CURVE('',#2920,#2881,#498,.T.);
#3567=EDGE_CURVE('',#2880,#2921,#499,.T.);
#3568=EDGE_CURVE('',#2921,#2922,#500,.T.);
#3569=EDGE_CURVE('',#2919,#2922,#501,.T.);
#3570=EDGE_CURVE('',#2923,#2923,#2588,.T.);
#3571=EDGE_CURVE('',#2924,#2924,#2589,.T.);
#3572=EDGE_CURVE('',#2925,#2925,#2590,.T.);
#3573=EDGE_CURVE('',#2926,#2926,#2591,.T.);
#3574=EDGE_CURVE('',#2927,#2927,#2592,.T.);
#3575=EDGE_CURVE('',#2845,#2928,#502,.T.);
#3576=EDGE_CURVE('',#2901,#2928,#2593,.T.);
#3577=EDGE_CURVE('',#2871,#2846,#503,.T.);
#3578=EDGE_CURVE('',#2929,#2929,#2594,.T.);
#3579=EDGE_CURVE('',#2930,#2930,#2595,.T.);
#3580=EDGE_CURVE('',#2931,#2931,#2596,.T.);
#3581=EDGE_CURVE('',#2932,#2932,#2597,.T.);
#3582=EDGE_CURVE('',#2932,#2929,#504,.T.);
#3583=EDGE_CURVE('',#2927,#2933,#505,.T.);
#3584=EDGE_CURVE('',#2933,#2933,#2598,.T.);
#3585=EDGE_CURVE('',#2934,#2934,#2599,.T.);
#3586=EDGE_CURVE('',#2934,#2905,#506,.T.);
#3587=EDGE_CURVE('',#2923,#2935,#507,.T.);
#3588=EDGE_CURVE('',#2935,#2935,#2600,.T.);
#3589=EDGE_CURVE('',#2936,#2936,#2601,.T.);
#3590=EDGE_CURVE('',#2936,#2910,#508,.T.);
#3591=EDGE_CURVE('',#2926,#2937,#509,.T.);
#3592=EDGE_CURVE('',#2937,#2937,#2602,.T.);
#3593=EDGE_CURVE('',#2938,#2938,#2603,.T.);
#3594=EDGE_CURVE('',#2938,#2931,#510,.T.);
#3595=EDGE_CURVE('',#2924,#2939,#511,.T.);
#3596=EDGE_CURVE('',#2939,#2939,#2604,.T.);
#3597=EDGE_CURVE('',#2940,#2940,#2605,.T.);
#3598=EDGE_CURVE('',#2940,#2909,#512,.T.);
#3599=EDGE_CURVE('',#2925,#2941,#513,.T.);
#3600=EDGE_CURVE('',#2941,#2941,#2606,.T.);
#3601=EDGE_CURVE('',#2942,#2942,#2607,.T.);
#3602=EDGE_CURVE('',#2942,#2892,#514,.T.);
#3603=EDGE_CURVE('',#2943,#2943,#2608,.T.);
#3604=EDGE_CURVE('',#2943,#2944,#515,.T.);
#3605=EDGE_CURVE('',#2944,#2944,#2609,.T.);
#3606=EDGE_CURVE('',#2945,#2945,#2610,.T.);
#3607=EDGE_CURVE('',#2945,#2897,#516,.T.);
#3608=EDGE_CURVE('',#2946,#2946,#2611,.T.);
#3609=EDGE_CURVE('',#2946,#2893,#517,.T.);
#3610=EDGE_CURVE('',#2947,#2947,#2612,.T.);
#3611=EDGE_CURVE('',#2947,#2948,#518,.T.);
#3612=EDGE_CURVE('',#2948,#2948,#2613,.T.);
#3613=EDGE_CURVE('',#2949,#2949,#2614,.T.);
#3614=EDGE_CURVE('',#2949,#2896,#519,.T.);
#3615=EDGE_CURVE('',#2950,#2950,#2615,.T.);
#3616=EDGE_CURVE('',#2950,#2951,#520,.T.);
#3617=EDGE_CURVE('',#2951,#2951,#2616,.T.);
#3618=EDGE_CURVE('',#2952,#2952,#2617,.T.);
#3619=EDGE_CURVE('',#2952,#2953,#521,.T.);
#3620=EDGE_CURVE('',#2953,#2953,#2618,.T.);
#3621=EDGE_CURVE('',#2954,#2954,#2619,.T.);
#3622=EDGE_CURVE('',#2954,#2955,#522,.T.);
#3623=EDGE_CURVE('',#2955,#2955,#2620,.T.);
#3624=EDGE_CURVE('',#2956,#2956,#2621,.T.);
#3625=EDGE_CURVE('',#2956,#2957,#523,.T.);
#3626=EDGE_CURVE('',#2957,#2957,#2622,.T.);
#3627=EDGE_CURVE('',#2958,#2958,#2623,.T.);
#3628=EDGE_CURVE('',#2958,#2959,#524,.T.);
#3629=EDGE_CURVE('',#2959,#2959,#2624,.T.);
#3630=EDGE_CURVE('',#2960,#2960,#2625,.T.);
#3631=EDGE_CURVE('',#2960,#2961,#525,.T.);
#3632=EDGE_CURVE('',#2961,#2961,#2626,.T.);
#3633=EDGE_CURVE('',#2895,#2962,#526,.T.);
#3634=EDGE_CURVE('',#2962,#2887,#527,.T.);
#3635=EDGE_CURVE('',#2863,#2963,#528,.T.);
#3636=EDGE_CURVE('',#2963,#2964,#529,.T.);
#3637=EDGE_CURVE('',#2964,#2888,#530,.T.);
#3638=EDGE_CURVE('',#2862,#2965,#531,.T.);
#3639=EDGE_CURVE('',#2965,#2966,#532,.T.);
#3640=EDGE_CURVE('',#2966,#2963,#533,.T.);
#3641=EDGE_CURVE('',#2908,#2921,#534,.T.);
#3642=EDGE_CURVE('',#2891,#2827,#535,.T.);
#3643=EDGE_CURVE('',#2836,#2876,#536,.T.);
#3644=EDGE_CURVE('',#2852,#2814,#537,.T.);
#3645=EDGE_CURVE('',#2801,#2967,#538,.T.);
#3646=EDGE_CURVE('',#2967,#2967,#2627,.T.);
#3647=EDGE_CURVE('',#2964,#2968,#539,.T.);
#3648=EDGE_CURVE('',#2889,#2968,#540,.T.);
#3649=EDGE_CURVE('',#2885,#2965,#2628,.T.);
#3650=EDGE_CURVE('',#2884,#2966,#2629,.T.);
#3651=EDGE_CURVE('',#2857,#2861,#541,.T.);
#3652=EDGE_CURVE('',#2904,#2894,#542,.T.);
#3653=EDGE_CURVE('',#2890,#2907,#543,.T.);
#3654=EDGE_CURVE('',#2962,#2969,#544,.T.);
#3655=EDGE_CURVE('',#2970,#2969,#545,.T.);
#3656=EDGE_CURVE('',#2968,#2970,#546,.T.);
#3657=EDGE_CURVE('',#2969,#2919,#547,.T.);
#3658=EDGE_CURVE('',#2922,#2970,#548,.T.);
#3659=EDGE_CURVE('',#2830,#2930,#549,.T.);
#3660=EDGE_CURVE('',#2928,#2920,#550,.T.);
#3661=EDGE_CURVE('',#2903,#2918,#551,.T.);
#3662=EDGE_CURVE('',#2971,#2971,#2630,.T.);
#3663=EDGE_CURVE('',#2971,#2972,#552,.T.);
#3664=EDGE_CURVE('',#2972,#2972,#2631,.T.);
#3665=EDGE_CURVE('',#2973,#2973,#2632,.T.);
#3666=EDGE_CURVE('',#2974,#2974,#2633,.T.);
#3667=EDGE_CURVE('',#2974,#2973,#553,.T.);
#3668=EDGE_CURVE('',#2975,#2975,#2634,.T.);
#3669=EDGE_CURVE('',#2976,#2976,#2635,.T.);
#3670=EDGE_CURVE('',#2977,#2977,#2636,.T.);
#3671=EDGE_CURVE('',#2977,#2976,#554,.T.);
#3672=EDGE_CURVE('',#2978,#2979,#2637,.T.);
#3673=EDGE_CURVE('',#2978,#2977,#555,.T.);
#3674=EDGE_CURVE('',#2979,#2978,#2638,.T.);
#3675=EDGE_CURVE('',#2975,#2979,#2639,.T.);
#3676=EDGE_CURVE('',#2980,#2981,#556,.T.);
#3677=EDGE_CURVE('',#2981,#2982,#557,.T.);
#3678=EDGE_CURVE('',#2982,#2983,#558,.T.);
#3679=EDGE_CURVE('',#2983,#2980,#559,.T.);
#3680=EDGE_CURVE('',#2981,#2984,#560,.T.);
#3681=EDGE_CURVE('',#2985,#2984,#561,.T.);
#3682=EDGE_CURVE('',#2982,#2985,#562,.T.);
#3683=EDGE_CURVE('',#2986,#2987,#563,.T.);
#3684=EDGE_CURVE('',#2987,#2988,#564,.T.);
#3685=EDGE_CURVE('',#2988,#2989,#565,.T.);
#3686=EDGE_CURVE('',#2989,#2986,#566,.T.);
#3687=EDGE_CURVE('',#2987,#2990,#567,.T.);
#3688=EDGE_CURVE('',#2991,#2990,#568,.T.);
#3689=EDGE_CURVE('',#2988,#2991,#569,.T.);
#3690=EDGE_CURVE('',#2992,#2993,#570,.T.);
#3691=EDGE_CURVE('',#2993,#2994,#571,.T.);
#3692=EDGE_CURVE('',#2994,#2995,#572,.T.);
#3693=EDGE_CURVE('',#2995,#2992,#573,.T.);
#3694=EDGE_CURVE('',#2996,#2994,#574,.T.);
#3695=EDGE_CURVE('',#2984,#2996,#575,.T.);
#3696=EDGE_CURVE('',#2980,#2997,#576,.T.);
#3697=EDGE_CURVE('',#2998,#2997,#577,.T.);
#3698=EDGE_CURVE('',#2995,#2998,#578,.T.);
#3699=EDGE_CURVE('',#2999,#2999,#2640,.T.);
#3700=EDGE_CURVE('',#3000,#3000,#2641,.T.);
#3701=EDGE_CURVE('',#3001,#2993,#579,.T.);
#3702=EDGE_CURVE('',#2996,#3001,#580,.T.);
#3703=EDGE_CURVE('',#3002,#3003,#581,.T.);
#3704=EDGE_CURVE('',#3003,#3004,#582,.T.);
#3705=EDGE_CURVE('',#3004,#3005,#583,.T.);
#3706=EDGE_CURVE('',#3005,#3002,#584,.T.);
#3707=EDGE_CURVE('',#3004,#3006,#585,.T.);
#3708=EDGE_CURVE('',#2990,#3006,#586,.T.);
#3709=EDGE_CURVE('',#2986,#3007,#587,.T.);
#3710=EDGE_CURVE('',#3008,#3007,#588,.T.);
#3711=EDGE_CURVE('',#3008,#3005,#589,.T.);
#3712=EDGE_CURVE('',#3009,#3009,#2642,.T.);
#3713=EDGE_CURVE('',#3010,#3010,#2643,.T.);
#3714=EDGE_CURVE('',#3011,#3003,#590,.T.);
#3715=EDGE_CURVE('',#3006,#3011,#591,.T.);
#3716=EDGE_CURVE('',#3012,#3012,#2644,.T.);
#3717=EDGE_CURVE('',#3012,#3013,#592,.T.);
#3718=EDGE_CURVE('',#3013,#3013,#2645,.T.);
#3719=EDGE_CURVE('',#3014,#3014,#2646,.T.);
#3720=EDGE_CURVE('',#3015,#3015,#2647,.T.);
#3721=EDGE_CURVE('',#3015,#3016,#593,.T.);
#3722=EDGE_CURVE('',#3016,#3016,#2648,.T.);
#3723=EDGE_CURVE('',#3017,#3017,#2649,.T.);
#3724=EDGE_CURVE('',#3014,#2999,#594,.T.);
#3725=EDGE_CURVE('',#3017,#3000,#595,.T.);
#3726=EDGE_CURVE('',#3018,#2983,#596,.T.);
#3727=EDGE_CURVE('',#2997,#3018,#597,.T.);
#3728=EDGE_CURVE('',#3019,#2998,#598,.T.);
#3729=EDGE_CURVE('',#2992,#3019,#599,.T.);
#3730=EDGE_CURVE('',#3018,#3019,#600,.T.);
#3731=EDGE_CURVE('',#3001,#2985,#601,.T.);
#3732=EDGE_CURVE('',#3020,#3020,#2650,.T.);
#3733=EDGE_CURVE('',#3020,#3009,#602,.T.);
#3734=EDGE_CURVE('',#3021,#3021,#2651,.T.);
#3735=EDGE_CURVE('',#3021,#3010,#603,.T.);
#3736=EDGE_CURVE('',#3022,#3008,#604,.T.);
#3737=EDGE_CURVE('',#3002,#3022,#605,.T.);
#3738=EDGE_CURVE('',#3023,#2989,#606,.T.);
#3739=EDGE_CURVE('',#3007,#3023,#607,.T.);
#3740=EDGE_CURVE('',#3023,#3022,#608,.T.);
#3741=EDGE_CURVE('',#3011,#2991,#609,.T.);
#3742=EDGE_CURVE('',#3024,#3025,#610,.T.);
#3743=EDGE_CURVE('',#3025,#3026,#611,.T.);
#3744=EDGE_CURVE('',#3026,#3027,#612,.T.);
#3745=EDGE_CURVE('',#3027,#3028,#613,.T.);
#3746=EDGE_CURVE('',#3028,#3029,#614,.T.);
#3747=EDGE_CURVE('',#3029,#3030,#615,.T.);
#3748=EDGE_CURVE('',#3030,#3031,#616,.T.);
#3749=EDGE_CURVE('',#3031,#3032,#617,.T.);
#3750=EDGE_CURVE('',#3032,#3033,#618,.T.);
#3751=EDGE_CURVE('',#3033,#3024,#619,.T.);
#3752=EDGE_CURVE('',#3034,#3034,#2652,.T.);
#3753=EDGE_CURVE('',#3035,#3035,#2653,.T.);
#3754=EDGE_CURVE('',#3036,#3036,#2654,.T.);
#3755=EDGE_CURVE('',#3037,#3038,#620,.T.);
#3756=EDGE_CURVE('',#3037,#3033,#621,.T.);
#3757=EDGE_CURVE('',#3038,#3032,#622,.T.);
#3758=EDGE_CURVE('',#3039,#3037,#623,.T.);
#3759=EDGE_CURVE('',#3039,#3024,#624,.T.);
#3760=EDGE_CURVE('',#3040,#3039,#625,.T.);
#3761=EDGE_CURVE('',#3025,#3040,#626,.T.);
#3762=EDGE_CURVE('',#3041,#3040,#627,.T.);
#3763=EDGE_CURVE('',#3041,#3026,#628,.T.);
#3764=EDGE_CURVE('',#3042,#3041,#629,.T.);
#3765=EDGE_CURVE('',#3042,#3027,#630,.T.);
#3766=EDGE_CURVE('',#3043,#3043,#2655,.T.);
#3767=EDGE_CURVE('',#3043,#3034,#631,.T.);
#3768=EDGE_CURVE('',#3044,#3044,#2656,.T.);
#3769=EDGE_CURVE('',#3044,#3035,#632,.T.);
#3770=EDGE_CURVE('',#3045,#3045,#2657,.T.);
#3771=EDGE_CURVE('',#3045,#3036,#633,.T.);
#3772=EDGE_CURVE('',#3046,#3042,#634,.T.);
#3773=EDGE_CURVE('',#3046,#3028,#635,.T.);
#3774=EDGE_CURVE('',#3047,#3046,#636,.T.);
#3775=EDGE_CURVE('',#3047,#3029,#637,.T.);
#3776=EDGE_CURVE('',#3048,#3047,#638,.T.);
#3777=EDGE_CURVE('',#3048,#3030,#639,.T.);
#3778=EDGE_CURVE('',#3049,#3048,#640,.T.);
#3779=EDGE_CURVE('',#3049,#3031,#641,.T.);
#3780=EDGE_CURVE('',#3038,#3049,#642,.T.);
#3781=EDGE_CURVE('',#3050,#3051,#643,.T.);
#3782=EDGE_CURVE('',#3052,#3050,#644,.T.);
#3783=EDGE_CURVE('',#3053,#3052,#645,.T.);
#3784=EDGE_CURVE('',#3051,#3053,#646,.T.);
#3785=EDGE_CURVE('',#3053,#3054,#647,.T.);
#3786=EDGE_CURVE('',#3054,#3055,#648,.T.);
#3787=EDGE_CURVE('',#3051,#3055,#649,.T.);
#3788=EDGE_CURVE('',#3056,#3057,#650,.T.);
#3789=EDGE_CURVE('',#3058,#3056,#651,.T.);
#3790=EDGE_CURVE('',#3059,#3058,#652,.T.);
#3791=EDGE_CURVE('',#3057,#3059,#653,.T.);
#3792=EDGE_CURVE('',#3059,#3060,#654,.T.);
#3793=EDGE_CURVE('',#3060,#3061,#655,.T.);
#3794=EDGE_CURVE('',#3057,#3061,#656,.T.);
#3795=EDGE_CURVE('',#3062,#3063,#657,.T.);
#3796=EDGE_CURVE('',#3064,#3062,#658,.T.);
#3797=EDGE_CURVE('',#3065,#3064,#659,.T.);
#3798=EDGE_CURVE('',#3063,#3065,#660,.T.);
#3799=EDGE_CURVE('',#3064,#3066,#661,.T.);
#3800=EDGE_CURVE('',#3066,#3067,#662,.T.);
#3801=EDGE_CURVE('',#3050,#3067,#663,.T.);
#3802=EDGE_CURVE('',#3055,#3068,#664,.T.);
#3803=EDGE_CURVE('',#3068,#3065,#665,.T.);
#3804=EDGE_CURVE('',#3069,#3069,#2658,.T.);
#3805=EDGE_CURVE('',#3070,#3070,#2659,.T.);
#3806=EDGE_CURVE('',#3068,#3071,#666,.T.);
#3807=EDGE_CURVE('',#3071,#3063,#667,.T.);
#3808=EDGE_CURVE('',#3072,#3073,#668,.T.);
#3809=EDGE_CURVE('',#3074,#3072,#669,.T.);
#3810=EDGE_CURVE('',#3075,#3074,#670,.T.);
#3811=EDGE_CURVE('',#3073,#3075,#671,.T.);
#3812=EDGE_CURVE('',#3076,#3074,#672,.T.);
#3813=EDGE_CURVE('',#3076,#3077,#673,.T.);
#3814=EDGE_CURVE('',#3056,#3077,#674,.T.);
#3815=EDGE_CURVE('',#3061,#3078,#675,.T.);
#3816=EDGE_CURVE('',#3075,#3078,#676,.T.);
#3817=EDGE_CURVE('',#3079,#3079,#2660,.T.);
#3818=EDGE_CURVE('',#3080,#3080,#2661,.T.);
#3819=EDGE_CURVE('',#3078,#3081,#677,.T.);
#3820=EDGE_CURVE('',#3081,#3073,#678,.T.);
#3821=EDGE_CURVE('',#3082,#3082,#2662,.T.);
#3822=EDGE_CURVE('',#3082,#3083,#679,.T.);
#3823=EDGE_CURVE('',#3083,#3083,#2663,.T.);
#3824=EDGE_CURVE('',#3084,#3084,#2664,.T.);
#3825=EDGE_CURVE('',#3085,#3085,#2665,.T.);
#3826=EDGE_CURVE('',#3085,#3086,#680,.T.);
#3827=EDGE_CURVE('',#3086,#3086,#2666,.T.);
#3828=EDGE_CURVE('',#3087,#3087,#2667,.T.);
#3829=EDGE_CURVE('',#3084,#3069,#681,.T.);
#3830=EDGE_CURVE('',#3087,#3070,#682,.T.);
#3831=EDGE_CURVE('',#3067,#3088,#683,.T.);
#3832=EDGE_CURVE('',#3088,#3052,#684,.T.);
#3833=EDGE_CURVE('',#3062,#3089,#685,.T.);
#3834=EDGE_CURVE('',#3089,#3066,#686,.T.);
#3835=EDGE_CURVE('',#3071,#3054,#687,.T.);
#3836=EDGE_CURVE('',#3088,#3089,#688,.T.);
#3837=EDGE_CURVE('',#3090,#3090,#2668,.T.);
#3838=EDGE_CURVE('',#3090,#3079,#689,.T.);
#3839=EDGE_CURVE('',#3091,#3091,#2669,.T.);
#3840=EDGE_CURVE('',#3091,#3080,#690,.T.);
#3841=EDGE_CURVE('',#3072,#3092,#691,.T.);
#3842=EDGE_CURVE('',#3092,#3076,#692,.T.);
#3843=EDGE_CURVE('',#3077,#3093,#693,.T.);
#3844=EDGE_CURVE('',#3093,#3058,#694,.T.);
#3845=EDGE_CURVE('',#3081,#3060,#695,.T.);
#3846=EDGE_CURVE('',#3093,#3092,#696,.T.);
#3847=EDGE_CURVE('',#3094,#3095,#697,.T.);
#3848=EDGE_CURVE('',#3096,#3094,#698,.T.);
#3849=EDGE_CURVE('',#3097,#3096,#699,.T.);
#3850=EDGE_CURVE('',#3098,#3097,#700,.T.);
#3851=EDGE_CURVE('',#3099,#3098,#701,.T.);
#3852=EDGE_CURVE('',#3100,#3099,#702,.T.);
#3853=EDGE_CURVE('',#3101,#3100,#703,.T.);
#3854=EDGE_CURVE('',#3102,#3101,#704,.T.);
#3855=EDGE_CURVE('',#3103,#3102,#705,.T.);
#3856=EDGE_CURVE('',#3095,#3103,#706,.T.);
#3857=EDGE_CURVE('',#3104,#3104,#2670,.T.);
#3858=EDGE_CURVE('',#3105,#3105,#2671,.T.);
#3859=EDGE_CURVE('',#3106,#3106,#2672,.T.);
#3860=EDGE_CURVE('',#3107,#3108,#707,.T.);
#3861=EDGE_CURVE('',#3108,#3097,#708,.T.);
#3862=EDGE_CURVE('',#3107,#3096,#709,.T.);
#3863=EDGE_CURVE('',#3109,#3107,#710,.T.);
#3864=EDGE_CURVE('',#3109,#3094,#711,.T.);
#3865=EDGE_CURVE('',#3110,#3109,#712,.T.);
#3866=EDGE_CURVE('',#3095,#3110,#713,.T.);
#3867=EDGE_CURVE('',#3111,#3110,#714,.T.);
#3868=EDGE_CURVE('',#3111,#3103,#715,.T.);
#3869=EDGE_CURVE('',#3112,#3111,#716,.T.);
#3870=EDGE_CURVE('',#3112,#3102,#717,.T.);
#3871=EDGE_CURVE('',#3113,#3113,#2673,.T.);
#3872=EDGE_CURVE('',#3113,#3104,#718,.T.);
#3873=EDGE_CURVE('',#3114,#3114,#2674,.T.);
#3874=EDGE_CURVE('',#3114,#3105,#719,.T.);
#3875=EDGE_CURVE('',#3115,#3115,#2675,.T.);
#3876=EDGE_CURVE('',#3115,#3106,#720,.T.);
#3877=EDGE_CURVE('',#3116,#3112,#721,.T.);
#3878=EDGE_CURVE('',#3116,#3101,#722,.T.);
#3879=EDGE_CURVE('',#3117,#3116,#723,.T.);
#3880=EDGE_CURVE('',#3117,#3100,#724,.T.);
#3881=EDGE_CURVE('',#3118,#3117,#725,.T.);
#3882=EDGE_CURVE('',#3118,#3099,#726,.T.);
#3883=EDGE_CURVE('',#3119,#3118,#727,.T.);
#3884=EDGE_CURVE('',#3119,#3098,#728,.T.);
#3885=EDGE_CURVE('',#3108,#3119,#729,.T.);
#3886=EDGE_CURVE('',#3120,#3120,#2676,.T.);
#3887=EDGE_CURVE('',#3120,#3121,#730,.T.);
#3888=EDGE_CURVE('',#3121,#3121,#2677,.T.);
#3889=EDGE_CURVE('',#3122,#3122,#2678,.T.);
#3890=EDGE_CURVE('',#3122,#3123,#2679,.T.);
#3891=EDGE_CURVE('',#3123,#3123,#2680,.T.);
#3892=EDGE_CURVE('',#3124,#3125,#731,.T.);
#3893=EDGE_CURVE('',#3125,#3126,#732,.T.);
#3894=EDGE_CURVE('',#3126,#3127,#733,.T.);
#3895=EDGE_CURVE('',#3127,#3128,#734,.T.);
#3896=EDGE_CURVE('',#3128,#3129,#735,.T.);
#3897=EDGE_CURVE('',#3129,#3124,#736,.T.);
#3898=EDGE_CURVE('',#3130,#3130,#2681,.T.);
#3899=EDGE_CURVE('',#3130,#3122,#737,.T.);
#3900=EDGE_CURVE('',#3131,#3132,#738,.T.);
#3901=EDGE_CURVE('',#3133,#3131,#739,.T.);
#3902=EDGE_CURVE('',#3133,#3132,#740,.T.);
#3903=EDGE_CURVE('',#3134,#3133,#741,.T.);
#3904=EDGE_CURVE('',#3134,#3132,#742,.T.);
#3905=EDGE_CURVE('',#3135,#3134,#743,.T.);
#3906=EDGE_CURVE('',#3135,#3132,#744,.T.);
#3907=EDGE_CURVE('',#3136,#3135,#745,.T.);
#3908=EDGE_CURVE('',#3136,#3132,#746,.T.);
#3909=EDGE_CURVE('',#3137,#3136,#747,.T.);
#3910=EDGE_CURVE('',#3137,#3132,#748,.T.);
#3911=EDGE_CURVE('',#3131,#3137,#749,.T.);
#3912=EDGE_CURVE('',#3124,#3133,#750,.T.);
#3913=EDGE_CURVE('',#3125,#3131,#751,.T.);
#3914=EDGE_CURVE('',#3129,#3134,#752,.T.);
#3915=EDGE_CURVE('',#3128,#3135,#753,.T.);
#3916=EDGE_CURVE('',#3127,#3136,#754,.T.);
#3917=EDGE_CURVE('',#3126,#3137,#755,.T.);
#3918=EDGE_CURVE('',#3120,#3138,#756,.T.);
#3919=EDGE_CURVE('',#3138,#3138,#2682,.F.);
#3920=EDGE_CURVE('',#3139,#3140,#757,.T.);
#3921=EDGE_CURVE('',#3140,#3141,#758,.T.);
#3922=EDGE_CURVE('',#3141,#3142,#759,.T.);
#3923=EDGE_CURVE('',#3142,#3143,#760,.T.);
#3924=EDGE_CURVE('',#3143,#3144,#761,.T.);
#3925=EDGE_CURVE('',#3144,#3139,#762,.T.);
#3926=EDGE_CURVE('',#3144,#3145,#763,.T.);
#3927=EDGE_CURVE('',#3146,#3145,#764,.T.);
#3928=EDGE_CURVE('',#3147,#3146,#765,.T.);
#3929=EDGE_CURVE('',#3147,#3148,#766,.T.);
#3930=EDGE_CURVE('',#3148,#3139,#767,.T.);
#3931=EDGE_CURVE('',#3149,#3143,#768,.T.);
#3932=EDGE_CURVE('',#3145,#3149,#769,.T.);
#3933=EDGE_CURVE('',#3150,#3150,#2683,.T.);
#3934=EDGE_CURVE('',#3142,#3151,#770,.T.);
#3935=EDGE_CURVE('',#3151,#3152,#771,.T.);
#3936=EDGE_CURVE('',#3152,#3153,#772,.T.);
#3937=EDGE_CURVE('',#3153,#3149,#773,.T.);
#3938=EDGE_CURVE('',#3141,#3151,#774,.T.);
#3939=EDGE_CURVE('',#3154,#3140,#775,.T.);
#3940=EDGE_CURVE('',#3154,#3155,#776,.T.);
#3941=EDGE_CURVE('',#3141,#3155,#777,.T.);
#3942=EDGE_CURVE('',#3153,#3156,#778,.T.);
#3943=EDGE_CURVE('',#3156,#3157,#779,.T.);
#3944=EDGE_CURVE('',#3157,#3146,#780,.T.);
#3945=EDGE_CURVE('',#3152,#3156,#781,.T.);
#3946=EDGE_CURVE('',#3157,#3147,#782,.T.);
#3947=EDGE_CURVE('',#3148,#3140,#783,.T.);
#3948=EDGE_CURVE('',#3158,#3147,#784,.T.);
#3949=EDGE_CURVE('',#3159,#3158,#2684,.T.);
#3950=EDGE_CURVE('',#3160,#3159,#2685,.T.);
#3951=EDGE_CURVE('',#3161,#3160,#2686,.T.);
#3952=EDGE_CURVE('',#3162,#3161,#785,.T.);
#3953=EDGE_CURVE('',#3163,#3162,#2687,.T.);
#3954=EDGE_CURVE('',#3164,#3163,#786,.T.);
#3955=EDGE_CURVE('',#3165,#3164,#2688,.T.);
#3956=EDGE_CURVE('',#3166,#3165,#787,.T.);
#3957=EDGE_CURVE('',#3167,#3166,#2689,.T.);
#3958=EDGE_CURVE('',#3168,#3167,#2690,.T.);
#3959=EDGE_CURVE('',#3169,#3168,#2691,.T.);
#3960=EDGE_CURVE('',#3148,#3169,#788,.T.);
#3961=EDGE_CURVE('',#3170,#3171,#789,.T.);
#3962=EDGE_CURVE('',#3172,#3170,#2692,.T.);
#3963=EDGE_CURVE('',#3173,#3172,#790,.T.);
#3964=EDGE_CURVE('',#3171,#3173,#2693,.T.);
#3965=EDGE_CURVE('',#3174,#3174,#2694,.T.);
#3966=EDGE_CURVE('',#3175,#3175,#2695,.T.);
#3967=EDGE_CURVE('',#3176,#3176,#2696,.T.);
#3968=EDGE_CURVE('',#3177,#3178,#2697,.T.);
#3969=EDGE_CURVE('',#3179,#3177,#791,.T.);
#3970=EDGE_CURVE('',#3180,#3179,#2698,.T.);
#3971=EDGE_CURVE('',#3178,#3180,#792,.T.);
#3972=EDGE_CURVE('',#3157,#3181,#793,.T.);
#3973=EDGE_CURVE('',#3181,#3158,#794,.T.);
#3974=EDGE_CURVE('',#3182,#3156,#795,.T.);
#3975=EDGE_CURVE('',#3182,#3181,#796,.T.);
#3976=EDGE_CURVE('',#3150,#3183,#797,.T.);
#3977=EDGE_CURVE('',#3183,#3183,#2699,.T.);
#3978=EDGE_CURVE('',#3184,#3185,#79,.T.);
#3979=EDGE_CURVE('',#3185,#3186,#80,.T.);
#3980=EDGE_CURVE('',#3186,#3187,#81,.T.);
#3981=EDGE_CURVE('',#3187,#3188,#82,.T.);
#3982=EDGE_CURVE('',#3184,#3188,#83,.T.);
#3983=EDGE_CURVE('',#3189,#3190,#84,.T.);
#3984=EDGE_CURVE('',#3190,#3191,#85,.T.);
#3985=EDGE_CURVE('',#3191,#3192,#86,.T.);
#3986=EDGE_CURVE('',#3192,#3193,#87,.T.);
#3987=EDGE_CURVE('',#3193,#3189,#88,.T.);
#3988=EDGE_CURVE('',#3186,#3191,#798,.T.);
#3989=EDGE_CURVE('',#3190,#3187,#799,.T.);
#3990=EDGE_CURVE('',#3194,#3189,#89,.T.);
#3991=EDGE_CURVE('',#3193,#3195,#90,.T.);
#3992=EDGE_CURVE('',#3195,#3196,#91,.T.);
#3993=EDGE_CURVE('',#3196,#3194,#92,.T.);
#3994=EDGE_CURVE('',#3197,#3194,#800,.T.);
#3995=EDGE_CURVE('',#3196,#3198,#801,.T.);
#3996=EDGE_CURVE('',#3198,#3197,#93,.T.);
#3997=EDGE_CURVE('',#3188,#3197,#94,.T.);
#3998=EDGE_CURVE('',#3198,#3199,#95,.T.);
#3999=EDGE_CURVE('',#3199,#3184,#96,.T.);
#4000=EDGE_CURVE('',#3200,#3195,#802,.T.);
#4001=EDGE_CURVE('',#3200,#3201,#803,.T.);
#4002=EDGE_CURVE('',#3201,#3199,#804,.T.);
#4003=EDGE_CURVE('',#3202,#3193,#805,.T.);
#4004=EDGE_CURVE('',#3202,#3200,#806,.T.);
#4005=EDGE_CURVE('',#3203,#3192,#807,.T.);
#4006=EDGE_CURVE('',#3203,#3202,#808,.T.);
#4007=EDGE_CURVE('',#3204,#3205,#2700,.T.);
#4008=EDGE_CURVE('',#3204,#3206,#809,.T.);
#4009=EDGE_CURVE('',#3207,#3206,#2701,.T.);
#4010=EDGE_CURVE('',#3205,#3207,#810,.T.);
#4011=EDGE_CURVE('',#3201,#3208,#811,.T.);
#4012=EDGE_CURVE('',#3208,#3184,#812,.T.);
#4013=EDGE_CURVE('',#3208,#3209,#813,.T.);
#4014=EDGE_CURVE('',#3209,#3185,#814,.T.);
#4015=EDGE_CURVE('',#3209,#3203,#815,.T.);
#4016=EDGE_CURVE('',#3210,#3159,#816,.T.);
#4017=EDGE_CURVE('',#3181,#3210,#2702,.T.);
#4018=EDGE_CURVE('',#3211,#3160,#817,.T.);
#4019=EDGE_CURVE('',#3210,#3211,#2703,.T.);
#4020=EDGE_CURVE('',#3212,#3161,#818,.T.);
#4021=EDGE_CURVE('',#3211,#3212,#2704,.T.);
#4022=EDGE_CURVE('',#3213,#3162,#819,.T.);
#4023=EDGE_CURVE('',#3212,#3213,#820,.T.);
#4024=EDGE_CURVE('',#3213,#3214,#2705,.T.);
#4025=EDGE_CURVE('',#3214,#3163,#821,.T.);
#4026=EDGE_CURVE('',#3215,#3164,#822,.T.);
#4027=EDGE_CURVE('',#3214,#3215,#823,.T.);
#4028=EDGE_CURVE('',#3215,#3216,#2706,.T.);
#4029=EDGE_CURVE('',#3216,#3165,#824,.T.);
#4030=EDGE_CURVE('',#3217,#3166,#825,.T.);
#4031=EDGE_CURVE('',#3216,#3217,#826,.T.);
#4032=EDGE_CURVE('',#3218,#3167,#827,.T.);
#4033=EDGE_CURVE('',#3217,#3218,#2707,.T.);
#4034=EDGE_CURVE('',#3219,#3168,#828,.T.);
#4035=EDGE_CURVE('',#3218,#3219,#2708,.T.);
#4036=EDGE_CURVE('',#3154,#3169,#829,.T.);
#4037=EDGE_CURVE('',#3219,#3154,#2709,.T.);
#4038=EDGE_CURVE('',#3220,#3219,#830,.T.);
#4039=EDGE_CURVE('',#3155,#3220,#2710,.T.);
#4040=EDGE_CURVE('',#3221,#3218,#831,.T.);
#4041=EDGE_CURVE('',#3220,#3221,#2711,.T.);
#4042=EDGE_CURVE('',#3222,#3217,#832,.T.);
#4043=EDGE_CURVE('',#3221,#3222,#2712,.T.);
#4044=EDGE_CURVE('',#3223,#3216,#833,.T.);
#4045=EDGE_CURVE('',#3223,#3224,#834,.T.);
#4046=EDGE_CURVE('',#3225,#3224,#835,.T.);
#4047=EDGE_CURVE('',#3225,#3226,#836,.T.);
#4048=EDGE_CURVE('',#3227,#3226,#837,.T.);
#4049=EDGE_CURVE('',#3227,#3228,#838,.T.);
#4050=EDGE_CURVE('',#3229,#3228,#839,.T.);
#4051=EDGE_CURVE('',#3229,#3230,#840,.T.);
#4052=EDGE_CURVE('',#3231,#3230,#841,.T.);
#4053=EDGE_CURVE('',#3231,#3232,#842,.T.);
#4054=EDGE_CURVE('',#3233,#3232,#843,.T.);
#4055=EDGE_CURVE('',#3233,#3234,#844,.T.);
#4056=EDGE_CURVE('',#3235,#3234,#845,.T.);
#4057=EDGE_CURVE('',#3235,#3236,#846,.T.);
#4058=EDGE_CURVE('',#3237,#3236,#847,.T.);
#4059=EDGE_CURVE('',#3237,#3238,#848,.T.);
#4060=EDGE_CURVE('',#3239,#3238,#849,.T.);
#4061=EDGE_CURVE('',#3239,#3240,#850,.T.);
#4062=EDGE_CURVE('',#3241,#3240,#851,.T.);
#4063=EDGE_CURVE('',#3222,#3241,#852,.T.);
#4064=EDGE_CURVE('',#3215,#3242,#853,.T.);
#4065=EDGE_CURVE('',#3242,#3223,#2713,.T.);
#4066=EDGE_CURVE('',#3243,#3214,#854,.T.);
#4067=EDGE_CURVE('',#3243,#3242,#855,.T.);
#4068=EDGE_CURVE('',#3213,#3244,#856,.T.);
#4069=EDGE_CURVE('',#3244,#3243,#2714,.T.);
#4070=EDGE_CURVE('',#3245,#3212,#857,.T.);
#4071=EDGE_CURVE('',#3246,#3245,#858,.T.);
#4072=EDGE_CURVE('',#3247,#3246,#859,.T.);
#4073=EDGE_CURVE('',#3247,#3248,#860,.T.);
#4074=EDGE_CURVE('',#3249,#3248,#861,.T.);
#4075=EDGE_CURVE('',#3249,#3250,#862,.T.);
#4076=EDGE_CURVE('',#3251,#3250,#863,.T.);
#4077=EDGE_CURVE('',#3251,#3252,#864,.T.);
#4078=EDGE_CURVE('',#3253,#3252,#865,.T.);
#4079=EDGE_CURVE('',#3253,#3254,#866,.T.);
#4080=EDGE_CURVE('',#3255,#3254,#867,.T.);
#4081=EDGE_CURVE('',#3255,#3256,#868,.T.);
#4082=EDGE_CURVE('',#3257,#3256,#869,.T.);
#4083=EDGE_CURVE('',#3257,#3258,#870,.T.);
#4084=EDGE_CURVE('',#3259,#3258,#871,.T.);
#4085=EDGE_CURVE('',#3259,#3260,#872,.T.);
#4086=EDGE_CURVE('',#3261,#3260,#873,.T.);
#4087=EDGE_CURVE('',#3261,#3262,#874,.T.);
#4088=EDGE_CURVE('',#3263,#3262,#875,.T.);
#4089=EDGE_CURVE('',#3263,#3244,#876,.T.);
#4090=EDGE_CURVE('',#3264,#3211,#877,.T.);
#4091=EDGE_CURVE('',#3245,#3264,#2715,.T.);
#4092=EDGE_CURVE('',#3265,#3210,#878,.T.);
#4093=EDGE_CURVE('',#3264,#3265,#2716,.T.);
#4094=EDGE_CURVE('',#3265,#3182,#2717,.T.);
#4095=EDGE_CURVE('',#3155,#3266,#879,.T.);
#4096=EDGE_CURVE('',#3266,#3151,#880,.T.);
#4097=EDGE_CURVE('',#3220,#3267,#881,.T.);
#4098=EDGE_CURVE('',#3267,#3266,#2718,.T.);
#4099=EDGE_CURVE('',#3221,#3268,#882,.T.);
#4100=EDGE_CURVE('',#3268,#3267,#2719,.T.);
#4101=EDGE_CURVE('',#3222,#3269,#883,.T.);
#4102=EDGE_CURVE('',#3269,#3268,#2720,.T.);
#4103=EDGE_CURVE('',#3241,#3270,#884,.T.);
#4104=EDGE_CURVE('',#3270,#3269,#885,.T.);
#4105=EDGE_CURVE('',#3241,#3271,#2721,.T.);
#4106=EDGE_CURVE('',#3271,#3272,#886,.T.);
#4107=EDGE_CURVE('',#3272,#3270,#2722,.T.);
#4108=EDGE_CURVE('',#3273,#3274,#887,.T.);
#4109=EDGE_CURVE('',#3274,#3272,#888,.T.);
#4110=EDGE_CURVE('',#3271,#3273,#889,.T.);
#4111=EDGE_CURVE('',#3273,#3246,#2723,.T.);
#4112=EDGE_CURVE('',#3246,#3275,#890,.T.);
#4113=EDGE_CURVE('',#3275,#3274,#2724,.T.);
#4114=EDGE_CURVE('',#3245,#3276,#891,.T.);
#4115=EDGE_CURVE('',#3276,#3275,#892,.T.);
#4116=EDGE_CURVE('',#3264,#3277,#893,.T.);
#4117=EDGE_CURVE('',#3277,#3276,#2725,.T.);
#4118=EDGE_CURVE('',#3265,#3278,#894,.T.);
#4119=EDGE_CURVE('',#3278,#3277,#2726,.T.);
#4120=EDGE_CURVE('',#3182,#3279,#895,.T.);
#4121=EDGE_CURVE('',#3279,#3278,#2727,.T.);
#4122=EDGE_CURVE('',#3152,#3279,#896,.T.);
#4123=EDGE_CURVE('',#3273,#3280,#897,.T.);
#4124=EDGE_CURVE('',#3280,#3247,#2728,.T.);
#4125=EDGE_CURVE('',#3281,#3271,#898,.T.);
#4126=EDGE_CURVE('',#3281,#3280,#899,.T.);
#4127=EDGE_CURVE('',#3240,#3281,#2729,.T.);
#4128=EDGE_CURVE('',#3282,#3283,#900,.T.);
#4129=EDGE_CURVE('',#3283,#3284,#2730,.T.);
#4130=EDGE_CURVE('',#3284,#3285,#901,.T.);
#4131=EDGE_CURVE('',#3285,#3282,#2731,.T.);
#4132=EDGE_CURVE('',#3204,#3286,#902,.T.);
#4133=EDGE_CURVE('',#3286,#3283,#903,.T.);
#4134=EDGE_CURVE('',#3282,#3204,#904,.T.);
#4135=EDGE_CURVE('',#3205,#3287,#905,.T.);
#4136=EDGE_CURVE('',#3287,#3286,#2732,.T.);
#4137=EDGE_CURVE('',#3284,#3287,#906,.T.);
#4138=EDGE_CURVE('',#3205,#3285,#907,.T.);
#4139=EDGE_CURVE('',#3282,#3288,#908,.T.);
#4140=EDGE_CURVE('',#3206,#3288,#909,.T.);
#4141=EDGE_CURVE('',#3285,#3289,#910,.T.);
#4142=EDGE_CURVE('',#3288,#3289,#2733,.T.);
#4143=EDGE_CURVE('',#3290,#3291,#2734,.T.);
#4144=EDGE_CURVE('',#3292,#3290,#911,.T.);
#4145=EDGE_CURVE('',#3293,#3292,#2735,.T.);
#4146=EDGE_CURVE('',#3291,#3293,#912,.T.);
#4147=EDGE_CURVE('',#3294,#3295,#913,.T.);
#4148=EDGE_CURVE('',#3295,#3296,#914,.T.);
#4149=EDGE_CURVE('',#3296,#3297,#915,.T.);
#4150=EDGE_CURVE('',#3297,#3298,#916,.T.);
#4151=EDGE_CURVE('',#3298,#3299,#917,.T.);
#4152=EDGE_CURVE('',#3299,#3294,#918,.T.);
#4153=EDGE_CURVE('',#3300,#3301,#919,.T.);
#4154=EDGE_CURVE('',#3301,#3302,#920,.T.);
#4155=EDGE_CURVE('',#3302,#3303,#921,.T.);
#4156=EDGE_CURVE('',#3303,#3304,#922,.T.);
#4157=EDGE_CURVE('',#3304,#3305,#923,.T.);
#4158=EDGE_CURVE('',#3305,#3300,#924,.T.);
#4159=EDGE_CURVE('',#3306,#3306,#2736,.T.);
#4160=EDGE_CURVE('',#3307,#3170,#925,.T.);
#4161=EDGE_CURVE('',#3171,#3308,#926,.T.);
#4162=EDGE_CURVE('',#3308,#3307,#927,.T.);
#4163=EDGE_CURVE('',#3309,#3172,#928,.T.);
#4164=EDGE_CURVE('',#3307,#3309,#2737,.T.);
#4165=EDGE_CURVE('',#3310,#3173,#929,.T.);
#4166=EDGE_CURVE('',#3309,#3310,#930,.T.);
#4167=EDGE_CURVE('',#3310,#3308,#2738,.T.);
#4168=EDGE_CURVE('',#3311,#3307,#931,.T.);
#4169=EDGE_CURVE('',#3312,#3311,#2739,.T.);
#4170=EDGE_CURVE('',#3312,#3309,#932,.T.);
#4171=EDGE_CURVE('',#3313,#3308,#933,.T.);
#4172=EDGE_CURVE('',#3311,#3313,#934,.T.);
#4173=EDGE_CURVE('',#3289,#3177,#935,.T.);
#4174=EDGE_CURVE('',#3178,#3288,#936,.T.);
#4175=EDGE_CURVE('',#3207,#3179,#937,.T.);
#4176=EDGE_CURVE('',#3289,#3207,#938,.T.);
#4177=EDGE_CURVE('',#3206,#3180,#939,.T.);
#4178=EDGE_CURVE('',#3314,#3290,#940,.T.);
#4179=EDGE_CURVE('',#3291,#3313,#941,.T.);
#4180=EDGE_CURVE('',#3313,#3314,#2740,.T.);
#4181=EDGE_CURVE('',#3312,#3292,#942,.T.);
#4182=EDGE_CURVE('',#3314,#3312,#943,.T.);
#4183=EDGE_CURVE('',#3311,#3293,#944,.T.);
#4184=EDGE_CURVE('',#3314,#3310,#945,.T.);
#4185=EDGE_CURVE('',#3238,#3249,#946,.T.);
#4186=EDGE_CURVE('',#3248,#3239,#947,.T.);
#4187=EDGE_CURVE('',#3250,#3237,#948,.T.);
#4188=EDGE_CURVE('',#3236,#3251,#949,.T.);
#4189=EDGE_CURVE('',#3315,#3235,#2741,.T.);
#4190=EDGE_CURVE('',#3316,#3315,#950,.T.);
#4191=EDGE_CURVE('',#3252,#3316,#2742,.T.);
#4192=EDGE_CURVE('',#3317,#3317,#2743,.T.);
#4193=EDGE_CURVE('',#3318,#3318,#2744,.T.);
#4194=EDGE_CURVE('',#3230,#3257,#951,.T.);
#4195=EDGE_CURVE('',#3256,#3231,#952,.T.);
#4196=EDGE_CURVE('',#3319,#3229,#2745,.T.);
#4197=EDGE_CURVE('',#3320,#3319,#953,.T.);
#4198=EDGE_CURVE('',#3258,#3320,#2746,.T.);
#4199=EDGE_CURVE('',#3321,#3321,#2747,.T.);
#4200=EDGE_CURVE('',#3322,#3322,#2748,.T.);
#4201=EDGE_CURVE('',#3232,#3255,#954,.T.);
#4202=EDGE_CURVE('',#3254,#3233,#955,.T.);
#4203=EDGE_CURVE('',#3226,#3261,#956,.T.);
#4204=EDGE_CURVE('',#3260,#3227,#957,.T.);
#4205=EDGE_CURVE('',#3262,#3225,#958,.T.);
#4206=EDGE_CURVE('',#3224,#3263,#959,.T.);
#4207=EDGE_CURVE('',#3323,#3323,#2749,.T.);
#4208=EDGE_CURVE('',#3324,#3324,#2750,.T.);
#4209=EDGE_CURVE('',#3325,#3325,#2751,.T.);
#4210=EDGE_CURVE('',#3326,#3326,#2752,.T.);
#4211=EDGE_CURVE('',#3327,#3253,#2753,.T.);
#4212=EDGE_CURVE('',#3328,#3327,#960,.T.);
#4213=EDGE_CURVE('',#3234,#3328,#2754,.T.);
#4214=EDGE_CURVE('',#3329,#3329,#2755,.T.);
#4215=EDGE_CURVE('',#3330,#3330,#2756,.T.);
#4216=EDGE_CURVE('',#3331,#3259,#2757,.T.);
#4217=EDGE_CURVE('',#3332,#3331,#961,.T.);
#4218=EDGE_CURVE('',#3228,#3332,#2758,.T.);
#4219=EDGE_CURVE('',#3333,#3333,#2759,.T.);
#4220=EDGE_CURVE('',#3334,#3334,#2760,.T.);
#4221=EDGE_CURVE('',#3332,#3319,#962,.T.);
#4222=EDGE_CURVE('',#3328,#3315,#963,.T.);
#4223=EDGE_CURVE('',#3320,#3331,#964,.T.);
#4224=EDGE_CURVE('',#3316,#3327,#965,.T.);
#4225=EDGE_CURVE('',#3334,#3322,#966,.T.);
#4226=EDGE_CURVE('',#3330,#3318,#967,.T.);
#4227=EDGE_CURVE('',#3335,#3335,#2761,.T.);
#4228=EDGE_CURVE('',#3335,#3324,#968,.T.);
#4229=EDGE_CURVE('',#3333,#3321,#969,.T.);
#4230=EDGE_CURVE('',#3329,#3317,#970,.T.);
#4231=EDGE_CURVE('',#3336,#3336,#2762,.T.);
#4232=EDGE_CURVE('',#3336,#3323,#971,.T.);
#4233=EDGE_CURVE('',#3294,#3337,#972,.T.);
#4234=EDGE_CURVE('',#3337,#3338,#973,.T.);
#4235=EDGE_CURVE('',#3295,#3338,#974,.T.);
#4236=EDGE_CURVE('',#3299,#3339,#975,.T.);
#4237=EDGE_CURVE('',#3339,#3337,#976,.T.);
#4238=EDGE_CURVE('',#3298,#3340,#977,.T.);
#4239=EDGE_CURVE('',#3340,#3339,#978,.T.);
#4240=EDGE_CURVE('',#3297,#3341,#979,.T.);
#4241=EDGE_CURVE('',#3341,#3340,#980,.T.);
#4242=EDGE_CURVE('',#3296,#3342,#981,.T.);
#4243=EDGE_CURVE('',#3342,#3341,#982,.T.);
#4244=EDGE_CURVE('',#3338,#3342,#983,.T.);
#4245=EDGE_CURVE('',#3343,#3343,#2763,.T.);
#4246=EDGE_CURVE('',#3300,#3344,#984,.T.);
#4247=EDGE_CURVE('',#3344,#3345,#985,.T.);
#4248=EDGE_CURVE('',#3301,#3345,#986,.T.);
#4249=EDGE_CURVE('',#3305,#3346,#987,.T.);
#4250=EDGE_CURVE('',#3346,#3344,#988,.T.);
#4251=EDGE_CURVE('',#3304,#3347,#989,.T.);
#4252=EDGE_CURVE('',#3347,#3346,#990,.T.);
#4253=EDGE_CURVE('',#3303,#3348,#991,.T.);
#4254=EDGE_CURVE('',#3348,#3347,#992,.T.);
#4255=EDGE_CURVE('',#3302,#3349,#993,.T.);
#4256=EDGE_CURVE('',#3349,#3348,#994,.T.);
#4257=EDGE_CURVE('',#3345,#3349,#995,.T.);
#4258=EDGE_CURVE('',#3350,#3350,#2764,.T.);
#4259=EDGE_CURVE('',#3176,#3351,#996,.T.);
#4260=EDGE_CURVE('',#3351,#3351,#2765,.T.);
#4261=EDGE_CURVE('',#3175,#3352,#997,.T.);
#4262=EDGE_CURVE('',#3352,#3352,#2766,.T.);
#4263=EDGE_CURVE('',#3326,#3350,#998,.T.);
#4264=EDGE_CURVE('',#3325,#3343,#999,.T.);
#4265=EDGE_CURVE('',#3174,#3353,#1000,.T.);
#4266=EDGE_CURVE('',#3353,#3353,#2767,.T.);
#4267=EDGE_CURVE('',#3354,#3354,#2768,.T.);
#4268=EDGE_CURVE('',#3306,#3355,#1001,.T.);
#4269=EDGE_CURVE('',#3355,#3355,#2769,.T.);
#4270=EDGE_CURVE('',#3356,#3356,#2770,.T.);
#4271=EDGE_CURVE('',#3354,#3356,#1002,.T.);
#4272=ORIENTED_EDGE('',*,*,#3357,.F.);
#4273=ORIENTED_EDGE('',*,*,#3358,.F.);
#4274=ORIENTED_EDGE('',*,*,#3359,.T.);
#4275=ORIENTED_EDGE('',*,*,#3360,.F.);
#4276=ORIENTED_EDGE('',*,*,#3359,.F.);
#4277=ORIENTED_EDGE('',*,*,#3360,.T.);
#4278=ORIENTED_EDGE('',*,*,#3361,.F.);
#4279=ORIENTED_EDGE('',*,*,#3362,.F.);
#4280=ORIENTED_EDGE('',*,*,#3363,.F.);
#4281=ORIENTED_EDGE('',*,*,#3364,.F.);
#4282=ORIENTED_EDGE('',*,*,#3365,.F.);
#4283=ORIENTED_EDGE('',*,*,#3366,.F.);
#4284=ORIENTED_EDGE('',*,*,#3367,.T.);
#4285=ORIENTED_EDGE('',*,*,#3368,.T.);
#4286=ORIENTED_EDGE('',*,*,#3358,.T.);
#4287=ORIENTED_EDGE('',*,*,#3368,.F.);
#4288=ORIENTED_EDGE('',*,*,#3369,.T.);
#4289=ORIENTED_EDGE('',*,*,#3370,.F.);
#4290=ORIENTED_EDGE('',*,*,#3371,.T.);
#4291=ORIENTED_EDGE('',*,*,#3370,.T.);
#4292=ORIENTED_EDGE('',*,*,#3372,.F.);
#4293=ORIENTED_EDGE('',*,*,#3373,.T.);
#4294=ORIENTED_EDGE('',*,*,#3372,.T.);
#4295=ORIENTED_EDGE('',*,*,#3374,.F.);
#4296=ORIENTED_EDGE('',*,*,#3375,.T.);
#4297=ORIENTED_EDGE('',*,*,#3374,.T.);
#4298=ORIENTED_EDGE('',*,*,#3376,.F.);
#4299=ORIENTED_EDGE('',*,*,#3377,.T.);
#4300=ORIENTED_EDGE('',*,*,#3376,.T.);
#4301=ORIENTED_EDGE('',*,*,#3378,.F.);
#4302=ORIENTED_EDGE('',*,*,#3379,.T.);
#4303=ORIENTED_EDGE('',*,*,#3378,.T.);
#4304=ORIENTED_EDGE('',*,*,#3369,.F.);
#4305=ORIENTED_EDGE('',*,*,#3380,.T.);
#4306=ORIENTED_EDGE('',*,*,#3361,.T.);
#4307=ORIENTED_EDGE('',*,*,#3381,.T.);
#4308=ORIENTED_EDGE('',*,*,#3371,.F.);
#4309=ORIENTED_EDGE('',*,*,#3382,.F.);
#4310=ORIENTED_EDGE('',*,*,#3362,.T.);
#4311=ORIENTED_EDGE('',*,*,#3382,.T.);
#4312=ORIENTED_EDGE('',*,*,#3373,.F.);
#4313=ORIENTED_EDGE('',*,*,#3383,.F.);
#4314=ORIENTED_EDGE('',*,*,#3363,.T.);
#4315=ORIENTED_EDGE('',*,*,#3383,.T.);
#4316=ORIENTED_EDGE('',*,*,#3375,.F.);
#4317=ORIENTED_EDGE('',*,*,#3384,.F.);
#4318=ORIENTED_EDGE('',*,*,#3364,.T.);
#4319=ORIENTED_EDGE('',*,*,#3384,.T.);
#4320=ORIENTED_EDGE('',*,*,#3377,.F.);
#4321=ORIENTED_EDGE('',*,*,#3385,.F.);
#4322=ORIENTED_EDGE('',*,*,#3365,.T.);
#4323=ORIENTED_EDGE('',*,*,#3385,.T.);
#4324=ORIENTED_EDGE('',*,*,#3379,.F.);
#4325=ORIENTED_EDGE('',*,*,#3386,.F.);
#4326=ORIENTED_EDGE('',*,*,#3366,.T.);
#4327=ORIENTED_EDGE('',*,*,#3386,.T.);
#4328=ORIENTED_EDGE('',*,*,#3380,.F.);
#4329=ORIENTED_EDGE('',*,*,#3381,.F.);
#4330=ORIENTED_EDGE('',*,*,#3357,.T.);
#4331=ORIENTED_EDGE('',*,*,#3387,.T.);
#4332=ORIENTED_EDGE('',*,*,#3388,.F.);
#4333=ORIENTED_EDGE('',*,*,#3387,.F.);
#4334=ORIENTED_EDGE('',*,*,#3367,.F.);
#4335=ORIENTED_EDGE('',*,*,#3388,.T.);
#4336=ORIENTED_EDGE('',*,*,#3389,.F.);
#4337=ORIENTED_EDGE('',*,*,#3390,.T.);
#4338=ORIENTED_EDGE('',*,*,#3391,.T.);
#4339=ORIENTED_EDGE('',*,*,#3392,.F.);
#4340=ORIENTED_EDGE('',*,*,#3393,.F.);
#4341=ORIENTED_EDGE('',*,*,#3394,.T.);
#4342=ORIENTED_EDGE('',*,*,#3395,.T.);
#4343=ORIENTED_EDGE('',*,*,#3390,.F.);
#4344=ORIENTED_EDGE('',*,*,#3396,.F.);
#4345=ORIENTED_EDGE('',*,*,#3397,.T.);
#4346=ORIENTED_EDGE('',*,*,#3398,.T.);
#4347=ORIENTED_EDGE('',*,*,#3394,.F.);
#4348=ORIENTED_EDGE('',*,*,#3399,.F.);
#4349=ORIENTED_EDGE('',*,*,#3400,.T.);
#4350=ORIENTED_EDGE('',*,*,#3401,.T.);
#4351=ORIENTED_EDGE('',*,*,#3397,.F.);
#4352=ORIENTED_EDGE('',*,*,#3402,.F.);
#4353=ORIENTED_EDGE('',*,*,#3403,.T.);
#4354=ORIENTED_EDGE('',*,*,#3404,.T.);
#4355=ORIENTED_EDGE('',*,*,#3400,.F.);
#4356=ORIENTED_EDGE('',*,*,#3405,.F.);
#4357=ORIENTED_EDGE('',*,*,#3392,.T.);
#4358=ORIENTED_EDGE('',*,*,#3406,.T.);
#4359=ORIENTED_EDGE('',*,*,#3403,.F.);
#4360=ORIENTED_EDGE('',*,*,#3406,.F.);
#4361=ORIENTED_EDGE('',*,*,#3391,.F.);
#4362=ORIENTED_EDGE('',*,*,#3395,.F.);
#4363=ORIENTED_EDGE('',*,*,#3398,.F.);
#4364=ORIENTED_EDGE('',*,*,#3401,.F.);
#4365=ORIENTED_EDGE('',*,*,#3404,.F.);
#4366=ORIENTED_EDGE('',*,*,#3407,.F.);
#4367=ORIENTED_EDGE('',*,*,#3408,.F.);
#4368=ORIENTED_EDGE('',*,*,#3409,.T.);
#4369=ORIENTED_EDGE('',*,*,#3410,.T.);
#4370=ORIENTED_EDGE('',*,*,#3411,.F.);
#4371=ORIENTED_EDGE('',*,*,#3412,.F.);
#4372=ORIENTED_EDGE('',*,*,#3413,.T.);
#4373=ORIENTED_EDGE('',*,*,#3414,.T.);
#4374=ORIENTED_EDGE('',*,*,#3409,.F.);
#4375=ORIENTED_EDGE('',*,*,#3415,.F.);
#4376=ORIENTED_EDGE('',*,*,#3416,.T.);
#4377=ORIENTED_EDGE('',*,*,#3417,.T.);
#4378=ORIENTED_EDGE('',*,*,#3413,.F.);
#4379=ORIENTED_EDGE('',*,*,#3418,.F.);
#4380=ORIENTED_EDGE('',*,*,#3419,.T.);
#4381=ORIENTED_EDGE('',*,*,#3420,.T.);
#4382=ORIENTED_EDGE('',*,*,#3416,.F.);
#4383=ORIENTED_EDGE('',*,*,#3421,.F.);
#4384=ORIENTED_EDGE('',*,*,#3422,.T.);
#4385=ORIENTED_EDGE('',*,*,#3423,.T.);
#4386=ORIENTED_EDGE('',*,*,#3419,.F.);
#4387=ORIENTED_EDGE('',*,*,#3424,.F.);
#4388=ORIENTED_EDGE('',*,*,#3411,.T.);
#4389=ORIENTED_EDGE('',*,*,#3425,.T.);
#4390=ORIENTED_EDGE('',*,*,#3422,.F.);
#4391=ORIENTED_EDGE('',*,*,#3425,.F.);
#4392=ORIENTED_EDGE('',*,*,#3410,.F.);
#4393=ORIENTED_EDGE('',*,*,#3414,.F.);
#4394=ORIENTED_EDGE('',*,*,#3417,.F.);
#4395=ORIENTED_EDGE('',*,*,#3420,.F.);
#4396=ORIENTED_EDGE('',*,*,#3423,.F.);
#4397=ORIENTED_EDGE('',*,*,#3426,.F.);
#4398=ORIENTED_EDGE('',*,*,#3427,.F.);
#4399=ORIENTED_EDGE('',*,*,#3428,.T.);
#4400=ORIENTED_EDGE('',*,*,#3429,.T.);
#4401=ORIENTED_EDGE('',*,*,#3430,.F.);
#4402=ORIENTED_EDGE('',*,*,#3431,.F.);
#4403=ORIENTED_EDGE('',*,*,#3432,.T.);
#4404=ORIENTED_EDGE('',*,*,#3433,.T.);
#4405=ORIENTED_EDGE('',*,*,#3428,.F.);
#4406=ORIENTED_EDGE('',*,*,#3434,.F.);
#4407=ORIENTED_EDGE('',*,*,#3435,.T.);
#4408=ORIENTED_EDGE('',*,*,#3436,.T.);
#4409=ORIENTED_EDGE('',*,*,#3432,.F.);
#4410=ORIENTED_EDGE('',*,*,#3437,.F.);
#4411=ORIENTED_EDGE('',*,*,#3438,.T.);
#4412=ORIENTED_EDGE('',*,*,#3439,.T.);
#4413=ORIENTED_EDGE('',*,*,#3435,.F.);
#4414=ORIENTED_EDGE('',*,*,#3440,.F.);
#4415=ORIENTED_EDGE('',*,*,#3441,.T.);
#4416=ORIENTED_EDGE('',*,*,#3442,.T.);
#4417=ORIENTED_EDGE('',*,*,#3438,.F.);
#4418=ORIENTED_EDGE('',*,*,#3443,.F.);
#4419=ORIENTED_EDGE('',*,*,#3430,.T.);
#4420=ORIENTED_EDGE('',*,*,#3444,.T.);
#4421=ORIENTED_EDGE('',*,*,#3441,.F.);
#4422=ORIENTED_EDGE('',*,*,#3444,.F.);
#4423=ORIENTED_EDGE('',*,*,#3429,.F.);
#4424=ORIENTED_EDGE('',*,*,#3433,.F.);
#4425=ORIENTED_EDGE('',*,*,#3436,.F.);
#4426=ORIENTED_EDGE('',*,*,#3439,.F.);
#4427=ORIENTED_EDGE('',*,*,#3442,.F.);
#4428=ORIENTED_EDGE('',*,*,#3445,.F.);
#4429=ORIENTED_EDGE('',*,*,#3446,.F.);
#4430=ORIENTED_EDGE('',*,*,#3447,.T.);
#4431=ORIENTED_EDGE('',*,*,#3448,.T.);
#4432=ORIENTED_EDGE('',*,*,#3447,.F.);
#4433=ORIENTED_EDGE('',*,*,#3448,.F.);
#4434=ORIENTED_EDGE('',*,*,#3449,.F.);
#4435=ORIENTED_EDGE('',*,*,#3450,.F.);
#4436=ORIENTED_EDGE('',*,*,#3451,.T.);
#4437=ORIENTED_EDGE('',*,*,#3452,.T.);
#4438=ORIENTED_EDGE('',*,*,#3451,.F.);
#4439=ORIENTED_EDGE('',*,*,#3452,.F.);
#4440=ORIENTED_EDGE('',*,*,#3453,.F.);
#4441=ORIENTED_EDGE('',*,*,#3454,.F.);
#4442=ORIENTED_EDGE('',*,*,#3455,.T.);
#4443=ORIENTED_EDGE('',*,*,#3456,.T.);
#4444=ORIENTED_EDGE('',*,*,#3455,.F.);
#4445=ORIENTED_EDGE('',*,*,#3456,.F.);
#4446=ORIENTED_EDGE('',*,*,#3457,.F.);
#4447=ORIENTED_EDGE('',*,*,#3458,.F.);
#4448=ORIENTED_EDGE('',*,*,#3459,.F.);
#4449=ORIENTED_EDGE('',*,*,#3458,.T.);
#4450=ORIENTED_EDGE('',*,*,#3460,.T.);
#4451=ORIENTED_EDGE('',*,*,#3461,.F.);
#4452=ORIENTED_EDGE('',*,*,#3462,.F.);
#4453=ORIENTED_EDGE('',*,*,#3463,.F.);
#4454=ORIENTED_EDGE('',*,*,#3464,.F.);
#4455=ORIENTED_EDGE('',*,*,#3465,.F.);
#4456=ORIENTED_EDGE('',*,*,#3466,.F.);
#4457=ORIENTED_EDGE('',*,*,#3467,.F.);
#4458=ORIENTED_EDGE('',*,*,#3468,.F.);
#4459=ORIENTED_EDGE('',*,*,#3460,.F.);
#4460=ORIENTED_EDGE('',*,*,#3469,.F.);
#4461=ORIENTED_EDGE('',*,*,#3470,.F.);
#4462=ORIENTED_EDGE('',*,*,#3469,.T.);
#4463=ORIENTED_EDGE('',*,*,#3471,.T.);
#4464=ORIENTED_EDGE('',*,*,#3472,.F.);
#4465=ORIENTED_EDGE('',*,*,#3473,.F.);
#4466=ORIENTED_EDGE('',*,*,#3474,.F.);
#4467=ORIENTED_EDGE('',*,*,#3475,.F.);
#4468=ORIENTED_EDGE('',*,*,#3476,.F.);
#4469=ORIENTED_EDGE('',*,*,#3477,.F.);
#4470=ORIENTED_EDGE('',*,*,#3478,.F.);
#4471=ORIENTED_EDGE('',*,*,#3479,.F.);
#4472=ORIENTED_EDGE('',*,*,#3480,.F.);
#4473=ORIENTED_EDGE('',*,*,#3471,.F.);
#4474=ORIENTED_EDGE('',*,*,#3481,.F.);
#4475=ORIENTED_EDGE('',*,*,#3482,.F.);
#4476=ORIENTED_EDGE('',*,*,#3481,.T.);
#4477=ORIENTED_EDGE('',*,*,#3483,.T.);
#4478=ORIENTED_EDGE('',*,*,#3484,.F.);
#4479=ORIENTED_EDGE('',*,*,#3485,.F.);
#4480=ORIENTED_EDGE('',*,*,#3486,.F.);
#4481=ORIENTED_EDGE('',*,*,#3487,.F.);
#4482=ORIENTED_EDGE('',*,*,#3488,.F.);
#4483=ORIENTED_EDGE('',*,*,#3489,.F.);
#4484=ORIENTED_EDGE('',*,*,#3490,.F.);
#4485=ORIENTED_EDGE('',*,*,#3491,.F.);
#4486=ORIENTED_EDGE('',*,*,#3483,.F.);
#4487=ORIENTED_EDGE('',*,*,#3492,.F.);
#4488=ORIENTED_EDGE('',*,*,#3493,.F.);
#4489=ORIENTED_EDGE('',*,*,#3492,.T.);
#4490=ORIENTED_EDGE('',*,*,#3494,.T.);
#4491=ORIENTED_EDGE('',*,*,#3495,.F.);
#4492=ORIENTED_EDGE('',*,*,#3496,.F.);
#4493=ORIENTED_EDGE('',*,*,#3497,.F.);
#4494=ORIENTED_EDGE('',*,*,#3498,.F.);
#4495=ORIENTED_EDGE('',*,*,#3499,.F.);
#4496=ORIENTED_EDGE('',*,*,#3500,.F.);
#4497=ORIENTED_EDGE('',*,*,#3501,.F.);
#4498=ORIENTED_EDGE('',*,*,#3502,.F.);
#4499=ORIENTED_EDGE('',*,*,#3503,.F.);
#4500=ORIENTED_EDGE('',*,*,#3494,.F.);
#4501=ORIENTED_EDGE('',*,*,#3465,.T.);
#4502=ORIENTED_EDGE('',*,*,#3504,.T.);
#4503=ORIENTED_EDGE('',*,*,#3505,.T.);
#4504=ORIENTED_EDGE('',*,*,#3506,.T.);
#4505=ORIENTED_EDGE('',*,*,#3507,.T.);
#4506=ORIENTED_EDGE('',*,*,#3453,.T.);
#4507=ORIENTED_EDGE('',*,*,#3508,.T.);
#4508=ORIENTED_EDGE('',*,*,#3509,.F.);
#4509=ORIENTED_EDGE('',*,*,#3463,.T.);
#4510=ORIENTED_EDGE('',*,*,#3510,.F.);
#4511=ORIENTED_EDGE('',*,*,#3508,.F.);
#4512=ORIENTED_EDGE('',*,*,#3478,.T.);
#4513=ORIENTED_EDGE('',*,*,#3511,.F.);
#4514=ORIENTED_EDGE('',*,*,#3512,.T.);
#4515=ORIENTED_EDGE('',*,*,#3513,.F.);
#4516=ORIENTED_EDGE('',*,*,#3514,.F.);
#4517=ORIENTED_EDGE('',*,*,#3477,.T.);
#4518=ORIENTED_EDGE('',*,*,#3515,.T.);
#4519=ORIENTED_EDGE('',*,*,#3516,.T.);
#4520=ORIENTED_EDGE('',*,*,#3517,.T.);
#4521=ORIENTED_EDGE('',*,*,#3511,.T.);
#4522=ORIENTED_EDGE('',*,*,#3488,.T.);
#4523=ORIENTED_EDGE('',*,*,#3518,.F.);
#4524=ORIENTED_EDGE('',*,*,#3519,.F.);
#4525=ORIENTED_EDGE('',*,*,#3520,.F.);
#4526=ORIENTED_EDGE('',*,*,#3521,.F.);
#4527=ORIENTED_EDGE('',*,*,#3490,.T.);
#4528=ORIENTED_EDGE('',*,*,#3522,.T.);
#4529=ORIENTED_EDGE('',*,*,#3523,.T.);
#4530=ORIENTED_EDGE('',*,*,#3524,.T.);
#4531=ORIENTED_EDGE('',*,*,#3525,.T.);
#4532=ORIENTED_EDGE('',*,*,#3473,.T.);
#4533=ORIENTED_EDGE('',*,*,#3526,.F.);
#4534=ORIENTED_EDGE('',*,*,#3527,.T.);
#4535=ORIENTED_EDGE('',*,*,#3528,.T.);
#4536=ORIENTED_EDGE('',*,*,#3515,.F.);
#4537=ORIENTED_EDGE('',*,*,#3476,.T.);
#4538=ORIENTED_EDGE('',*,*,#3529,.T.);
#4539=ORIENTED_EDGE('',*,*,#3530,.T.);
#4540=ORIENTED_EDGE('',*,*,#3531,.T.);
#4541=ORIENTED_EDGE('',*,*,#3498,.T.);
#4542=ORIENTED_EDGE('',*,*,#3532,.T.);
#4543=ORIENTED_EDGE('',*,*,#3533,.T.);
#4544=ORIENTED_EDGE('',*,*,#3534,.T.);
#4545=ORIENTED_EDGE('',*,*,#3535,.T.);
#4546=ORIENTED_EDGE('',*,*,#3497,.T.);
#4547=ORIENTED_EDGE('',*,*,#3536,.T.);
#4548=ORIENTED_EDGE('',*,*,#3537,.T.);
#4549=ORIENTED_EDGE('',*,*,#3538,.F.);
#4550=ORIENTED_EDGE('',*,*,#3532,.F.);
#4551=ORIENTED_EDGE('',*,*,#3499,.T.);
#4552=ORIENTED_EDGE('',*,*,#3535,.F.);
#4553=ORIENTED_EDGE('',*,*,#3539,.F.);
#4554=ORIENTED_EDGE('',*,*,#3540,.F.);
#4555=ORIENTED_EDGE('',*,*,#3541,.T.);
#4556=ORIENTED_EDGE('',*,*,#3502,.T.);
#4557=ORIENTED_EDGE('',*,*,#3542,.T.);
#4558=ORIENTED_EDGE('',*,*,#3543,.F.);
#4559=ORIENTED_EDGE('',*,*,#3544,.F.);
#4560=ORIENTED_EDGE('',*,*,#3464,.T.);
#4561=ORIENTED_EDGE('',*,*,#3509,.T.);
#4562=ORIENTED_EDGE('',*,*,#3510,.T.);
#4563=ORIENTED_EDGE('',*,*,#3462,.T.);
#4564=ORIENTED_EDGE('',*,*,#3545,.T.);
#4565=ORIENTED_EDGE('',*,*,#3546,.T.);
#4566=ORIENTED_EDGE('',*,*,#3547,.T.);
#4567=ORIENTED_EDGE('',*,*,#3504,.F.);
#4568=ORIENTED_EDGE('',*,*,#3548,.F.);
#4569=ORIENTED_EDGE('',*,*,#3549,.F.);
#4570=ORIENTED_EDGE('',*,*,#3550,.F.);
#4571=ORIENTED_EDGE('',*,*,#3551,.T.);
#4572=ORIENTED_EDGE('',*,*,#3459,.T.);
#4573=ORIENTED_EDGE('',*,*,#3551,.F.);
#4574=ORIENTED_EDGE('',*,*,#3552,.F.);
#4575=ORIENTED_EDGE('',*,*,#3553,.T.);
#4576=ORIENTED_EDGE('',*,*,#3470,.T.);
#4577=ORIENTED_EDGE('',*,*,#3553,.F.);
#4578=ORIENTED_EDGE('',*,*,#3554,.F.);
#4579=ORIENTED_EDGE('',*,*,#3555,.T.);
#4580=ORIENTED_EDGE('',*,*,#3482,.T.);
#4581=ORIENTED_EDGE('',*,*,#3555,.F.);
#4582=ORIENTED_EDGE('',*,*,#3556,.F.);
#4583=ORIENTED_EDGE('',*,*,#3557,.T.);
#4584=ORIENTED_EDGE('',*,*,#3493,.T.);
#4585=ORIENTED_EDGE('',*,*,#3557,.F.);
#4586=ORIENTED_EDGE('',*,*,#3558,.T.);
#4587=ORIENTED_EDGE('',*,*,#3559,.T.);
#4588=ORIENTED_EDGE('',*,*,#3544,.T.);
#4589=ORIENTED_EDGE('',*,*,#3559,.F.);
#4590=ORIENTED_EDGE('',*,*,#3560,.T.);
#4591=ORIENTED_EDGE('',*,*,#3561,.T.);
#4592=ORIENTED_EDGE('',*,*,#3562,.F.);
#4593=ORIENTED_EDGE('',*,*,#3561,.F.);
#4594=ORIENTED_EDGE('',*,*,#3562,.T.);
#4595=ORIENTED_EDGE('',*,*,#3558,.F.);
#4596=ORIENTED_EDGE('',*,*,#3563,.F.);
#4597=ORIENTED_EDGE('',*,*,#3564,.T.);
#4598=ORIENTED_EDGE('',*,*,#3533,.F.);
#4599=ORIENTED_EDGE('',*,*,#3538,.T.);
#4600=ORIENTED_EDGE('',*,*,#3565,.T.);
#4601=ORIENTED_EDGE('',*,*,#3566,.T.);
#4602=ORIENTED_EDGE('',*,*,#3506,.F.);
#4603=ORIENTED_EDGE('',*,*,#3567,.T.);
#4604=ORIENTED_EDGE('',*,*,#3568,.T.);
#4605=ORIENTED_EDGE('',*,*,#3569,.F.);
#4606=ORIENTED_EDGE('',*,*,#3560,.F.);
#4607=ORIENTED_EDGE('',*,*,#3570,.F.);
#4608=ORIENTED_EDGE('',*,*,#3571,.F.);
#4609=ORIENTED_EDGE('',*,*,#3572,.F.);
#4610=ORIENTED_EDGE('',*,*,#3573,.F.);
#4611=ORIENTED_EDGE('',*,*,#3574,.F.);
#4612=ORIENTED_EDGE('',*,*,#3454,.T.);
#4613=ORIENTED_EDGE('',*,*,#3450,.T.);
#4614=ORIENTED_EDGE('',*,*,#3446,.T.);
#4615=ORIENTED_EDGE('',*,*,#3467,.T.);
#4616=ORIENTED_EDGE('',*,*,#3575,.T.);
#4617=ORIENTED_EDGE('',*,*,#3576,.F.);
#4618=ORIENTED_EDGE('',*,*,#3536,.F.);
#4619=ORIENTED_EDGE('',*,*,#3496,.T.);
#4620=ORIENTED_EDGE('',*,*,#3577,.T.);
#4621=ORIENTED_EDGE('',*,*,#3578,.F.);
#4622=ORIENTED_EDGE('',*,*,#3579,.F.);
#4623=ORIENTED_EDGE('',*,*,#3580,.F.);
#4624=ORIENTED_EDGE('',*,*,#3581,.T.);
#4625=ORIENTED_EDGE('',*,*,#3582,.T.);
#4626=ORIENTED_EDGE('',*,*,#3578,.T.);
#4627=ORIENTED_EDGE('',*,*,#3582,.F.);
#4628=ORIENTED_EDGE('',*,*,#3574,.T.);
#4629=ORIENTED_EDGE('',*,*,#3583,.T.);
#4630=ORIENTED_EDGE('',*,*,#3584,.F.);
#4631=ORIENTED_EDGE('',*,*,#3583,.F.);
#4632=ORIENTED_EDGE('',*,*,#3584,.T.);
#4633=ORIENTED_EDGE('',*,*,#3581,.F.);
#4634=ORIENTED_EDGE('',*,*,#3585,.T.);
#4635=ORIENTED_EDGE('',*,*,#3586,.T.);
#4636=ORIENTED_EDGE('',*,*,#3543,.T.);
#4637=ORIENTED_EDGE('',*,*,#3586,.F.);
#4638=ORIENTED_EDGE('',*,*,#3570,.T.);
#4639=ORIENTED_EDGE('',*,*,#3587,.T.);
#4640=ORIENTED_EDGE('',*,*,#3588,.F.);
#4641=ORIENTED_EDGE('',*,*,#3587,.F.);
#4642=ORIENTED_EDGE('',*,*,#3588,.T.);
#4643=ORIENTED_EDGE('',*,*,#3585,.F.);
#4644=ORIENTED_EDGE('',*,*,#3589,.T.);
#4645=ORIENTED_EDGE('',*,*,#3590,.T.);
#4646=ORIENTED_EDGE('',*,*,#3549,.T.);
#4647=ORIENTED_EDGE('',*,*,#3590,.F.);
#4648=ORIENTED_EDGE('',*,*,#3573,.T.);
#4649=ORIENTED_EDGE('',*,*,#3591,.T.);
#4650=ORIENTED_EDGE('',*,*,#3592,.F.);
#4651=ORIENTED_EDGE('',*,*,#3591,.F.);
#4652=ORIENTED_EDGE('',*,*,#3592,.T.);
#4653=ORIENTED_EDGE('',*,*,#3589,.F.);
#4654=ORIENTED_EDGE('',*,*,#3593,.T.);
#4655=ORIENTED_EDGE('',*,*,#3594,.T.);
#4656=ORIENTED_EDGE('',*,*,#3580,.T.);
#4657=ORIENTED_EDGE('',*,*,#3594,.F.);
#4658=ORIENTED_EDGE('',*,*,#3571,.T.);
#4659=ORIENTED_EDGE('',*,*,#3595,.T.);
#4660=ORIENTED_EDGE('',*,*,#3596,.F.);
#4661=ORIENTED_EDGE('',*,*,#3595,.F.);
#4662=ORIENTED_EDGE('',*,*,#3596,.T.);
#4663=ORIENTED_EDGE('',*,*,#3593,.F.);
#4664=ORIENTED_EDGE('',*,*,#3597,.T.);
#4665=ORIENTED_EDGE('',*,*,#3598,.T.);
#4666=ORIENTED_EDGE('',*,*,#3548,.T.);
#4667=ORIENTED_EDGE('',*,*,#3598,.F.);
#4668=ORIENTED_EDGE('',*,*,#3572,.T.);
#4669=ORIENTED_EDGE('',*,*,#3599,.T.);
#4670=ORIENTED_EDGE('',*,*,#3600,.F.);
#4671=ORIENTED_EDGE('',*,*,#3599,.F.);
#4672=ORIENTED_EDGE('',*,*,#3600,.T.);
#4673=ORIENTED_EDGE('',*,*,#3597,.F.);
#4674=ORIENTED_EDGE('',*,*,#3601,.F.);
#4675=ORIENTED_EDGE('',*,*,#3602,.T.);
#4676=ORIENTED_EDGE('',*,*,#3524,.F.);
#4677=ORIENTED_EDGE('',*,*,#3602,.F.);
#4678=ORIENTED_EDGE('',*,*,#3603,.F.);
#4679=ORIENTED_EDGE('',*,*,#3604,.T.);
#4680=ORIENTED_EDGE('',*,*,#3605,.F.);
#4681=ORIENTED_EDGE('',*,*,#3604,.F.);
#4682=ORIENTED_EDGE('',*,*,#3606,.F.);
#4683=ORIENTED_EDGE('',*,*,#3607,.T.);
#4684=ORIENTED_EDGE('',*,*,#3531,.F.);
#4685=ORIENTED_EDGE('',*,*,#3607,.F.);
#4686=ORIENTED_EDGE('',*,*,#3608,.F.);
#4687=ORIENTED_EDGE('',*,*,#3609,.T.);
#4688=ORIENTED_EDGE('',*,*,#3525,.F.);
#4689=ORIENTED_EDGE('',*,*,#3609,.F.);
#4690=ORIENTED_EDGE('',*,*,#3610,.F.);
#4691=ORIENTED_EDGE('',*,*,#3611,.T.);
#4692=ORIENTED_EDGE('',*,*,#3612,.F.);
#4693=ORIENTED_EDGE('',*,*,#3611,.F.);
#4694=ORIENTED_EDGE('',*,*,#3613,.F.);
#4695=ORIENTED_EDGE('',*,*,#3614,.T.);
#4696=ORIENTED_EDGE('',*,*,#3530,.F.);
#4697=ORIENTED_EDGE('',*,*,#3614,.F.);
#4698=ORIENTED_EDGE('',*,*,#3615,.F.);
#4699=ORIENTED_EDGE('',*,*,#3616,.T.);
#4700=ORIENTED_EDGE('',*,*,#3617,.T.);
#4701=ORIENTED_EDGE('',*,*,#3616,.F.);
#4702=ORIENTED_EDGE('',*,*,#3617,.F.);
#4703=ORIENTED_EDGE('',*,*,#3601,.T.);
#4704=ORIENTED_EDGE('',*,*,#3618,.F.);
#4705=ORIENTED_EDGE('',*,*,#3619,.T.);
#4706=ORIENTED_EDGE('',*,*,#3620,.T.);
#4707=ORIENTED_EDGE('',*,*,#3619,.F.);
#4708=ORIENTED_EDGE('',*,*,#3620,.F.);
#4709=ORIENTED_EDGE('',*,*,#3603,.T.);
#4710=ORIENTED_EDGE('',*,*,#3621,.F.);
#4711=ORIENTED_EDGE('',*,*,#3622,.T.);
#4712=ORIENTED_EDGE('',*,*,#3623,.T.);
#4713=ORIENTED_EDGE('',*,*,#3622,.F.);
#4714=ORIENTED_EDGE('',*,*,#3623,.F.);
#4715=ORIENTED_EDGE('',*,*,#3613,.T.);
#4716=ORIENTED_EDGE('',*,*,#3624,.F.);
#4717=ORIENTED_EDGE('',*,*,#3625,.T.);
#4718=ORIENTED_EDGE('',*,*,#3626,.T.);
#4719=ORIENTED_EDGE('',*,*,#3625,.F.);
#4720=ORIENTED_EDGE('',*,*,#3626,.F.);
#4721=ORIENTED_EDGE('',*,*,#3608,.T.);
#4722=ORIENTED_EDGE('',*,*,#3627,.F.);
#4723=ORIENTED_EDGE('',*,*,#3628,.T.);
#4724=ORIENTED_EDGE('',*,*,#3629,.T.);
#4725=ORIENTED_EDGE('',*,*,#3628,.F.);
#4726=ORIENTED_EDGE('',*,*,#3629,.F.);
#4727=ORIENTED_EDGE('',*,*,#3610,.T.);
#4728=ORIENTED_EDGE('',*,*,#3630,.F.);
#4729=ORIENTED_EDGE('',*,*,#3631,.T.);
#4730=ORIENTED_EDGE('',*,*,#3632,.T.);
#4731=ORIENTED_EDGE('',*,*,#3631,.F.);
#4732=ORIENTED_EDGE('',*,*,#3632,.F.);
#4733=ORIENTED_EDGE('',*,*,#3606,.T.);
#4734=ORIENTED_EDGE('',*,*,#3516,.F.);
#4735=ORIENTED_EDGE('',*,*,#3528,.F.);
#4736=ORIENTED_EDGE('',*,*,#3633,.T.);
#4737=ORIENTED_EDGE('',*,*,#3634,.T.);
#4738=ORIENTED_EDGE('',*,*,#3487,.T.);
#4739=ORIENTED_EDGE('',*,*,#3635,.T.);
#4740=ORIENTED_EDGE('',*,*,#3636,.T.);
#4741=ORIENTED_EDGE('',*,*,#3637,.T.);
#4742=ORIENTED_EDGE('',*,*,#3518,.T.);
#4743=ORIENTED_EDGE('',*,*,#3486,.T.);
#4744=ORIENTED_EDGE('',*,*,#3638,.T.);
#4745=ORIENTED_EDGE('',*,*,#3639,.T.);
#4746=ORIENTED_EDGE('',*,*,#3640,.T.);
#4747=ORIENTED_EDGE('',*,*,#3635,.F.);
#4748=ORIENTED_EDGE('',*,*,#3505,.F.);
#4749=ORIENTED_EDGE('',*,*,#3547,.F.);
#4750=ORIENTED_EDGE('',*,*,#3641,.T.);
#4751=ORIENTED_EDGE('',*,*,#3567,.F.);
#4752=ORIENTED_EDGE('',*,*,#3489,.T.);
#4753=ORIENTED_EDGE('',*,*,#3523,.F.);
#4754=ORIENTED_EDGE('',*,*,#3642,.T.);
#4755=ORIENTED_EDGE('',*,*,#3445,.T.);
#4756=ORIENTED_EDGE('',*,*,#3642,.F.);
#4757=ORIENTED_EDGE('',*,*,#3522,.F.);
#4758=ORIENTED_EDGE('',*,*,#3457,.T.);
#4759=ORIENTED_EDGE('',*,*,#3643,.T.);
#4760=ORIENTED_EDGE('',*,*,#3500,.T.);
#4761=ORIENTED_EDGE('',*,*,#3542,.F.);
#4762=ORIENTED_EDGE('',*,*,#3501,.T.);
#4763=ORIENTED_EDGE('',*,*,#3643,.F.);
#4764=ORIENTED_EDGE('',*,*,#3475,.T.);
#4765=ORIENTED_EDGE('',*,*,#3644,.T.);
#4766=ORIENTED_EDGE('',*,*,#3426,.T.);
#4767=ORIENTED_EDGE('',*,*,#3644,.F.);
#4768=ORIENTED_EDGE('',*,*,#3474,.T.);
#4769=ORIENTED_EDGE('',*,*,#3529,.F.);
#4770=ORIENTED_EDGE('',*,*,#3407,.T.);
#4771=ORIENTED_EDGE('',*,*,#3645,.T.);
#4772=ORIENTED_EDGE('',*,*,#3646,.F.);
#4773=ORIENTED_EDGE('',*,*,#3645,.F.);
#4774=ORIENTED_EDGE('',*,*,#3637,.F.);
#4775=ORIENTED_EDGE('',*,*,#3647,.T.);
#4776=ORIENTED_EDGE('',*,*,#3648,.F.);
#4777=ORIENTED_EDGE('',*,*,#3519,.T.);
#4778=ORIENTED_EDGE('',*,*,#3649,.F.);
#4779=ORIENTED_EDGE('',*,*,#3513,.T.);
#4780=ORIENTED_EDGE('',*,*,#3650,.T.);
#4781=ORIENTED_EDGE('',*,*,#3639,.F.);
#4782=ORIENTED_EDGE('',*,*,#3479,.T.);
#4783=ORIENTED_EDGE('',*,*,#3514,.T.);
#4784=ORIENTED_EDGE('',*,*,#3649,.T.);
#4785=ORIENTED_EDGE('',*,*,#3638,.F.);
#4786=ORIENTED_EDGE('',*,*,#3485,.T.);
#4787=ORIENTED_EDGE('',*,*,#3651,.F.);
#4788=ORIENTED_EDGE('',*,*,#3605,.T.);
#4789=ORIENTED_EDGE('',*,*,#3612,.T.);
#4790=ORIENTED_EDGE('',*,*,#3646,.T.);
#4791=ORIENTED_EDGE('',*,*,#3461,.T.);
#4792=ORIENTED_EDGE('',*,*,#3468,.T.);
#4793=ORIENTED_EDGE('',*,*,#3577,.F.);
#4794=ORIENTED_EDGE('',*,*,#3495,.T.);
#4795=ORIENTED_EDGE('',*,*,#3503,.T.);
#4796=ORIENTED_EDGE('',*,*,#3541,.F.);
#4797=ORIENTED_EDGE('',*,*,#3652,.T.);
#4798=ORIENTED_EDGE('',*,*,#3526,.T.);
#4799=ORIENTED_EDGE('',*,*,#3472,.T.);
#4800=ORIENTED_EDGE('',*,*,#3480,.T.);
#4801=ORIENTED_EDGE('',*,*,#3651,.T.);
#4802=ORIENTED_EDGE('',*,*,#3484,.T.);
#4803=ORIENTED_EDGE('',*,*,#3491,.T.);
#4804=ORIENTED_EDGE('',*,*,#3521,.T.);
#4805=ORIENTED_EDGE('',*,*,#3653,.T.);
#4806=ORIENTED_EDGE('',*,*,#3545,.F.);
#4807=ORIENTED_EDGE('',*,*,#3654,.T.);
#4808=ORIENTED_EDGE('',*,*,#3655,.F.);
#4809=ORIENTED_EDGE('',*,*,#3656,.F.);
#4810=ORIENTED_EDGE('',*,*,#3647,.F.);
#4811=ORIENTED_EDGE('',*,*,#3636,.F.);
#4812=ORIENTED_EDGE('',*,*,#3640,.F.);
#4813=ORIENTED_EDGE('',*,*,#3650,.F.);
#4814=ORIENTED_EDGE('',*,*,#3512,.F.);
#4815=ORIENTED_EDGE('',*,*,#3517,.F.);
#4816=ORIENTED_EDGE('',*,*,#3634,.F.);
#4817=ORIENTED_EDGE('',*,*,#3630,.T.);
#4818=ORIENTED_EDGE('',*,*,#3627,.T.);
#4819=ORIENTED_EDGE('',*,*,#3624,.T.);
#4820=ORIENTED_EDGE('',*,*,#3621,.T.);
#4821=ORIENTED_EDGE('',*,*,#3618,.T.);
#4822=ORIENTED_EDGE('',*,*,#3615,.T.);
#4823=ORIENTED_EDGE('',*,*,#3427,.T.);
#4824=ORIENTED_EDGE('',*,*,#3443,.T.);
#4825=ORIENTED_EDGE('',*,*,#3440,.T.);
#4826=ORIENTED_EDGE('',*,*,#3437,.T.);
#4827=ORIENTED_EDGE('',*,*,#3434,.T.);
#4828=ORIENTED_EDGE('',*,*,#3431,.T.);
#4829=ORIENTED_EDGE('',*,*,#3408,.T.);
#4830=ORIENTED_EDGE('',*,*,#3424,.T.);
#4831=ORIENTED_EDGE('',*,*,#3421,.T.);
#4832=ORIENTED_EDGE('',*,*,#3418,.T.);
#4833=ORIENTED_EDGE('',*,*,#3415,.T.);
#4834=ORIENTED_EDGE('',*,*,#3412,.T.);
#4835=ORIENTED_EDGE('',*,*,#3389,.T.);
#4836=ORIENTED_EDGE('',*,*,#3405,.T.);
#4837=ORIENTED_EDGE('',*,*,#3402,.T.);
#4838=ORIENTED_EDGE('',*,*,#3399,.T.);
#4839=ORIENTED_EDGE('',*,*,#3396,.T.);
#4840=ORIENTED_EDGE('',*,*,#3393,.T.);
#4841=ORIENTED_EDGE('',*,*,#3655,.T.);
#4842=ORIENTED_EDGE('',*,*,#3657,.T.);
#4843=ORIENTED_EDGE('',*,*,#3569,.T.);
#4844=ORIENTED_EDGE('',*,*,#3658,.T.);
#4845=ORIENTED_EDGE('',*,*,#3550,.T.);
#4846=ORIENTED_EDGE('',*,*,#3552,.T.);
#4847=ORIENTED_EDGE('',*,*,#3554,.T.);
#4848=ORIENTED_EDGE('',*,*,#3556,.T.);
#4849=ORIENTED_EDGE('',*,*,#3449,.T.);
#4850=ORIENTED_EDGE('',*,*,#3659,.T.);
#4851=ORIENTED_EDGE('',*,*,#3579,.T.);
#4852=ORIENTED_EDGE('',*,*,#3659,.F.);
#4853=ORIENTED_EDGE('',*,*,#3546,.F.);
#4854=ORIENTED_EDGE('',*,*,#3653,.F.);
#4855=ORIENTED_EDGE('',*,*,#3520,.T.);
#4856=ORIENTED_EDGE('',*,*,#3648,.T.);
#4857=ORIENTED_EDGE('',*,*,#3656,.T.);
#4858=ORIENTED_EDGE('',*,*,#3658,.F.);
#4859=ORIENTED_EDGE('',*,*,#3568,.F.);
#4860=ORIENTED_EDGE('',*,*,#3641,.F.);
#4861=ORIENTED_EDGE('',*,*,#3466,.T.);
#4862=ORIENTED_EDGE('',*,*,#3507,.F.);
#4863=ORIENTED_EDGE('',*,*,#3566,.F.);
#4864=ORIENTED_EDGE('',*,*,#3660,.F.);
#4865=ORIENTED_EDGE('',*,*,#3575,.F.);
#4866=ORIENTED_EDGE('',*,*,#3576,.T.);
#4867=ORIENTED_EDGE('',*,*,#3660,.T.);
#4868=ORIENTED_EDGE('',*,*,#3565,.F.);
#4869=ORIENTED_EDGE('',*,*,#3537,.F.);
#4870=ORIENTED_EDGE('',*,*,#3534,.F.);
#4871=ORIENTED_EDGE('',*,*,#3564,.F.);
#4872=ORIENTED_EDGE('',*,*,#3661,.F.);
#4873=ORIENTED_EDGE('',*,*,#3539,.T.);
#4874=ORIENTED_EDGE('',*,*,#3540,.T.);
#4875=ORIENTED_EDGE('',*,*,#3661,.T.);
#4876=ORIENTED_EDGE('',*,*,#3563,.T.);
#4877=ORIENTED_EDGE('',*,*,#3657,.F.);
#4878=ORIENTED_EDGE('',*,*,#3654,.F.);
#4879=ORIENTED_EDGE('',*,*,#3633,.F.);
#4880=ORIENTED_EDGE('',*,*,#3527,.F.);
#4881=ORIENTED_EDGE('',*,*,#3652,.F.);
#4882=ORIENTED_EDGE('',*,*,#3662,.F.);
#4883=ORIENTED_EDGE('',*,*,#3663,.T.);
#4884=ORIENTED_EDGE('',*,*,#3664,.F.);
#4885=ORIENTED_EDGE('',*,*,#3663,.F.);
#4886=ORIENTED_EDGE('',*,*,#3662,.T.);
#4887=ORIENTED_EDGE('',*,*,#3665,.F.);
#4888=ORIENTED_EDGE('',*,*,#3666,.F.);
#4889=ORIENTED_EDGE('',*,*,#3667,.T.);
#4890=ORIENTED_EDGE('',*,*,#3665,.T.);
#4891=ORIENTED_EDGE('',*,*,#3667,.F.);
#4892=ORIENTED_EDGE('',*,*,#3668,.T.);
#4893=ORIENTED_EDGE('',*,*,#3664,.T.);
#4894=ORIENTED_EDGE('',*,*,#3669,.F.);
#4895=ORIENTED_EDGE('',*,*,#3666,.T.);
#4896=ORIENTED_EDGE('',*,*,#3670,.F.);
#4897=ORIENTED_EDGE('',*,*,#3671,.T.);
#4898=ORIENTED_EDGE('',*,*,#3669,.T.);
#4899=ORIENTED_EDGE('',*,*,#3671,.F.);
#4900=ORIENTED_EDGE('',*,*,#3672,.F.);
#4901=ORIENTED_EDGE('',*,*,#3673,.T.);
#4902=ORIENTED_EDGE('',*,*,#3670,.T.);
#4903=ORIENTED_EDGE('',*,*,#3673,.F.);
#4904=ORIENTED_EDGE('',*,*,#3674,.F.);
#4905=ORIENTED_EDGE('',*,*,#3668,.F.);
#4906=ORIENTED_EDGE('',*,*,#3675,.T.);
#4907=ORIENTED_EDGE('',*,*,#3674,.T.);
#4908=ORIENTED_EDGE('',*,*,#3672,.T.);
#4909=ORIENTED_EDGE('',*,*,#3675,.F.);
#4910=ORIENTED_EDGE('',*,*,#3676,.T.);
#4911=ORIENTED_EDGE('',*,*,#3677,.T.);
#4912=ORIENTED_EDGE('',*,*,#3678,.T.);
#4913=ORIENTED_EDGE('',*,*,#3679,.T.);
#4914=ORIENTED_EDGE('',*,*,#3677,.F.);
#4915=ORIENTED_EDGE('',*,*,#3680,.T.);
#4916=ORIENTED_EDGE('',*,*,#3681,.F.);
#4917=ORIENTED_EDGE('',*,*,#3682,.F.);
#4918=ORIENTED_EDGE('',*,*,#3683,.T.);
#4919=ORIENTED_EDGE('',*,*,#3684,.T.);
#4920=ORIENTED_EDGE('',*,*,#3685,.T.);
#4921=ORIENTED_EDGE('',*,*,#3686,.T.);
#4922=ORIENTED_EDGE('',*,*,#3684,.F.);
#4923=ORIENTED_EDGE('',*,*,#3687,.T.);
#4924=ORIENTED_EDGE('',*,*,#3688,.F.);
#4925=ORIENTED_EDGE('',*,*,#3689,.F.);
#4926=ORIENTED_EDGE('',*,*,#3690,.T.);
#4927=ORIENTED_EDGE('',*,*,#3691,.T.);
#4928=ORIENTED_EDGE('',*,*,#3692,.T.);
#4929=ORIENTED_EDGE('',*,*,#3693,.T.);
#4930=ORIENTED_EDGE('',*,*,#3692,.F.);
#4931=ORIENTED_EDGE('',*,*,#3694,.F.);
#4932=ORIENTED_EDGE('',*,*,#3695,.F.);
#4933=ORIENTED_EDGE('',*,*,#3680,.F.);
#4934=ORIENTED_EDGE('',*,*,#3676,.F.);
#4935=ORIENTED_EDGE('',*,*,#3696,.T.);
#4936=ORIENTED_EDGE('',*,*,#3697,.F.);
#4937=ORIENTED_EDGE('',*,*,#3698,.F.);
#4938=ORIENTED_EDGE('',*,*,#3699,.T.);
#4939=ORIENTED_EDGE('',*,*,#3700,.T.);
#4940=ORIENTED_EDGE('',*,*,#3691,.F.);
#4941=ORIENTED_EDGE('',*,*,#3701,.F.);
#4942=ORIENTED_EDGE('',*,*,#3702,.F.);
#4943=ORIENTED_EDGE('',*,*,#3694,.T.);
#4944=ORIENTED_EDGE('',*,*,#3703,.T.);
#4945=ORIENTED_EDGE('',*,*,#3704,.T.);
#4946=ORIENTED_EDGE('',*,*,#3705,.T.);
#4947=ORIENTED_EDGE('',*,*,#3706,.T.);
#4948=ORIENTED_EDGE('',*,*,#3705,.F.);
#4949=ORIENTED_EDGE('',*,*,#3707,.T.);
#4950=ORIENTED_EDGE('',*,*,#3708,.F.);
#4951=ORIENTED_EDGE('',*,*,#3687,.F.);
#4952=ORIENTED_EDGE('',*,*,#3683,.F.);
#4953=ORIENTED_EDGE('',*,*,#3709,.T.);
#4954=ORIENTED_EDGE('',*,*,#3710,.F.);
#4955=ORIENTED_EDGE('',*,*,#3711,.T.);
#4956=ORIENTED_EDGE('',*,*,#3712,.F.);
#4957=ORIENTED_EDGE('',*,*,#3713,.F.);
#4958=ORIENTED_EDGE('',*,*,#3704,.F.);
#4959=ORIENTED_EDGE('',*,*,#3714,.F.);
#4960=ORIENTED_EDGE('',*,*,#3715,.F.);
#4961=ORIENTED_EDGE('',*,*,#3707,.F.);
#4962=ORIENTED_EDGE('',*,*,#3716,.F.);
#4963=ORIENTED_EDGE('',*,*,#3717,.T.);
#4964=ORIENTED_EDGE('',*,*,#3718,.T.);
#4965=ORIENTED_EDGE('',*,*,#3717,.F.);
#4966=ORIENTED_EDGE('',*,*,#3718,.F.);
#4967=ORIENTED_EDGE('',*,*,#3719,.F.);
#4968=ORIENTED_EDGE('',*,*,#3720,.F.);
#4969=ORIENTED_EDGE('',*,*,#3721,.T.);
#4970=ORIENTED_EDGE('',*,*,#3722,.T.);
#4971=ORIENTED_EDGE('',*,*,#3721,.F.);
#4972=ORIENTED_EDGE('',*,*,#3722,.F.);
#4973=ORIENTED_EDGE('',*,*,#3723,.F.);
#4974=ORIENTED_EDGE('',*,*,#3719,.T.);
#4975=ORIENTED_EDGE('',*,*,#3724,.T.);
#4976=ORIENTED_EDGE('',*,*,#3699,.F.);
#4977=ORIENTED_EDGE('',*,*,#3724,.F.);
#4978=ORIENTED_EDGE('',*,*,#3723,.T.);
#4979=ORIENTED_EDGE('',*,*,#3725,.T.);
#4980=ORIENTED_EDGE('',*,*,#3700,.F.);
#4981=ORIENTED_EDGE('',*,*,#3725,.F.);
#4982=ORIENTED_EDGE('',*,*,#3679,.F.);
#4983=ORIENTED_EDGE('',*,*,#3726,.F.);
#4984=ORIENTED_EDGE('',*,*,#3727,.F.);
#4985=ORIENTED_EDGE('',*,*,#3696,.F.);
#4986=ORIENTED_EDGE('',*,*,#3693,.F.);
#4987=ORIENTED_EDGE('',*,*,#3698,.T.);
#4988=ORIENTED_EDGE('',*,*,#3728,.F.);
#4989=ORIENTED_EDGE('',*,*,#3729,.F.);
#4990=ORIENTED_EDGE('',*,*,#3690,.F.);
#4991=ORIENTED_EDGE('',*,*,#3729,.T.);
#4992=ORIENTED_EDGE('',*,*,#3730,.F.);
#4993=ORIENTED_EDGE('',*,*,#3726,.T.);
#4994=ORIENTED_EDGE('',*,*,#3678,.F.);
#4995=ORIENTED_EDGE('',*,*,#3682,.T.);
#4996=ORIENTED_EDGE('',*,*,#3731,.F.);
#4997=ORIENTED_EDGE('',*,*,#3701,.T.);
#4998=ORIENTED_EDGE('',*,*,#3716,.T.);
#4999=ORIENTED_EDGE('',*,*,#3720,.T.);
#5000=ORIENTED_EDGE('',*,*,#3732,.F.);
#5001=ORIENTED_EDGE('',*,*,#3733,.T.);
#5002=ORIENTED_EDGE('',*,*,#3712,.T.);
#5003=ORIENTED_EDGE('',*,*,#3733,.F.);
#5004=ORIENTED_EDGE('',*,*,#3734,.F.);
#5005=ORIENTED_EDGE('',*,*,#3735,.T.);
#5006=ORIENTED_EDGE('',*,*,#3713,.T.);
#5007=ORIENTED_EDGE('',*,*,#3735,.F.);
#5008=ORIENTED_EDGE('',*,*,#3706,.F.);
#5009=ORIENTED_EDGE('',*,*,#3711,.F.);
#5010=ORIENTED_EDGE('',*,*,#3736,.F.);
#5011=ORIENTED_EDGE('',*,*,#3737,.F.);
#5012=ORIENTED_EDGE('',*,*,#3686,.F.);
#5013=ORIENTED_EDGE('',*,*,#3738,.F.);
#5014=ORIENTED_EDGE('',*,*,#3739,.F.);
#5015=ORIENTED_EDGE('',*,*,#3709,.F.);
#5016=ORIENTED_EDGE('',*,*,#3703,.F.);
#5017=ORIENTED_EDGE('',*,*,#3737,.T.);
#5018=ORIENTED_EDGE('',*,*,#3740,.F.);
#5019=ORIENTED_EDGE('',*,*,#3738,.T.);
#5020=ORIENTED_EDGE('',*,*,#3685,.F.);
#5021=ORIENTED_EDGE('',*,*,#3689,.T.);
#5022=ORIENTED_EDGE('',*,*,#3741,.F.);
#5023=ORIENTED_EDGE('',*,*,#3714,.T.);
#5024=ORIENTED_EDGE('',*,*,#3734,.T.);
#5025=ORIENTED_EDGE('',*,*,#3732,.T.);
#5026=ORIENTED_EDGE('',*,*,#3742,.T.);
#5027=ORIENTED_EDGE('',*,*,#3743,.T.);
#5028=ORIENTED_EDGE('',*,*,#3744,.T.);
#5029=ORIENTED_EDGE('',*,*,#3745,.T.);
#5030=ORIENTED_EDGE('',*,*,#3746,.T.);
#5031=ORIENTED_EDGE('',*,*,#3747,.T.);
#5032=ORIENTED_EDGE('',*,*,#3748,.T.);
#5033=ORIENTED_EDGE('',*,*,#3749,.T.);
#5034=ORIENTED_EDGE('',*,*,#3750,.T.);
#5035=ORIENTED_EDGE('',*,*,#3751,.T.);
#5036=ORIENTED_EDGE('',*,*,#3752,.T.);
#5037=ORIENTED_EDGE('',*,*,#3753,.T.);
#5038=ORIENTED_EDGE('',*,*,#3754,.T.);
#5039=ORIENTED_EDGE('',*,*,#3755,.F.);
#5040=ORIENTED_EDGE('',*,*,#3756,.T.);
#5041=ORIENTED_EDGE('',*,*,#3750,.F.);
#5042=ORIENTED_EDGE('',*,*,#3757,.F.);
#5043=ORIENTED_EDGE('',*,*,#3758,.F.);
#5044=ORIENTED_EDGE('',*,*,#3759,.T.);
#5045=ORIENTED_EDGE('',*,*,#3751,.F.);
#5046=ORIENTED_EDGE('',*,*,#3756,.F.);
#5047=ORIENTED_EDGE('',*,*,#3760,.F.);
#5048=ORIENTED_EDGE('',*,*,#3761,.F.);
#5049=ORIENTED_EDGE('',*,*,#3742,.F.);
#5050=ORIENTED_EDGE('',*,*,#3759,.F.);
#5051=ORIENTED_EDGE('',*,*,#3762,.F.);
#5052=ORIENTED_EDGE('',*,*,#3763,.T.);
#5053=ORIENTED_EDGE('',*,*,#3743,.F.);
#5054=ORIENTED_EDGE('',*,*,#3761,.T.);
#5055=ORIENTED_EDGE('',*,*,#3764,.F.);
#5056=ORIENTED_EDGE('',*,*,#3765,.T.);
#5057=ORIENTED_EDGE('',*,*,#3744,.F.);
#5058=ORIENTED_EDGE('',*,*,#3763,.F.);
#5059=ORIENTED_EDGE('',*,*,#3766,.F.);
#5060=ORIENTED_EDGE('',*,*,#3767,.T.);
#5061=ORIENTED_EDGE('',*,*,#3752,.F.);
#5062=ORIENTED_EDGE('',*,*,#3767,.F.);
#5063=ORIENTED_EDGE('',*,*,#3768,.F.);
#5064=ORIENTED_EDGE('',*,*,#3769,.T.);
#5065=ORIENTED_EDGE('',*,*,#3753,.F.);
#5066=ORIENTED_EDGE('',*,*,#3769,.F.);
#5067=ORIENTED_EDGE('',*,*,#3770,.F.);
#5068=ORIENTED_EDGE('',*,*,#3771,.T.);
#5069=ORIENTED_EDGE('',*,*,#3754,.F.);
#5070=ORIENTED_EDGE('',*,*,#3771,.F.);
#5071=ORIENTED_EDGE('',*,*,#3772,.F.);
#5072=ORIENTED_EDGE('',*,*,#3773,.T.);
#5073=ORIENTED_EDGE('',*,*,#3745,.F.);
#5074=ORIENTED_EDGE('',*,*,#3765,.F.);
#5075=ORIENTED_EDGE('',*,*,#3774,.F.);
#5076=ORIENTED_EDGE('',*,*,#3775,.T.);
#5077=ORIENTED_EDGE('',*,*,#3746,.F.);
#5078=ORIENTED_EDGE('',*,*,#3773,.F.);
#5079=ORIENTED_EDGE('',*,*,#3728,.T.);
#5080=ORIENTED_EDGE('',*,*,#3697,.T.);
#5081=ORIENTED_EDGE('',*,*,#3727,.T.);
#5082=ORIENTED_EDGE('',*,*,#3730,.T.);
#5083=ORIENTED_EDGE('',*,*,#3702,.T.);
#5084=ORIENTED_EDGE('',*,*,#3731,.T.);
#5085=ORIENTED_EDGE('',*,*,#3681,.T.);
#5086=ORIENTED_EDGE('',*,*,#3695,.T.);
#5087=ORIENTED_EDGE('',*,*,#3688,.T.);
#5088=ORIENTED_EDGE('',*,*,#3708,.T.);
#5089=ORIENTED_EDGE('',*,*,#3715,.T.);
#5090=ORIENTED_EDGE('',*,*,#3741,.T.);
#5091=ORIENTED_EDGE('',*,*,#3739,.T.);
#5092=ORIENTED_EDGE('',*,*,#3740,.T.);
#5093=ORIENTED_EDGE('',*,*,#3736,.T.);
#5094=ORIENTED_EDGE('',*,*,#3710,.T.);
#5095=ORIENTED_EDGE('',*,*,#3776,.F.);
#5096=ORIENTED_EDGE('',*,*,#3777,.T.);
#5097=ORIENTED_EDGE('',*,*,#3747,.F.);
#5098=ORIENTED_EDGE('',*,*,#3775,.F.);
#5099=ORIENTED_EDGE('',*,*,#3778,.F.);
#5100=ORIENTED_EDGE('',*,*,#3779,.T.);
#5101=ORIENTED_EDGE('',*,*,#3748,.F.);
#5102=ORIENTED_EDGE('',*,*,#3777,.F.);
#5103=ORIENTED_EDGE('',*,*,#3780,.F.);
#5104=ORIENTED_EDGE('',*,*,#3757,.T.);
#5105=ORIENTED_EDGE('',*,*,#3749,.F.);
#5106=ORIENTED_EDGE('',*,*,#3779,.F.);
#5107=ORIENTED_EDGE('',*,*,#3764,.T.);
#5108=ORIENTED_EDGE('',*,*,#3762,.T.);
#5109=ORIENTED_EDGE('',*,*,#3760,.T.);
#5110=ORIENTED_EDGE('',*,*,#3758,.T.);
#5111=ORIENTED_EDGE('',*,*,#3755,.T.);
#5112=ORIENTED_EDGE('',*,*,#3780,.T.);
#5113=ORIENTED_EDGE('',*,*,#3778,.T.);
#5114=ORIENTED_EDGE('',*,*,#3776,.T.);
#5115=ORIENTED_EDGE('',*,*,#3774,.T.);
#5116=ORIENTED_EDGE('',*,*,#3772,.T.);
#5117=ORIENTED_EDGE('',*,*,#3766,.T.);
#5118=ORIENTED_EDGE('',*,*,#3768,.T.);
#5119=ORIENTED_EDGE('',*,*,#3770,.T.);
#5120=ORIENTED_EDGE('',*,*,#3781,.F.);
#5121=ORIENTED_EDGE('',*,*,#3782,.F.);
#5122=ORIENTED_EDGE('',*,*,#3783,.F.);
#5123=ORIENTED_EDGE('',*,*,#3784,.F.);
#5124=ORIENTED_EDGE('',*,*,#3784,.T.);
#5125=ORIENTED_EDGE('',*,*,#3785,.T.);
#5126=ORIENTED_EDGE('',*,*,#3786,.T.);
#5127=ORIENTED_EDGE('',*,*,#3787,.F.);
#5128=ORIENTED_EDGE('',*,*,#3788,.F.);
#5129=ORIENTED_EDGE('',*,*,#3789,.F.);
#5130=ORIENTED_EDGE('',*,*,#3790,.F.);
#5131=ORIENTED_EDGE('',*,*,#3791,.F.);
#5132=ORIENTED_EDGE('',*,*,#3791,.T.);
#5133=ORIENTED_EDGE('',*,*,#3792,.T.);
#5134=ORIENTED_EDGE('',*,*,#3793,.T.);
#5135=ORIENTED_EDGE('',*,*,#3794,.F.);
#5136=ORIENTED_EDGE('',*,*,#3795,.F.);
#5137=ORIENTED_EDGE('',*,*,#3796,.F.);
#5138=ORIENTED_EDGE('',*,*,#3797,.F.);
#5139=ORIENTED_EDGE('',*,*,#3798,.F.);
#5140=ORIENTED_EDGE('',*,*,#3797,.T.);
#5141=ORIENTED_EDGE('',*,*,#3799,.T.);
#5142=ORIENTED_EDGE('',*,*,#3800,.T.);
#5143=ORIENTED_EDGE('',*,*,#3801,.F.);
#5144=ORIENTED_EDGE('',*,*,#3781,.T.);
#5145=ORIENTED_EDGE('',*,*,#3787,.T.);
#5146=ORIENTED_EDGE('',*,*,#3802,.T.);
#5147=ORIENTED_EDGE('',*,*,#3803,.T.);
#5148=ORIENTED_EDGE('',*,*,#3804,.F.);
#5149=ORIENTED_EDGE('',*,*,#3805,.F.);
#5150=ORIENTED_EDGE('',*,*,#3798,.T.);
#5151=ORIENTED_EDGE('',*,*,#3803,.F.);
#5152=ORIENTED_EDGE('',*,*,#3806,.T.);
#5153=ORIENTED_EDGE('',*,*,#3807,.T.);
#5154=ORIENTED_EDGE('',*,*,#3808,.F.);
#5155=ORIENTED_EDGE('',*,*,#3809,.F.);
#5156=ORIENTED_EDGE('',*,*,#3810,.F.);
#5157=ORIENTED_EDGE('',*,*,#3811,.F.);
#5158=ORIENTED_EDGE('',*,*,#3810,.T.);
#5159=ORIENTED_EDGE('',*,*,#3812,.F.);
#5160=ORIENTED_EDGE('',*,*,#3813,.T.);
#5161=ORIENTED_EDGE('',*,*,#3814,.F.);
#5162=ORIENTED_EDGE('',*,*,#3788,.T.);
#5163=ORIENTED_EDGE('',*,*,#3794,.T.);
#5164=ORIENTED_EDGE('',*,*,#3815,.T.);
#5165=ORIENTED_EDGE('',*,*,#3816,.F.);
#5166=ORIENTED_EDGE('',*,*,#3817,.T.);
#5167=ORIENTED_EDGE('',*,*,#3818,.T.);
#5168=ORIENTED_EDGE('',*,*,#3811,.T.);
#5169=ORIENTED_EDGE('',*,*,#3816,.T.);
#5170=ORIENTED_EDGE('',*,*,#3819,.T.);
#5171=ORIENTED_EDGE('',*,*,#3820,.T.);
#5172=ORIENTED_EDGE('',*,*,#3821,.T.);
#5173=ORIENTED_EDGE('',*,*,#3822,.T.);
#5174=ORIENTED_EDGE('',*,*,#3823,.F.);
#5175=ORIENTED_EDGE('',*,*,#3822,.F.);
#5176=ORIENTED_EDGE('',*,*,#3823,.T.);
#5177=ORIENTED_EDGE('',*,*,#3824,.T.);
#5178=ORIENTED_EDGE('',*,*,#3825,.T.);
#5179=ORIENTED_EDGE('',*,*,#3826,.T.);
#5180=ORIENTED_EDGE('',*,*,#3827,.F.);
#5181=ORIENTED_EDGE('',*,*,#3826,.F.);
#5182=ORIENTED_EDGE('',*,*,#3827,.T.);
#5183=ORIENTED_EDGE('',*,*,#3828,.T.);
#5184=ORIENTED_EDGE('',*,*,#3824,.F.);
#5185=ORIENTED_EDGE('',*,*,#3829,.T.);
#5186=ORIENTED_EDGE('',*,*,#3804,.T.);
#5187=ORIENTED_EDGE('',*,*,#3829,.F.);
#5188=ORIENTED_EDGE('',*,*,#3828,.F.);
#5189=ORIENTED_EDGE('',*,*,#3830,.T.);
#5190=ORIENTED_EDGE('',*,*,#3805,.T.);
#5191=ORIENTED_EDGE('',*,*,#3830,.F.);
#5192=ORIENTED_EDGE('',*,*,#3782,.T.);
#5193=ORIENTED_EDGE('',*,*,#3801,.T.);
#5194=ORIENTED_EDGE('',*,*,#3831,.T.);
#5195=ORIENTED_EDGE('',*,*,#3832,.T.);
#5196=ORIENTED_EDGE('',*,*,#3796,.T.);
#5197=ORIENTED_EDGE('',*,*,#3833,.T.);
#5198=ORIENTED_EDGE('',*,*,#3834,.T.);
#5199=ORIENTED_EDGE('',*,*,#3799,.F.);
#5200=ORIENTED_EDGE('',*,*,#3795,.T.);
#5201=ORIENTED_EDGE('',*,*,#3807,.F.);
#5202=ORIENTED_EDGE('',*,*,#3835,.T.);
#5203=ORIENTED_EDGE('',*,*,#3785,.F.);
#5204=ORIENTED_EDGE('',*,*,#3783,.T.);
#5205=ORIENTED_EDGE('',*,*,#3832,.F.);
#5206=ORIENTED_EDGE('',*,*,#3836,.T.);
#5207=ORIENTED_EDGE('',*,*,#3833,.F.);
#5208=ORIENTED_EDGE('',*,*,#3821,.F.);
#5209=ORIENTED_EDGE('',*,*,#3825,.F.);
#5210=ORIENTED_EDGE('',*,*,#3837,.T.);
#5211=ORIENTED_EDGE('',*,*,#3838,.T.);
#5212=ORIENTED_EDGE('',*,*,#3817,.F.);
#5213=ORIENTED_EDGE('',*,*,#3838,.F.);
#5214=ORIENTED_EDGE('',*,*,#3839,.T.);
#5215=ORIENTED_EDGE('',*,*,#3840,.T.);
#5216=ORIENTED_EDGE('',*,*,#3818,.F.);
#5217=ORIENTED_EDGE('',*,*,#3840,.F.);
#5218=ORIENTED_EDGE('',*,*,#3809,.T.);
#5219=ORIENTED_EDGE('',*,*,#3841,.T.);
#5220=ORIENTED_EDGE('',*,*,#3842,.T.);
#5221=ORIENTED_EDGE('',*,*,#3812,.T.);
#5222=ORIENTED_EDGE('',*,*,#3789,.T.);
#5223=ORIENTED_EDGE('',*,*,#3814,.T.);
#5224=ORIENTED_EDGE('',*,*,#3843,.T.);
#5225=ORIENTED_EDGE('',*,*,#3844,.T.);
#5226=ORIENTED_EDGE('',*,*,#3808,.T.);
#5227=ORIENTED_EDGE('',*,*,#3820,.F.);
#5228=ORIENTED_EDGE('',*,*,#3845,.T.);
#5229=ORIENTED_EDGE('',*,*,#3792,.F.);
#5230=ORIENTED_EDGE('',*,*,#3790,.T.);
#5231=ORIENTED_EDGE('',*,*,#3844,.F.);
#5232=ORIENTED_EDGE('',*,*,#3846,.T.);
#5233=ORIENTED_EDGE('',*,*,#3841,.F.);
#5234=ORIENTED_EDGE('',*,*,#3839,.F.);
#5235=ORIENTED_EDGE('',*,*,#3837,.F.);
#5236=ORIENTED_EDGE('',*,*,#3847,.F.);
#5237=ORIENTED_EDGE('',*,*,#3848,.F.);
#5238=ORIENTED_EDGE('',*,*,#3849,.F.);
#5239=ORIENTED_EDGE('',*,*,#3850,.F.);
#5240=ORIENTED_EDGE('',*,*,#3851,.F.);
#5241=ORIENTED_EDGE('',*,*,#3852,.F.);
#5242=ORIENTED_EDGE('',*,*,#3853,.F.);
#5243=ORIENTED_EDGE('',*,*,#3854,.F.);
#5244=ORIENTED_EDGE('',*,*,#3855,.F.);
#5245=ORIENTED_EDGE('',*,*,#3856,.F.);
#5246=ORIENTED_EDGE('',*,*,#3857,.F.);
#5247=ORIENTED_EDGE('',*,*,#3858,.F.);
#5248=ORIENTED_EDGE('',*,*,#3859,.F.);
#5249=ORIENTED_EDGE('',*,*,#3860,.T.);
#5250=ORIENTED_EDGE('',*,*,#3861,.T.);
#5251=ORIENTED_EDGE('',*,*,#3849,.T.);
#5252=ORIENTED_EDGE('',*,*,#3862,.F.);
#5253=ORIENTED_EDGE('',*,*,#3863,.T.);
#5254=ORIENTED_EDGE('',*,*,#3862,.T.);
#5255=ORIENTED_EDGE('',*,*,#3848,.T.);
#5256=ORIENTED_EDGE('',*,*,#3864,.F.);
#5257=ORIENTED_EDGE('',*,*,#3865,.T.);
#5258=ORIENTED_EDGE('',*,*,#3864,.T.);
#5259=ORIENTED_EDGE('',*,*,#3847,.T.);
#5260=ORIENTED_EDGE('',*,*,#3866,.T.);
#5261=ORIENTED_EDGE('',*,*,#3867,.T.);
#5262=ORIENTED_EDGE('',*,*,#3866,.F.);
#5263=ORIENTED_EDGE('',*,*,#3856,.T.);
#5264=ORIENTED_EDGE('',*,*,#3868,.F.);
#5265=ORIENTED_EDGE('',*,*,#3869,.T.);
#5266=ORIENTED_EDGE('',*,*,#3868,.T.);
#5267=ORIENTED_EDGE('',*,*,#3855,.T.);
#5268=ORIENTED_EDGE('',*,*,#3870,.F.);
#5269=ORIENTED_EDGE('',*,*,#3871,.T.);
#5270=ORIENTED_EDGE('',*,*,#3872,.T.);
#5271=ORIENTED_EDGE('',*,*,#3857,.T.);
#5272=ORIENTED_EDGE('',*,*,#3872,.F.);
#5273=ORIENTED_EDGE('',*,*,#3873,.T.);
#5274=ORIENTED_EDGE('',*,*,#3874,.T.);
#5275=ORIENTED_EDGE('',*,*,#3858,.T.);
#5276=ORIENTED_EDGE('',*,*,#3874,.F.);
#5277=ORIENTED_EDGE('',*,*,#3875,.T.);
#5278=ORIENTED_EDGE('',*,*,#3876,.T.);
#5279=ORIENTED_EDGE('',*,*,#3859,.T.);
#5280=ORIENTED_EDGE('',*,*,#3876,.F.);
#5281=ORIENTED_EDGE('',*,*,#3877,.T.);
#5282=ORIENTED_EDGE('',*,*,#3870,.T.);
#5283=ORIENTED_EDGE('',*,*,#3854,.T.);
#5284=ORIENTED_EDGE('',*,*,#3878,.F.);
#5285=ORIENTED_EDGE('',*,*,#3879,.T.);
#5286=ORIENTED_EDGE('',*,*,#3878,.T.);
#5287=ORIENTED_EDGE('',*,*,#3853,.T.);
#5288=ORIENTED_EDGE('',*,*,#3880,.F.);
#5289=ORIENTED_EDGE('',*,*,#3834,.F.);
#5290=ORIENTED_EDGE('',*,*,#3836,.F.);
#5291=ORIENTED_EDGE('',*,*,#3831,.F.);
#5292=ORIENTED_EDGE('',*,*,#3800,.F.);
#5293=ORIENTED_EDGE('',*,*,#3806,.F.);
#5294=ORIENTED_EDGE('',*,*,#3802,.F.);
#5295=ORIENTED_EDGE('',*,*,#3786,.F.);
#5296=ORIENTED_EDGE('',*,*,#3835,.F.);
#5297=ORIENTED_EDGE('',*,*,#3793,.F.);
#5298=ORIENTED_EDGE('',*,*,#3845,.F.);
#5299=ORIENTED_EDGE('',*,*,#3819,.F.);
#5300=ORIENTED_EDGE('',*,*,#3815,.F.);
#5301=ORIENTED_EDGE('',*,*,#3843,.F.);
#5302=ORIENTED_EDGE('',*,*,#3813,.F.);
#5303=ORIENTED_EDGE('',*,*,#3842,.F.);
#5304=ORIENTED_EDGE('',*,*,#3846,.F.);
#5305=ORIENTED_EDGE('',*,*,#3881,.T.);
#5306=ORIENTED_EDGE('',*,*,#3880,.T.);
#5307=ORIENTED_EDGE('',*,*,#3852,.T.);
#5308=ORIENTED_EDGE('',*,*,#3882,.F.);
#5309=ORIENTED_EDGE('',*,*,#3883,.T.);
#5310=ORIENTED_EDGE('',*,*,#3882,.T.);
#5311=ORIENTED_EDGE('',*,*,#3851,.T.);
#5312=ORIENTED_EDGE('',*,*,#3884,.F.);
#5313=ORIENTED_EDGE('',*,*,#3885,.T.);
#5314=ORIENTED_EDGE('',*,*,#3884,.T.);
#5315=ORIENTED_EDGE('',*,*,#3850,.T.);
#5316=ORIENTED_EDGE('',*,*,#3861,.F.);
#5317=ORIENTED_EDGE('',*,*,#3869,.F.);
#5318=ORIENTED_EDGE('',*,*,#3877,.F.);
#5319=ORIENTED_EDGE('',*,*,#3879,.F.);
#5320=ORIENTED_EDGE('',*,*,#3881,.F.);
#5321=ORIENTED_EDGE('',*,*,#3883,.F.);
#5322=ORIENTED_EDGE('',*,*,#3885,.F.);
#5323=ORIENTED_EDGE('',*,*,#3860,.F.);
#5324=ORIENTED_EDGE('',*,*,#3863,.F.);
#5325=ORIENTED_EDGE('',*,*,#3865,.F.);
#5326=ORIENTED_EDGE('',*,*,#3867,.F.);
#5327=ORIENTED_EDGE('',*,*,#3871,.F.);
#5328=ORIENTED_EDGE('',*,*,#3873,.F.);
#5329=ORIENTED_EDGE('',*,*,#3875,.F.);
#5330=ORIENTED_EDGE('',*,*,#3886,.F.);
#5331=ORIENTED_EDGE('',*,*,#3887,.T.);
#5332=ORIENTED_EDGE('',*,*,#3888,.F.);
#5333=ORIENTED_EDGE('',*,*,#3887,.F.);
#5334=ORIENTED_EDGE('',*,*,#3889,.T.);
#5335=ORIENTED_EDGE('',*,*,#3890,.T.);
#5336=ORIENTED_EDGE('',*,*,#3891,.T.);
#5337=ORIENTED_EDGE('',*,*,#3890,.F.);
#5338=ORIENTED_EDGE('',*,*,#3891,.F.);
#5339=ORIENTED_EDGE('',*,*,#3892,.T.);
#5340=ORIENTED_EDGE('',*,*,#3893,.T.);
#5341=ORIENTED_EDGE('',*,*,#3894,.T.);
#5342=ORIENTED_EDGE('',*,*,#3895,.T.);
#5343=ORIENTED_EDGE('',*,*,#3896,.T.);
#5344=ORIENTED_EDGE('',*,*,#3897,.T.);
#5345=ORIENTED_EDGE('',*,*,#3898,.F.);
#5346=ORIENTED_EDGE('',*,*,#3899,.T.);
#5347=ORIENTED_EDGE('',*,*,#3889,.F.);
#5348=ORIENTED_EDGE('',*,*,#3899,.F.);
#5349=ORIENTED_EDGE('',*,*,#3900,.F.);
#5350=ORIENTED_EDGE('',*,*,#3901,.F.);
#5351=ORIENTED_EDGE('',*,*,#3902,.T.);
#5352=ORIENTED_EDGE('',*,*,#3902,.F.);
#5353=ORIENTED_EDGE('',*,*,#3903,.F.);
#5354=ORIENTED_EDGE('',*,*,#3904,.T.);
#5355=ORIENTED_EDGE('',*,*,#3904,.F.);
#5356=ORIENTED_EDGE('',*,*,#3905,.F.);
#5357=ORIENTED_EDGE('',*,*,#3906,.T.);
#5358=ORIENTED_EDGE('',*,*,#3906,.F.);
#5359=ORIENTED_EDGE('',*,*,#3907,.F.);
#5360=ORIENTED_EDGE('',*,*,#3908,.T.);
#5361=ORIENTED_EDGE('',*,*,#3908,.F.);
#5362=ORIENTED_EDGE('',*,*,#3909,.F.);
#5363=ORIENTED_EDGE('',*,*,#3910,.T.);
#5364=ORIENTED_EDGE('',*,*,#3910,.F.);
#5365=ORIENTED_EDGE('',*,*,#3911,.F.);
#5366=ORIENTED_EDGE('',*,*,#3900,.T.);
#5367=ORIENTED_EDGE('',*,*,#3892,.F.);
#5368=ORIENTED_EDGE('',*,*,#3912,.T.);
#5369=ORIENTED_EDGE('',*,*,#3901,.T.);
#5370=ORIENTED_EDGE('',*,*,#3913,.F.);
#5371=ORIENTED_EDGE('',*,*,#3897,.F.);
#5372=ORIENTED_EDGE('',*,*,#3914,.T.);
#5373=ORIENTED_EDGE('',*,*,#3903,.T.);
#5374=ORIENTED_EDGE('',*,*,#3912,.F.);
#5375=ORIENTED_EDGE('',*,*,#3896,.F.);
#5376=ORIENTED_EDGE('',*,*,#3915,.T.);
#5377=ORIENTED_EDGE('',*,*,#3905,.T.);
#5378=ORIENTED_EDGE('',*,*,#3914,.F.);
#5379=ORIENTED_EDGE('',*,*,#3895,.F.);
#5380=ORIENTED_EDGE('',*,*,#3916,.T.);
#5381=ORIENTED_EDGE('',*,*,#3907,.T.);
#5382=ORIENTED_EDGE('',*,*,#3915,.F.);
#5383=ORIENTED_EDGE('',*,*,#3894,.F.);
#5384=ORIENTED_EDGE('',*,*,#3917,.T.);
#5385=ORIENTED_EDGE('',*,*,#3909,.T.);
#5386=ORIENTED_EDGE('',*,*,#3916,.F.);
#5387=ORIENTED_EDGE('',*,*,#3893,.F.);
#5388=ORIENTED_EDGE('',*,*,#3913,.T.);
#5389=ORIENTED_EDGE('',*,*,#3911,.T.);
#5390=ORIENTED_EDGE('',*,*,#3917,.F.);
#5391=ORIENTED_EDGE('',*,*,#3886,.T.);
#5392=ORIENTED_EDGE('',*,*,#3918,.T.);
#5393=ORIENTED_EDGE('',*,*,#3919,.T.);
#5394=ORIENTED_EDGE('',*,*,#3918,.F.);
#5395=ORIENTED_EDGE('',*,*,#3888,.T.);
#5396=ORIENTED_EDGE('',*,*,#3898,.T.);
#5397=ORIENTED_EDGE('',*,*,#3919,.F.);
#5398=ORIENTED_EDGE('',*,*,#3920,.T.);
#5399=ORIENTED_EDGE('',*,*,#3921,.T.);
#5400=ORIENTED_EDGE('',*,*,#3922,.T.);
#5401=ORIENTED_EDGE('',*,*,#3923,.T.);
#5402=ORIENTED_EDGE('',*,*,#3924,.T.);
#5403=ORIENTED_EDGE('',*,*,#3925,.T.);
#5404=ORIENTED_EDGE('',*,*,#3925,.F.);
#5405=ORIENTED_EDGE('',*,*,#3926,.T.);
#5406=ORIENTED_EDGE('',*,*,#3927,.F.);
#5407=ORIENTED_EDGE('',*,*,#3928,.F.);
#5408=ORIENTED_EDGE('',*,*,#3929,.T.);
#5409=ORIENTED_EDGE('',*,*,#3930,.T.);
#5410=ORIENTED_EDGE('',*,*,#3924,.F.);
#5411=ORIENTED_EDGE('',*,*,#3931,.F.);
#5412=ORIENTED_EDGE('',*,*,#3932,.F.);
#5413=ORIENTED_EDGE('',*,*,#3926,.F.);
#5414=ORIENTED_EDGE('',*,*,#3933,.T.);
#5415=ORIENTED_EDGE('',*,*,#3923,.F.);
#5416=ORIENTED_EDGE('',*,*,#3934,.T.);
#5417=ORIENTED_EDGE('',*,*,#3935,.T.);
#5418=ORIENTED_EDGE('',*,*,#3936,.T.);
#5419=ORIENTED_EDGE('',*,*,#3937,.T.);
#5420=ORIENTED_EDGE('',*,*,#3931,.T.);
#5421=ORIENTED_EDGE('',*,*,#3922,.F.);
#5422=ORIENTED_EDGE('',*,*,#3938,.T.);
#5423=ORIENTED_EDGE('',*,*,#3934,.F.);
#5424=ORIENTED_EDGE('',*,*,#3921,.F.);
#5425=ORIENTED_EDGE('',*,*,#3939,.F.);
#5426=ORIENTED_EDGE('',*,*,#3940,.T.);
#5427=ORIENTED_EDGE('',*,*,#3941,.F.);
#5428=ORIENTED_EDGE('',*,*,#3937,.F.);
#5429=ORIENTED_EDGE('',*,*,#3942,.T.);
#5430=ORIENTED_EDGE('',*,*,#3943,.T.);
#5431=ORIENTED_EDGE('',*,*,#3944,.T.);
#5432=ORIENTED_EDGE('',*,*,#3927,.T.);
#5433=ORIENTED_EDGE('',*,*,#3932,.T.);
#5434=ORIENTED_EDGE('',*,*,#3936,.F.);
#5435=ORIENTED_EDGE('',*,*,#3945,.T.);
#5436=ORIENTED_EDGE('',*,*,#3942,.F.);
#5437=ORIENTED_EDGE('',*,*,#3944,.F.);
#5438=ORIENTED_EDGE('',*,*,#3946,.T.);
#5439=ORIENTED_EDGE('',*,*,#3928,.T.);
#5440=ORIENTED_EDGE('',*,*,#3920,.F.);
#5441=ORIENTED_EDGE('',*,*,#3930,.F.);
#5442=ORIENTED_EDGE('',*,*,#3947,.T.);
#5443=ORIENTED_EDGE('',*,*,#3929,.F.);
#5444=ORIENTED_EDGE('',*,*,#3948,.F.);
#5445=ORIENTED_EDGE('',*,*,#3949,.F.);
#5446=ORIENTED_EDGE('',*,*,#3950,.F.);
#5447=ORIENTED_EDGE('',*,*,#3951,.F.);
#5448=ORIENTED_EDGE('',*,*,#3952,.F.);
#5449=ORIENTED_EDGE('',*,*,#3953,.F.);
#5450=ORIENTED_EDGE('',*,*,#3954,.F.);
#5451=ORIENTED_EDGE('',*,*,#3955,.F.);
#5452=ORIENTED_EDGE('',*,*,#3956,.F.);
#5453=ORIENTED_EDGE('',*,*,#3957,.F.);
#5454=ORIENTED_EDGE('',*,*,#3958,.F.);
#5455=ORIENTED_EDGE('',*,*,#3959,.F.);
#5456=ORIENTED_EDGE('',*,*,#3960,.F.);
#5457=ORIENTED_EDGE('',*,*,#3961,.F.);
#5458=ORIENTED_EDGE('',*,*,#3962,.F.);
#5459=ORIENTED_EDGE('',*,*,#3963,.F.);
#5460=ORIENTED_EDGE('',*,*,#3964,.F.);
#5461=ORIENTED_EDGE('',*,*,#3965,.T.);
#5462=ORIENTED_EDGE('',*,*,#3966,.T.);
#5463=ORIENTED_EDGE('',*,*,#3967,.T.);
#5464=ORIENTED_EDGE('',*,*,#3968,.F.);
#5465=ORIENTED_EDGE('',*,*,#3969,.F.);
#5466=ORIENTED_EDGE('',*,*,#3970,.F.);
#5467=ORIENTED_EDGE('',*,*,#3971,.F.);
#5468=ORIENTED_EDGE('',*,*,#3946,.F.);
#5469=ORIENTED_EDGE('',*,*,#3972,.T.);
#5470=ORIENTED_EDGE('',*,*,#3973,.T.);
#5471=ORIENTED_EDGE('',*,*,#3948,.T.);
#5472=ORIENTED_EDGE('',*,*,#3943,.F.);
#5473=ORIENTED_EDGE('',*,*,#3974,.F.);
#5474=ORIENTED_EDGE('',*,*,#3975,.T.);
#5475=ORIENTED_EDGE('',*,*,#3972,.F.);
#5476=ORIENTED_EDGE('',*,*,#3933,.F.);
#5477=ORIENTED_EDGE('',*,*,#3976,.T.);
#5478=ORIENTED_EDGE('',*,*,#3977,.F.);
#5479=ORIENTED_EDGE('',*,*,#3976,.F.);
#5480=ORIENTED_EDGE('',*,*,#3978,.T.);
#5481=ORIENTED_EDGE('',*,*,#3979,.T.);
#5482=ORIENTED_EDGE('',*,*,#3980,.T.);
#5483=ORIENTED_EDGE('',*,*,#3981,.T.);
#5484=ORIENTED_EDGE('',*,*,#3982,.F.);
#5485=ORIENTED_EDGE('',*,*,#3983,.T.);
#5486=ORIENTED_EDGE('',*,*,#3984,.T.);
#5487=ORIENTED_EDGE('',*,*,#3985,.T.);
#5488=ORIENTED_EDGE('',*,*,#3986,.T.);
#5489=ORIENTED_EDGE('',*,*,#3987,.T.);
#5490=ORIENTED_EDGE('',*,*,#3988,.T.);
#5491=ORIENTED_EDGE('',*,*,#3984,.F.);
#5492=ORIENTED_EDGE('',*,*,#3989,.T.);
#5493=ORIENTED_EDGE('',*,*,#3980,.F.);
#5494=ORIENTED_EDGE('',*,*,#3990,.T.);
#5495=ORIENTED_EDGE('',*,*,#3987,.F.);
#5496=ORIENTED_EDGE('',*,*,#3991,.T.);
#5497=ORIENTED_EDGE('',*,*,#3992,.T.);
#5498=ORIENTED_EDGE('',*,*,#3993,.T.);
#5499=ORIENTED_EDGE('',*,*,#3994,.T.);
#5500=ORIENTED_EDGE('',*,*,#3993,.F.);
#5501=ORIENTED_EDGE('',*,*,#3995,.T.);
#5502=ORIENTED_EDGE('',*,*,#3996,.T.);
#5503=ORIENTED_EDGE('',*,*,#3997,.T.);
#5504=ORIENTED_EDGE('',*,*,#3996,.F.);
#5505=ORIENTED_EDGE('',*,*,#3998,.T.);
#5506=ORIENTED_EDGE('',*,*,#3999,.T.);
#5507=ORIENTED_EDGE('',*,*,#3982,.T.);
#5508=ORIENTED_EDGE('',*,*,#3995,.F.);
#5509=ORIENTED_EDGE('',*,*,#3992,.F.);
#5510=ORIENTED_EDGE('',*,*,#4000,.F.);
#5511=ORIENTED_EDGE('',*,*,#4001,.T.);
#5512=ORIENTED_EDGE('',*,*,#4002,.T.);
#5513=ORIENTED_EDGE('',*,*,#3998,.F.);
#5514=ORIENTED_EDGE('',*,*,#3991,.F.);
#5515=ORIENTED_EDGE('',*,*,#4003,.F.);
#5516=ORIENTED_EDGE('',*,*,#4004,.T.);
#5517=ORIENTED_EDGE('',*,*,#4000,.T.);
#5518=ORIENTED_EDGE('',*,*,#3986,.F.);
#5519=ORIENTED_EDGE('',*,*,#4005,.F.);
#5520=ORIENTED_EDGE('',*,*,#4006,.T.);
#5521=ORIENTED_EDGE('',*,*,#4003,.T.);
#5522=ORIENTED_EDGE('',*,*,#4007,.F.);
#5523=ORIENTED_EDGE('',*,*,#4008,.T.);
#5524=ORIENTED_EDGE('',*,*,#4009,.F.);
#5525=ORIENTED_EDGE('',*,*,#4010,.F.);
#5526=ORIENTED_EDGE('',*,*,#3983,.F.);
#5527=ORIENTED_EDGE('',*,*,#3990,.F.);
#5528=ORIENTED_EDGE('',*,*,#3994,.F.);
#5529=ORIENTED_EDGE('',*,*,#3997,.F.);
#5530=ORIENTED_EDGE('',*,*,#3981,.F.);
#5531=ORIENTED_EDGE('',*,*,#3989,.F.);
#5532=ORIENTED_EDGE('',*,*,#3999,.F.);
#5533=ORIENTED_EDGE('',*,*,#4002,.F.);
#5534=ORIENTED_EDGE('',*,*,#4011,.T.);
#5535=ORIENTED_EDGE('',*,*,#4012,.T.);
#5536=ORIENTED_EDGE('',*,*,#3978,.F.);
#5537=ORIENTED_EDGE('',*,*,#4012,.F.);
#5538=ORIENTED_EDGE('',*,*,#4013,.T.);
#5539=ORIENTED_EDGE('',*,*,#4014,.T.);
#5540=ORIENTED_EDGE('',*,*,#3988,.F.);
#5541=ORIENTED_EDGE('',*,*,#3979,.F.);
#5542=ORIENTED_EDGE('',*,*,#4014,.F.);
#5543=ORIENTED_EDGE('',*,*,#4015,.T.);
#5544=ORIENTED_EDGE('',*,*,#4005,.T.);
#5545=ORIENTED_EDGE('',*,*,#3985,.F.);
#5546=ORIENTED_EDGE('',*,*,#4015,.F.);
#5547=ORIENTED_EDGE('',*,*,#4013,.F.);
#5548=ORIENTED_EDGE('',*,*,#4011,.F.);
#5549=ORIENTED_EDGE('',*,*,#4001,.F.);
#5550=ORIENTED_EDGE('',*,*,#4004,.F.);
#5551=ORIENTED_EDGE('',*,*,#4006,.F.);
#5552=ORIENTED_EDGE('',*,*,#3977,.T.);
#5553=ORIENTED_EDGE('',*,*,#4016,.T.);
#5554=ORIENTED_EDGE('',*,*,#3949,.T.);
#5555=ORIENTED_EDGE('',*,*,#3973,.F.);
#5556=ORIENTED_EDGE('',*,*,#4017,.T.);
#5557=ORIENTED_EDGE('',*,*,#4018,.T.);
#5558=ORIENTED_EDGE('',*,*,#3950,.T.);
#5559=ORIENTED_EDGE('',*,*,#4016,.F.);
#5560=ORIENTED_EDGE('',*,*,#4019,.T.);
#5561=ORIENTED_EDGE('',*,*,#4020,.T.);
#5562=ORIENTED_EDGE('',*,*,#3951,.T.);
#5563=ORIENTED_EDGE('',*,*,#4018,.F.);
#5564=ORIENTED_EDGE('',*,*,#4021,.T.);
#5565=ORIENTED_EDGE('',*,*,#4022,.T.);
#5566=ORIENTED_EDGE('',*,*,#3952,.T.);
#5567=ORIENTED_EDGE('',*,*,#4020,.F.);
#5568=ORIENTED_EDGE('',*,*,#4023,.T.);
#5569=ORIENTED_EDGE('',*,*,#4022,.F.);
#5570=ORIENTED_EDGE('',*,*,#4024,.T.);
#5571=ORIENTED_EDGE('',*,*,#4025,.T.);
#5572=ORIENTED_EDGE('',*,*,#3953,.T.);
#5573=ORIENTED_EDGE('',*,*,#4026,.T.);
#5574=ORIENTED_EDGE('',*,*,#3954,.T.);
#5575=ORIENTED_EDGE('',*,*,#4025,.F.);
#5576=ORIENTED_EDGE('',*,*,#4027,.T.);
#5577=ORIENTED_EDGE('',*,*,#4026,.F.);
#5578=ORIENTED_EDGE('',*,*,#4028,.T.);
#5579=ORIENTED_EDGE('',*,*,#4029,.T.);
#5580=ORIENTED_EDGE('',*,*,#3955,.T.);
#5581=ORIENTED_EDGE('',*,*,#4030,.T.);
#5582=ORIENTED_EDGE('',*,*,#3956,.T.);
#5583=ORIENTED_EDGE('',*,*,#4029,.F.);
#5584=ORIENTED_EDGE('',*,*,#4031,.T.);
#5585=ORIENTED_EDGE('',*,*,#4032,.T.);
#5586=ORIENTED_EDGE('',*,*,#3957,.T.);
#5587=ORIENTED_EDGE('',*,*,#4030,.F.);
#5588=ORIENTED_EDGE('',*,*,#4033,.T.);
#5589=ORIENTED_EDGE('',*,*,#4034,.T.);
#5590=ORIENTED_EDGE('',*,*,#3958,.T.);
#5591=ORIENTED_EDGE('',*,*,#4032,.F.);
#5592=ORIENTED_EDGE('',*,*,#4035,.T.);
#5593=ORIENTED_EDGE('',*,*,#4036,.T.);
#5594=ORIENTED_EDGE('',*,*,#3959,.T.);
#5595=ORIENTED_EDGE('',*,*,#4034,.F.);
#5596=ORIENTED_EDGE('',*,*,#4037,.T.);
#5597=ORIENTED_EDGE('',*,*,#3947,.F.);
#5598=ORIENTED_EDGE('',*,*,#3960,.T.);
#5599=ORIENTED_EDGE('',*,*,#4036,.F.);
#5600=ORIENTED_EDGE('',*,*,#3939,.T.);
#5601=ORIENTED_EDGE('',*,*,#4037,.F.);
#5602=ORIENTED_EDGE('',*,*,#4038,.F.);
#5603=ORIENTED_EDGE('',*,*,#4039,.F.);
#5604=ORIENTED_EDGE('',*,*,#3940,.F.);
#5605=ORIENTED_EDGE('',*,*,#4035,.F.);
#5606=ORIENTED_EDGE('',*,*,#4040,.F.);
#5607=ORIENTED_EDGE('',*,*,#4041,.F.);
#5608=ORIENTED_EDGE('',*,*,#4038,.T.);
#5609=ORIENTED_EDGE('',*,*,#4033,.F.);
#5610=ORIENTED_EDGE('',*,*,#4042,.F.);
#5611=ORIENTED_EDGE('',*,*,#4043,.F.);
#5612=ORIENTED_EDGE('',*,*,#4040,.T.);
#5613=ORIENTED_EDGE('',*,*,#4031,.F.);
#5614=ORIENTED_EDGE('',*,*,#4044,.F.);
#5615=ORIENTED_EDGE('',*,*,#4045,.T.);
#5616=ORIENTED_EDGE('',*,*,#4046,.F.);
#5617=ORIENTED_EDGE('',*,*,#4047,.T.);
#5618=ORIENTED_EDGE('',*,*,#4048,.F.);
#5619=ORIENTED_EDGE('',*,*,#4049,.T.);
#5620=ORIENTED_EDGE('',*,*,#4050,.F.);
#5621=ORIENTED_EDGE('',*,*,#4051,.T.);
#5622=ORIENTED_EDGE('',*,*,#4052,.F.);
#5623=ORIENTED_EDGE('',*,*,#4053,.T.);
#5624=ORIENTED_EDGE('',*,*,#4054,.F.);
#5625=ORIENTED_EDGE('',*,*,#4055,.T.);
#5626=ORIENTED_EDGE('',*,*,#4056,.F.);
#5627=ORIENTED_EDGE('',*,*,#4057,.T.);
#5628=ORIENTED_EDGE('',*,*,#4058,.F.);
#5629=ORIENTED_EDGE('',*,*,#4059,.T.);
#5630=ORIENTED_EDGE('',*,*,#4060,.F.);
#5631=ORIENTED_EDGE('',*,*,#4061,.T.);
#5632=ORIENTED_EDGE('',*,*,#4062,.F.);
#5633=ORIENTED_EDGE('',*,*,#4063,.F.);
#5634=ORIENTED_EDGE('',*,*,#4042,.T.);
#5635=ORIENTED_EDGE('',*,*,#4028,.F.);
#5636=ORIENTED_EDGE('',*,*,#4064,.T.);
#5637=ORIENTED_EDGE('',*,*,#4065,.T.);
#5638=ORIENTED_EDGE('',*,*,#4044,.T.);
#5639=ORIENTED_EDGE('',*,*,#4027,.F.);
#5640=ORIENTED_EDGE('',*,*,#4066,.F.);
#5641=ORIENTED_EDGE('',*,*,#4067,.T.);
#5642=ORIENTED_EDGE('',*,*,#4064,.F.);
#5643=ORIENTED_EDGE('',*,*,#4024,.F.);
#5644=ORIENTED_EDGE('',*,*,#4068,.T.);
#5645=ORIENTED_EDGE('',*,*,#4069,.T.);
#5646=ORIENTED_EDGE('',*,*,#4066,.T.);
#5647=ORIENTED_EDGE('',*,*,#4023,.F.);
#5648=ORIENTED_EDGE('',*,*,#4070,.F.);
#5649=ORIENTED_EDGE('',*,*,#4071,.F.);
#5650=ORIENTED_EDGE('',*,*,#4072,.F.);
#5651=ORIENTED_EDGE('',*,*,#4073,.T.);
#5652=ORIENTED_EDGE('',*,*,#4074,.F.);
#5653=ORIENTED_EDGE('',*,*,#4075,.T.);
#5654=ORIENTED_EDGE('',*,*,#4076,.F.);
#5655=ORIENTED_EDGE('',*,*,#4077,.T.);
#5656=ORIENTED_EDGE('',*,*,#4078,.F.);
#5657=ORIENTED_EDGE('',*,*,#4079,.T.);
#5658=ORIENTED_EDGE('',*,*,#4080,.F.);
#5659=ORIENTED_EDGE('',*,*,#4081,.T.);
#5660=ORIENTED_EDGE('',*,*,#4082,.F.);
#5661=ORIENTED_EDGE('',*,*,#4083,.T.);
#5662=ORIENTED_EDGE('',*,*,#4084,.F.);
#5663=ORIENTED_EDGE('',*,*,#4085,.T.);
#5664=ORIENTED_EDGE('',*,*,#4086,.F.);
#5665=ORIENTED_EDGE('',*,*,#4087,.T.);
#5666=ORIENTED_EDGE('',*,*,#4088,.F.);
#5667=ORIENTED_EDGE('',*,*,#4089,.T.);
#5668=ORIENTED_EDGE('',*,*,#4068,.F.);
#5669=ORIENTED_EDGE('',*,*,#4021,.F.);
#5670=ORIENTED_EDGE('',*,*,#4090,.F.);
#5671=ORIENTED_EDGE('',*,*,#4091,.F.);
#5672=ORIENTED_EDGE('',*,*,#4070,.T.);
#5673=ORIENTED_EDGE('',*,*,#4019,.F.);
#5674=ORIENTED_EDGE('',*,*,#4092,.F.);
#5675=ORIENTED_EDGE('',*,*,#4093,.F.);
#5676=ORIENTED_EDGE('',*,*,#4090,.T.);
#5677=ORIENTED_EDGE('',*,*,#4017,.F.);
#5678=ORIENTED_EDGE('',*,*,#3975,.F.);
#5679=ORIENTED_EDGE('',*,*,#4094,.F.);
#5680=ORIENTED_EDGE('',*,*,#4092,.T.);
#5681=ORIENTED_EDGE('',*,*,#3938,.F.);
#5682=ORIENTED_EDGE('',*,*,#3941,.T.);
#5683=ORIENTED_EDGE('',*,*,#4095,.T.);
#5684=ORIENTED_EDGE('',*,*,#4096,.T.);
#5685=ORIENTED_EDGE('',*,*,#4097,.T.);
#5686=ORIENTED_EDGE('',*,*,#4098,.T.);
#5687=ORIENTED_EDGE('',*,*,#4095,.F.);
#5688=ORIENTED_EDGE('',*,*,#4039,.T.);
#5689=ORIENTED_EDGE('',*,*,#4099,.T.);
#5690=ORIENTED_EDGE('',*,*,#4100,.T.);
#5691=ORIENTED_EDGE('',*,*,#4097,.F.);
#5692=ORIENTED_EDGE('',*,*,#4041,.T.);
#5693=ORIENTED_EDGE('',*,*,#4101,.T.);
#5694=ORIENTED_EDGE('',*,*,#4102,.T.);
#5695=ORIENTED_EDGE('',*,*,#4099,.F.);
#5696=ORIENTED_EDGE('',*,*,#4043,.T.);
#5697=ORIENTED_EDGE('',*,*,#4103,.T.);
#5698=ORIENTED_EDGE('',*,*,#4104,.T.);
#5699=ORIENTED_EDGE('',*,*,#4101,.F.);
#5700=ORIENTED_EDGE('',*,*,#4063,.T.);
#5701=ORIENTED_EDGE('',*,*,#4103,.F.);
#5702=ORIENTED_EDGE('',*,*,#4105,.T.);
#5703=ORIENTED_EDGE('',*,*,#4106,.T.);
#5704=ORIENTED_EDGE('',*,*,#4107,.T.);
#5705=ORIENTED_EDGE('',*,*,#4108,.T.);
#5706=ORIENTED_EDGE('',*,*,#4109,.T.);
#5707=ORIENTED_EDGE('',*,*,#4106,.F.);
#5708=ORIENTED_EDGE('',*,*,#4110,.T.);
#5709=ORIENTED_EDGE('',*,*,#4108,.F.);
#5710=ORIENTED_EDGE('',*,*,#4111,.T.);
#5711=ORIENTED_EDGE('',*,*,#4112,.T.);
#5712=ORIENTED_EDGE('',*,*,#4113,.T.);
#5713=ORIENTED_EDGE('',*,*,#4114,.T.);
#5714=ORIENTED_EDGE('',*,*,#4115,.T.);
#5715=ORIENTED_EDGE('',*,*,#4112,.F.);
#5716=ORIENTED_EDGE('',*,*,#4071,.T.);
#5717=ORIENTED_EDGE('',*,*,#4116,.T.);
#5718=ORIENTED_EDGE('',*,*,#4117,.T.);
#5719=ORIENTED_EDGE('',*,*,#4114,.F.);
#5720=ORIENTED_EDGE('',*,*,#4091,.T.);
#5721=ORIENTED_EDGE('',*,*,#4118,.T.);
#5722=ORIENTED_EDGE('',*,*,#4119,.T.);
#5723=ORIENTED_EDGE('',*,*,#4116,.F.);
#5724=ORIENTED_EDGE('',*,*,#4093,.T.);
#5725=ORIENTED_EDGE('',*,*,#4120,.T.);
#5726=ORIENTED_EDGE('',*,*,#4121,.T.);
#5727=ORIENTED_EDGE('',*,*,#4118,.F.);
#5728=ORIENTED_EDGE('',*,*,#4094,.T.);
#5729=ORIENTED_EDGE('',*,*,#3945,.F.);
#5730=ORIENTED_EDGE('',*,*,#4122,.T.);
#5731=ORIENTED_EDGE('',*,*,#4120,.F.);
#5732=ORIENTED_EDGE('',*,*,#3974,.T.);
#5733=ORIENTED_EDGE('',*,*,#4111,.F.);
#5734=ORIENTED_EDGE('',*,*,#4123,.T.);
#5735=ORIENTED_EDGE('',*,*,#4124,.T.);
#5736=ORIENTED_EDGE('',*,*,#4072,.T.);
#5737=ORIENTED_EDGE('',*,*,#4110,.F.);
#5738=ORIENTED_EDGE('',*,*,#4125,.F.);
#5739=ORIENTED_EDGE('',*,*,#4126,.T.);
#5740=ORIENTED_EDGE('',*,*,#4123,.F.);
#5741=ORIENTED_EDGE('',*,*,#4105,.F.);
#5742=ORIENTED_EDGE('',*,*,#4062,.T.);
#5743=ORIENTED_EDGE('',*,*,#4127,.T.);
#5744=ORIENTED_EDGE('',*,*,#4125,.T.);
#5745=ORIENTED_EDGE('',*,*,#4128,.T.);
#5746=ORIENTED_EDGE('',*,*,#4129,.T.);
#5747=ORIENTED_EDGE('',*,*,#4130,.T.);
#5748=ORIENTED_EDGE('',*,*,#4131,.T.);
#5749=ORIENTED_EDGE('',*,*,#4132,.T.);
#5750=ORIENTED_EDGE('',*,*,#4133,.T.);
#5751=ORIENTED_EDGE('',*,*,#4128,.F.);
#5752=ORIENTED_EDGE('',*,*,#4134,.T.);
#5753=ORIENTED_EDGE('',*,*,#4135,.T.);
#5754=ORIENTED_EDGE('',*,*,#4136,.T.);
#5755=ORIENTED_EDGE('',*,*,#4132,.F.);
#5756=ORIENTED_EDGE('',*,*,#4007,.T.);
#5757=ORIENTED_EDGE('',*,*,#4130,.F.);
#5758=ORIENTED_EDGE('',*,*,#4137,.T.);
#5759=ORIENTED_EDGE('',*,*,#4135,.F.);
#5760=ORIENTED_EDGE('',*,*,#4138,.T.);
#5761=ORIENTED_EDGE('',*,*,#4134,.F.);
#5762=ORIENTED_EDGE('',*,*,#4139,.T.);
#5763=ORIENTED_EDGE('',*,*,#4140,.F.);
#5764=ORIENTED_EDGE('',*,*,#4008,.F.);
#5765=ORIENTED_EDGE('',*,*,#4131,.F.);
#5766=ORIENTED_EDGE('',*,*,#4141,.T.);
#5767=ORIENTED_EDGE('',*,*,#4142,.F.);
#5768=ORIENTED_EDGE('',*,*,#4139,.F.);
#5769=ORIENTED_EDGE('',*,*,#3935,.F.);
#5770=ORIENTED_EDGE('',*,*,#4096,.F.);
#5771=ORIENTED_EDGE('',*,*,#4098,.F.);
#5772=ORIENTED_EDGE('',*,*,#4100,.F.);
#5773=ORIENTED_EDGE('',*,*,#4102,.F.);
#5774=ORIENTED_EDGE('',*,*,#4104,.F.);
#5775=ORIENTED_EDGE('',*,*,#4107,.F.);
#5776=ORIENTED_EDGE('',*,*,#4109,.F.);
#5777=ORIENTED_EDGE('',*,*,#4113,.F.);
#5778=ORIENTED_EDGE('',*,*,#4115,.F.);
#5779=ORIENTED_EDGE('',*,*,#4117,.F.);
#5780=ORIENTED_EDGE('',*,*,#4119,.F.);
#5781=ORIENTED_EDGE('',*,*,#4121,.F.);
#5782=ORIENTED_EDGE('',*,*,#4122,.F.);
#5783=ORIENTED_EDGE('',*,*,#4143,.F.);
#5784=ORIENTED_EDGE('',*,*,#4144,.F.);
#5785=ORIENTED_EDGE('',*,*,#4145,.F.);
#5786=ORIENTED_EDGE('',*,*,#4146,.F.);
#5787=ORIENTED_EDGE('',*,*,#4147,.T.);
#5788=ORIENTED_EDGE('',*,*,#4148,.T.);
#5789=ORIENTED_EDGE('',*,*,#4149,.T.);
#5790=ORIENTED_EDGE('',*,*,#4150,.T.);
#5791=ORIENTED_EDGE('',*,*,#4151,.T.);
#5792=ORIENTED_EDGE('',*,*,#4152,.T.);
#5793=ORIENTED_EDGE('',*,*,#4153,.T.);
#5794=ORIENTED_EDGE('',*,*,#4154,.T.);
#5795=ORIENTED_EDGE('',*,*,#4155,.T.);
#5796=ORIENTED_EDGE('',*,*,#4156,.T.);
#5797=ORIENTED_EDGE('',*,*,#4157,.T.);
#5798=ORIENTED_EDGE('',*,*,#4158,.T.);
#5799=ORIENTED_EDGE('',*,*,#4159,.T.);
#5800=ORIENTED_EDGE('',*,*,#4129,.F.);
#5801=ORIENTED_EDGE('',*,*,#4133,.F.);
#5802=ORIENTED_EDGE('',*,*,#4136,.F.);
#5803=ORIENTED_EDGE('',*,*,#4137,.F.);
#5804=ORIENTED_EDGE('',*,*,#4160,.T.);
#5805=ORIENTED_EDGE('',*,*,#3961,.T.);
#5806=ORIENTED_EDGE('',*,*,#4161,.T.);
#5807=ORIENTED_EDGE('',*,*,#4162,.T.);
#5808=ORIENTED_EDGE('',*,*,#4163,.T.);
#5809=ORIENTED_EDGE('',*,*,#3962,.T.);
#5810=ORIENTED_EDGE('',*,*,#4160,.F.);
#5811=ORIENTED_EDGE('',*,*,#4164,.T.);
#5812=ORIENTED_EDGE('',*,*,#4165,.T.);
#5813=ORIENTED_EDGE('',*,*,#3963,.T.);
#5814=ORIENTED_EDGE('',*,*,#4163,.F.);
#5815=ORIENTED_EDGE('',*,*,#4166,.T.);
#5816=ORIENTED_EDGE('',*,*,#4161,.F.);
#5817=ORIENTED_EDGE('',*,*,#3964,.T.);
#5818=ORIENTED_EDGE('',*,*,#4165,.F.);
#5819=ORIENTED_EDGE('',*,*,#4167,.T.);
#5820=ORIENTED_EDGE('',*,*,#4164,.F.);
#5821=ORIENTED_EDGE('',*,*,#4168,.F.);
#5822=ORIENTED_EDGE('',*,*,#4169,.F.);
#5823=ORIENTED_EDGE('',*,*,#4170,.T.);
#5824=ORIENTED_EDGE('',*,*,#4162,.F.);
#5825=ORIENTED_EDGE('',*,*,#4171,.F.);
#5826=ORIENTED_EDGE('',*,*,#4172,.F.);
#5827=ORIENTED_EDGE('',*,*,#4168,.T.);
#5828=ORIENTED_EDGE('',*,*,#4173,.T.);
#5829=ORIENTED_EDGE('',*,*,#3968,.T.);
#5830=ORIENTED_EDGE('',*,*,#4174,.T.);
#5831=ORIENTED_EDGE('',*,*,#4142,.T.);
#5832=ORIENTED_EDGE('',*,*,#4175,.T.);
#5833=ORIENTED_EDGE('',*,*,#3969,.T.);
#5834=ORIENTED_EDGE('',*,*,#4173,.F.);
#5835=ORIENTED_EDGE('',*,*,#4176,.T.);
#5836=ORIENTED_EDGE('',*,*,#4177,.T.);
#5837=ORIENTED_EDGE('',*,*,#3970,.T.);
#5838=ORIENTED_EDGE('',*,*,#4175,.F.);
#5839=ORIENTED_EDGE('',*,*,#4009,.T.);
#5840=ORIENTED_EDGE('',*,*,#4174,.F.);
#5841=ORIENTED_EDGE('',*,*,#3971,.T.);
#5842=ORIENTED_EDGE('',*,*,#4177,.F.);
#5843=ORIENTED_EDGE('',*,*,#4140,.T.);
#5844=ORIENTED_EDGE('',*,*,#4138,.F.);
#5845=ORIENTED_EDGE('',*,*,#4010,.T.);
#5846=ORIENTED_EDGE('',*,*,#4176,.F.);
#5847=ORIENTED_EDGE('',*,*,#4141,.F.);
#5848=ORIENTED_EDGE('',*,*,#4178,.T.);
#5849=ORIENTED_EDGE('',*,*,#4143,.T.);
#5850=ORIENTED_EDGE('',*,*,#4179,.T.);
#5851=ORIENTED_EDGE('',*,*,#4180,.T.);
#5852=ORIENTED_EDGE('',*,*,#4181,.T.);
#5853=ORIENTED_EDGE('',*,*,#4144,.T.);
#5854=ORIENTED_EDGE('',*,*,#4178,.F.);
#5855=ORIENTED_EDGE('',*,*,#4182,.T.);
#5856=ORIENTED_EDGE('',*,*,#4183,.T.);
#5857=ORIENTED_EDGE('',*,*,#4145,.T.);
#5858=ORIENTED_EDGE('',*,*,#4181,.F.);
#5859=ORIENTED_EDGE('',*,*,#4169,.T.);
#5860=ORIENTED_EDGE('',*,*,#4179,.F.);
#5861=ORIENTED_EDGE('',*,*,#4146,.T.);
#5862=ORIENTED_EDGE('',*,*,#4183,.F.);
#5863=ORIENTED_EDGE('',*,*,#4172,.T.);
#5864=ORIENTED_EDGE('',*,*,#4166,.F.);
#5865=ORIENTED_EDGE('',*,*,#4170,.F.);
#5866=ORIENTED_EDGE('',*,*,#4182,.F.);
#5867=ORIENTED_EDGE('',*,*,#4184,.T.);
#5868=ORIENTED_EDGE('',*,*,#4167,.F.);
#5869=ORIENTED_EDGE('',*,*,#4184,.F.);
#5870=ORIENTED_EDGE('',*,*,#4180,.F.);
#5871=ORIENTED_EDGE('',*,*,#4171,.T.);
#5872=ORIENTED_EDGE('',*,*,#4060,.T.);
#5873=ORIENTED_EDGE('',*,*,#4185,.T.);
#5874=ORIENTED_EDGE('',*,*,#4074,.T.);
#5875=ORIENTED_EDGE('',*,*,#4186,.T.);
#5876=ORIENTED_EDGE('',*,*,#4185,.F.);
#5877=ORIENTED_EDGE('',*,*,#4059,.F.);
#5878=ORIENTED_EDGE('',*,*,#4187,.F.);
#5879=ORIENTED_EDGE('',*,*,#4075,.F.);
#5880=ORIENTED_EDGE('',*,*,#4058,.T.);
#5881=ORIENTED_EDGE('',*,*,#4188,.T.);
#5882=ORIENTED_EDGE('',*,*,#4076,.T.);
#5883=ORIENTED_EDGE('',*,*,#4187,.T.);
#5884=ORIENTED_EDGE('',*,*,#4188,.F.);
#5885=ORIENTED_EDGE('',*,*,#4057,.F.);
#5886=ORIENTED_EDGE('',*,*,#4189,.F.);
#5887=ORIENTED_EDGE('',*,*,#4190,.F.);
#5888=ORIENTED_EDGE('',*,*,#4191,.F.);
#5889=ORIENTED_EDGE('',*,*,#4077,.F.);
#5890=ORIENTED_EDGE('',*,*,#4192,.F.);
#5891=ORIENTED_EDGE('',*,*,#4193,.F.);
#5892=ORIENTED_EDGE('',*,*,#4052,.T.);
#5893=ORIENTED_EDGE('',*,*,#4194,.T.);
#5894=ORIENTED_EDGE('',*,*,#4082,.T.);
#5895=ORIENTED_EDGE('',*,*,#4195,.T.);
#5896=ORIENTED_EDGE('',*,*,#4194,.F.);
#5897=ORIENTED_EDGE('',*,*,#4051,.F.);
#5898=ORIENTED_EDGE('',*,*,#4196,.F.);
#5899=ORIENTED_EDGE('',*,*,#4197,.F.);
#5900=ORIENTED_EDGE('',*,*,#4198,.F.);
#5901=ORIENTED_EDGE('',*,*,#4083,.F.);
#5902=ORIENTED_EDGE('',*,*,#4199,.F.);
#5903=ORIENTED_EDGE('',*,*,#4200,.F.);
#5904=ORIENTED_EDGE('',*,*,#4054,.T.);
#5905=ORIENTED_EDGE('',*,*,#4201,.T.);
#5906=ORIENTED_EDGE('',*,*,#4080,.T.);
#5907=ORIENTED_EDGE('',*,*,#4202,.T.);
#5908=ORIENTED_EDGE('',*,*,#4195,.F.);
#5909=ORIENTED_EDGE('',*,*,#4081,.F.);
#5910=ORIENTED_EDGE('',*,*,#4201,.F.);
#5911=ORIENTED_EDGE('',*,*,#4053,.F.);
#5912=ORIENTED_EDGE('',*,*,#4048,.T.);
#5913=ORIENTED_EDGE('',*,*,#4203,.T.);
#5914=ORIENTED_EDGE('',*,*,#4086,.T.);
#5915=ORIENTED_EDGE('',*,*,#4204,.T.);
#5916=ORIENTED_EDGE('',*,*,#4203,.F.);
#5917=ORIENTED_EDGE('',*,*,#4047,.F.);
#5918=ORIENTED_EDGE('',*,*,#4205,.F.);
#5919=ORIENTED_EDGE('',*,*,#4087,.F.);
#5920=ORIENTED_EDGE('',*,*,#4046,.T.);
#5921=ORIENTED_EDGE('',*,*,#4206,.T.);
#5922=ORIENTED_EDGE('',*,*,#4088,.T.);
#5923=ORIENTED_EDGE('',*,*,#4205,.T.);
#5924=ORIENTED_EDGE('',*,*,#4206,.F.);
#5925=ORIENTED_EDGE('',*,*,#4045,.F.);
#5926=ORIENTED_EDGE('',*,*,#4065,.F.);
#5927=ORIENTED_EDGE('',*,*,#4067,.F.);
#5928=ORIENTED_EDGE('',*,*,#4069,.F.);
#5929=ORIENTED_EDGE('',*,*,#4089,.F.);
#5930=ORIENTED_EDGE('',*,*,#4207,.F.);
#5931=ORIENTED_EDGE('',*,*,#4208,.F.);
#5932=ORIENTED_EDGE('',*,*,#4186,.F.);
#5933=ORIENTED_EDGE('',*,*,#4073,.F.);
#5934=ORIENTED_EDGE('',*,*,#4124,.F.);
#5935=ORIENTED_EDGE('',*,*,#4126,.F.);
#5936=ORIENTED_EDGE('',*,*,#4127,.F.);
#5937=ORIENTED_EDGE('',*,*,#4061,.F.);
#5938=ORIENTED_EDGE('',*,*,#4209,.F.);
#5939=ORIENTED_EDGE('',*,*,#4210,.F.);
#5940=ORIENTED_EDGE('',*,*,#4202,.F.);
#5941=ORIENTED_EDGE('',*,*,#4079,.F.);
#5942=ORIENTED_EDGE('',*,*,#4211,.F.);
#5943=ORIENTED_EDGE('',*,*,#4212,.F.);
#5944=ORIENTED_EDGE('',*,*,#4213,.F.);
#5945=ORIENTED_EDGE('',*,*,#4055,.F.);
#5946=ORIENTED_EDGE('',*,*,#4214,.F.);
#5947=ORIENTED_EDGE('',*,*,#4215,.F.);
#5948=ORIENTED_EDGE('',*,*,#4204,.F.);
#5949=ORIENTED_EDGE('',*,*,#4085,.F.);
#5950=ORIENTED_EDGE('',*,*,#4216,.F.);
#5951=ORIENTED_EDGE('',*,*,#4217,.F.);
#5952=ORIENTED_EDGE('',*,*,#4218,.F.);
#5953=ORIENTED_EDGE('',*,*,#4049,.F.);
#5954=ORIENTED_EDGE('',*,*,#4219,.F.);
#5955=ORIENTED_EDGE('',*,*,#4220,.F.);
#5956=ORIENTED_EDGE('',*,*,#4196,.T.);
#5957=ORIENTED_EDGE('',*,*,#4050,.T.);
#5958=ORIENTED_EDGE('',*,*,#4218,.T.);
#5959=ORIENTED_EDGE('',*,*,#4221,.T.);
#5960=ORIENTED_EDGE('',*,*,#4189,.T.);
#5961=ORIENTED_EDGE('',*,*,#4056,.T.);
#5962=ORIENTED_EDGE('',*,*,#4213,.T.);
#5963=ORIENTED_EDGE('',*,*,#4222,.T.);
#5964=ORIENTED_EDGE('',*,*,#4197,.T.);
#5965=ORIENTED_EDGE('',*,*,#4221,.F.);
#5966=ORIENTED_EDGE('',*,*,#4217,.T.);
#5967=ORIENTED_EDGE('',*,*,#4223,.F.);
#5968=ORIENTED_EDGE('',*,*,#4190,.T.);
#5969=ORIENTED_EDGE('',*,*,#4222,.F.);
#5970=ORIENTED_EDGE('',*,*,#4212,.T.);
#5971=ORIENTED_EDGE('',*,*,#4224,.F.);
#5972=ORIENTED_EDGE('',*,*,#4198,.T.);
#5973=ORIENTED_EDGE('',*,*,#4223,.T.);
#5974=ORIENTED_EDGE('',*,*,#4216,.T.);
#5975=ORIENTED_EDGE('',*,*,#4084,.T.);
#5976=ORIENTED_EDGE('',*,*,#4191,.T.);
#5977=ORIENTED_EDGE('',*,*,#4224,.T.);
#5978=ORIENTED_EDGE('',*,*,#4211,.T.);
#5979=ORIENTED_EDGE('',*,*,#4078,.T.);
#5980=ORIENTED_EDGE('',*,*,#4220,.T.);
#5981=ORIENTED_EDGE('',*,*,#4225,.T.);
#5982=ORIENTED_EDGE('',*,*,#4200,.T.);
#5983=ORIENTED_EDGE('',*,*,#4225,.F.);
#5984=ORIENTED_EDGE('',*,*,#4215,.T.);
#5985=ORIENTED_EDGE('',*,*,#4226,.T.);
#5986=ORIENTED_EDGE('',*,*,#4193,.T.);
#5987=ORIENTED_EDGE('',*,*,#4226,.F.);
#5988=ORIENTED_EDGE('',*,*,#4227,.T.);
#5989=ORIENTED_EDGE('',*,*,#4228,.T.);
#5990=ORIENTED_EDGE('',*,*,#4208,.T.);
#5991=ORIENTED_EDGE('',*,*,#4228,.F.);
#5992=ORIENTED_EDGE('',*,*,#4219,.T.);
#5993=ORIENTED_EDGE('',*,*,#4229,.T.);
#5994=ORIENTED_EDGE('',*,*,#4199,.T.);
#5995=ORIENTED_EDGE('',*,*,#4229,.F.);
#5996=ORIENTED_EDGE('',*,*,#4214,.T.);
#5997=ORIENTED_EDGE('',*,*,#4230,.T.);
#5998=ORIENTED_EDGE('',*,*,#4192,.T.);
#5999=ORIENTED_EDGE('',*,*,#4230,.F.);
#6000=ORIENTED_EDGE('',*,*,#4231,.T.);
#6001=ORIENTED_EDGE('',*,*,#4232,.T.);
#6002=ORIENTED_EDGE('',*,*,#4207,.T.);
#6003=ORIENTED_EDGE('',*,*,#4232,.F.);
#6004=ORIENTED_EDGE('',*,*,#4147,.F.);
#6005=ORIENTED_EDGE('',*,*,#4233,.T.);
#6006=ORIENTED_EDGE('',*,*,#4234,.T.);
#6007=ORIENTED_EDGE('',*,*,#4235,.F.);
#6008=ORIENTED_EDGE('',*,*,#4152,.F.);
#6009=ORIENTED_EDGE('',*,*,#4236,.T.);
#6010=ORIENTED_EDGE('',*,*,#4237,.T.);
#6011=ORIENTED_EDGE('',*,*,#4233,.F.);
#6012=ORIENTED_EDGE('',*,*,#4151,.F.);
#6013=ORIENTED_EDGE('',*,*,#4238,.T.);
#6014=ORIENTED_EDGE('',*,*,#4239,.T.);
#6015=ORIENTED_EDGE('',*,*,#4236,.F.);
#6016=ORIENTED_EDGE('',*,*,#4150,.F.);
#6017=ORIENTED_EDGE('',*,*,#4240,.T.);
#6018=ORIENTED_EDGE('',*,*,#4241,.T.);
#6019=ORIENTED_EDGE('',*,*,#4238,.F.);
#6020=ORIENTED_EDGE('',*,*,#4149,.F.);
#6021=ORIENTED_EDGE('',*,*,#4242,.T.);
#6022=ORIENTED_EDGE('',*,*,#4243,.T.);
#6023=ORIENTED_EDGE('',*,*,#4240,.F.);
#6024=ORIENTED_EDGE('',*,*,#4148,.F.);
#6025=ORIENTED_EDGE('',*,*,#4235,.T.);
#6026=ORIENTED_EDGE('',*,*,#4244,.T.);
#6027=ORIENTED_EDGE('',*,*,#4242,.F.);
#6028=ORIENTED_EDGE('',*,*,#4244,.F.);
#6029=ORIENTED_EDGE('',*,*,#4234,.F.);
#6030=ORIENTED_EDGE('',*,*,#4237,.F.);
#6031=ORIENTED_EDGE('',*,*,#4239,.F.);
#6032=ORIENTED_EDGE('',*,*,#4241,.F.);
#6033=ORIENTED_EDGE('',*,*,#4243,.F.);
#6034=ORIENTED_EDGE('',*,*,#4245,.F.);
#6035=ORIENTED_EDGE('',*,*,#4153,.F.);
#6036=ORIENTED_EDGE('',*,*,#4246,.T.);
#6037=ORIENTED_EDGE('',*,*,#4247,.T.);
#6038=ORIENTED_EDGE('',*,*,#4248,.F.);
#6039=ORIENTED_EDGE('',*,*,#4158,.F.);
#6040=ORIENTED_EDGE('',*,*,#4249,.T.);
#6041=ORIENTED_EDGE('',*,*,#4250,.T.);
#6042=ORIENTED_EDGE('',*,*,#4246,.F.);
#6043=ORIENTED_EDGE('',*,*,#4157,.F.);
#6044=ORIENTED_EDGE('',*,*,#4251,.T.);
#6045=ORIENTED_EDGE('',*,*,#4252,.T.);
#6046=ORIENTED_EDGE('',*,*,#4249,.F.);
#6047=ORIENTED_EDGE('',*,*,#4156,.F.);
#6048=ORIENTED_EDGE('',*,*,#4253,.T.);
#6049=ORIENTED_EDGE('',*,*,#4254,.T.);
#6050=ORIENTED_EDGE('',*,*,#4251,.F.);
#6051=ORIENTED_EDGE('',*,*,#4155,.F.);
#6052=ORIENTED_EDGE('',*,*,#4255,.T.);
#6053=ORIENTED_EDGE('',*,*,#4256,.T.);
#6054=ORIENTED_EDGE('',*,*,#4253,.F.);
#6055=ORIENTED_EDGE('',*,*,#4154,.F.);
#6056=ORIENTED_EDGE('',*,*,#4248,.T.);
#6057=ORIENTED_EDGE('',*,*,#4257,.T.);
#6058=ORIENTED_EDGE('',*,*,#4255,.F.);
#6059=ORIENTED_EDGE('',*,*,#4257,.F.);
#6060=ORIENTED_EDGE('',*,*,#4247,.F.);
#6061=ORIENTED_EDGE('',*,*,#4250,.F.);
#6062=ORIENTED_EDGE('',*,*,#4252,.F.);
#6063=ORIENTED_EDGE('',*,*,#4254,.F.);
#6064=ORIENTED_EDGE('',*,*,#4256,.F.);
#6065=ORIENTED_EDGE('',*,*,#4258,.F.);
#6066=ORIENTED_EDGE('',*,*,#3967,.F.);
#6067=ORIENTED_EDGE('',*,*,#4259,.T.);
#6068=ORIENTED_EDGE('',*,*,#4260,.T.);
#6069=ORIENTED_EDGE('',*,*,#4259,.F.);
#6070=ORIENTED_EDGE('',*,*,#4260,.F.);
#6071=ORIENTED_EDGE('',*,*,#4227,.F.);
#6072=ORIENTED_EDGE('',*,*,#3966,.F.);
#6073=ORIENTED_EDGE('',*,*,#4261,.T.);
#6074=ORIENTED_EDGE('',*,*,#4262,.T.);
#6075=ORIENTED_EDGE('',*,*,#4261,.F.);
#6076=ORIENTED_EDGE('',*,*,#4262,.F.);
#6077=ORIENTED_EDGE('',*,*,#4231,.F.);
#6078=ORIENTED_EDGE('',*,*,#4210,.T.);
#6079=ORIENTED_EDGE('',*,*,#4263,.T.);
#6080=ORIENTED_EDGE('',*,*,#4258,.T.);
#6081=ORIENTED_EDGE('',*,*,#4263,.F.);
#6082=ORIENTED_EDGE('',*,*,#4209,.T.);
#6083=ORIENTED_EDGE('',*,*,#4264,.T.);
#6084=ORIENTED_EDGE('',*,*,#4245,.T.);
#6085=ORIENTED_EDGE('',*,*,#4264,.F.);
#6086=ORIENTED_EDGE('',*,*,#3965,.F.);
#6087=ORIENTED_EDGE('',*,*,#4265,.T.);
#6088=ORIENTED_EDGE('',*,*,#4266,.F.);
#6089=ORIENTED_EDGE('',*,*,#4265,.F.);
#6090=ORIENTED_EDGE('',*,*,#4266,.T.);
#6091=ORIENTED_EDGE('',*,*,#4267,.F.);
#6092=ORIENTED_EDGE('',*,*,#4159,.F.);
#6093=ORIENTED_EDGE('',*,*,#4268,.T.);
#6094=ORIENTED_EDGE('',*,*,#4269,.T.);
#6095=ORIENTED_EDGE('',*,*,#4268,.F.);
#6096=ORIENTED_EDGE('',*,*,#4269,.F.);
#6097=ORIENTED_EDGE('',*,*,#4270,.F.);
#6098=ORIENTED_EDGE('',*,*,#4267,.T.);
#6099=ORIENTED_EDGE('',*,*,#4271,.T.);
#6100=ORIENTED_EDGE('',*,*,#4270,.T.);
#6101=ORIENTED_EDGE('',*,*,#4271,.F.);
#6102=PLANE('',#6770);
#6103=PLANE('',#6776);
#6104=PLANE('',#6779);
#6105=PLANE('',#6780);
#6106=PLANE('',#6781);
#6107=PLANE('',#6782);
#6108=PLANE('',#6783);
#6109=PLANE('',#6784);
#6110=PLANE('',#6785);
#6111=PLANE('',#6786);
#6112=PLANE('',#6787);
#6113=PLANE('',#6788);
#6114=PLANE('',#6789);
#6115=PLANE('',#6790);
#6116=PLANE('',#6793);
#6117=PLANE('',#6794);
#6118=PLANE('',#6795);
#6119=PLANE('',#6796);
#6120=PLANE('',#6797);
#6121=PLANE('',#6798);
#6122=PLANE('',#6799);
#6123=PLANE('',#6800);
#6124=PLANE('',#6802);
#6125=PLANE('',#6803);
#6126=PLANE('',#6804);
#6127=PLANE('',#6805);
#6128=PLANE('',#6806);
#6129=PLANE('',#6807);
#6130=PLANE('',#6808);
#6131=PLANE('',#6810);
#6132=PLANE('',#6811);
#6133=PLANE('',#6812);
#6134=PLANE('',#6813);
#6135=PLANE('',#6814);
#6136=PLANE('',#6815);
#6137=PLANE('',#6816);
#6138=PLANE('',#6821);
#6139=PLANE('',#6826);
#6140=PLANE('',#6831);
#6141=PLANE('',#6833);
#6142=PLANE('',#6841);
#6143=PLANE('',#6849);
#6144=PLANE('',#6857);
#6145=PLANE('',#6865);
#6146=PLANE('',#6869);
#6147=PLANE('',#6870);
#6148=PLANE('',#6871);
#6149=PLANE('',#6876);
#6150=PLANE('',#6880);
#6151=PLANE('',#6881);
#6152=PLANE('',#6882);
#6153=PLANE('',#6886);
#6154=PLANE('',#6902);
#6155=PLANE('',#6903);
#6156=PLANE('',#6910);
#6157=PLANE('',#6919);
#6158=PLANE('',#6924);
#6159=PLANE('',#6929);
#6160=PLANE('',#6934);
#6161=PLANE('',#6939);
#6162=PLANE('',#6957);
#6163=PLANE('',#6961);
#6164=PLANE('',#6965);
#6165=PLANE('',#6969);
#6166=PLANE('',#6973);
#6167=PLANE('',#6977);
#6168=PLANE('',#6978);
#6169=PLANE('',#6979);
#6170=PLANE('',#6980);
#6171=PLANE('',#6981);
#6172=PLANE('',#6987);
#6173=PLANE('',#6991);
#6174=PLANE('',#6992);
#6175=PLANE('',#6993);
#6176=PLANE('',#6994);
#6177=PLANE('',#6996);
#6178=PLANE('',#6997);
#6179=PLANE('',#6999);
#6180=PLANE('',#7000);
#6181=PLANE('',#7005);
#6182=PLANE('',#7009);
#6183=PLANE('',#7011);
#6184=PLANE('',#7021);
#6185=PLANE('',#7022);
#6186=PLANE('',#7023);
#6187=PLANE('',#7024);
#6188=PLANE('',#7025);
#6189=PLANE('',#7026);
#6190=PLANE('',#7029);
#6191=PLANE('',#7030);
#6192=PLANE('',#7031);
#6193=PLANE('',#7034);
#6194=PLANE('',#7038);
#6195=PLANE('',#7043);
#6196=PLANE('',#7047);
#6197=PLANE('',#7048);
#6198=PLANE('',#7049);
#6199=PLANE('',#7054);
#6200=PLANE('',#7055);
#6201=PLANE('',#7056);
#6202=PLANE('',#7057);
#6203=PLANE('',#7061);
#6204=PLANE('',#7062);
#6205=PLANE('',#7063);
#6206=PLANE('',#7064);
#6207=PLANE('',#7065);
#6208=PLANE('',#7072);
#6209=PLANE('',#7073);
#6210=PLANE('',#7074);
#6211=PLANE('',#7075);
#6212=PLANE('',#7076);
#6213=PLANE('',#7077);
#6214=PLANE('',#7078);
#6215=PLANE('',#7079);
#6216=PLANE('',#7080);
#6217=PLANE('',#7081);
#6218=PLANE('',#7082);
#6219=PLANE('',#7083);
#6220=PLANE('',#7086);
#6221=PLANE('',#7087);
#6222=PLANE('',#7088);
#6223=PLANE('',#7091);
#6224=PLANE('',#7095);
#6225=PLANE('',#7100);
#6226=PLANE('',#7104);
#6227=PLANE('',#7105);
#6228=PLANE('',#7106);
#6229=PLANE('',#7111);
#6230=PLANE('',#7112);
#6231=PLANE('',#7113);
#6232=PLANE('',#7114);
#6233=PLANE('',#7118);
#6234=PLANE('',#7119);
#6235=PLANE('',#7120);
#6236=PLANE('',#7121);
#6237=PLANE('',#7122);
#6238=PLANE('',#7129);
#6239=PLANE('',#7130);
#6240=PLANE('',#7131);
#6241=PLANE('',#7132);
#6242=PLANE('',#7133);
#6243=PLANE('',#7134);
#6244=PLANE('',#7143);
#6245=PLANE('',#7146);
#6246=PLANE('',#7147);
#6247=PLANE('',#7148);
#6248=PLANE('',#7149);
#6249=PLANE('',#7150);
#6250=PLANE('',#7151);
#6251=PLANE('',#7152);
#6252=PLANE('',#7153);
#6253=PLANE('',#7154);
#6254=PLANE('',#7155);
#6255=PLANE('',#7156);
#6256=PLANE('',#7157);
#6257=PLANE('',#7160);
#6258=PLANE('',#7161);
#6259=PLANE('',#7164);
#6260=PLANE('',#7165);
#6261=PLANE('',#7166);
#6262=PLANE('',#7168);
#6263=PLANE('',#7169);
#6264=PLANE('',#7170);
#6265=PLANE('',#7171);
#6266=PLANE('',#7172);
#6267=PLANE('',#7173);
#6268=PLANE('',#7174);
#6269=PLANE('',#7175);
#6270=PLANE('',#7191);
#6271=PLANE('',#7192);
#6272=PLANE('',#7195);
#6273=PLANE('',#7196);
#6274=PLANE('',#7197);
#6275=PLANE('',#7198);
#6276=PLANE('',#7199);
#6277=PLANE('',#7203);
#6278=PLANE('',#7204);
#6279=PLANE('',#7205);
#6280=PLANE('',#7206);
#6281=PLANE('',#7213);
#6282=PLANE('',#7216);
#6283=PLANE('',#7219);
#6284=PLANE('',#7226);
#6285=PLANE('',#7233);
#6286=PLANE('',#7236);
#6287=PLANE('',#7239);
#6288=PLANE('',#7246);
#6289=PLANE('',#7253);
#6290=PLANE('',#7257);
#6291=PLANE('',#7261);
#6292=PLANE('',#7268);
#6293=PLANE('',#7271);
#6294=PLANE('',#7277);
#6295=PLANE('',#7280);
#6296=PLANE('',#7281);
#6297=PLANE('',#7284);
#6298=PLANE('',#7288);
#6299=PLANE('',#7291);
#6300=PLANE('',#7296);
#6301=PLANE('',#7298);
#6302=PLANE('',#7300);
#6303=PLANE('',#7301);
#6304=PLANE('',#7304);
#6305=PLANE('',#7306);
#6306=PLANE('',#7307);
#6307=PLANE('',#7309);
#6308=PLANE('',#7310);
#6309=PLANE('',#7311);
#6310=PLANE('',#7312);
#6311=PLANE('',#7317);
#6312=PLANE('',#7318);
#6313=PLANE('',#7323);
#6314=PLANE('',#7324);
#6315=PLANE('',#7325);
#6316=PLANE('',#7326);
#6317=PLANE('',#7327);
#6318=PLANE('',#7328);
#6319=PLANE('',#7331);
#6320=PLANE('',#7334);
#6321=PLANE('',#7339);
#6322=PLANE('',#7346);
#6323=PLANE('',#7347);
#6324=PLANE('',#7358);
#6325=PLANE('',#7359);
#6326=PLANE('',#7360);
#6327=PLANE('',#7361);
#6328=PLANE('',#7362);
#6329=PLANE('',#7363);
#6330=PLANE('',#7364);
#6331=PLANE('',#7366);
#6332=PLANE('',#7367);
#6333=PLANE('',#7368);
#6334=PLANE('',#7369);
#6335=PLANE('',#7370);
#6336=PLANE('',#7371);
#6337=PLANE('',#7372);
#6338=PLANE('',#7376);
#6339=PLANE('',#7379);
#6340=PLANE('',#7384);
#6341=PLANE('',#7388);
#6342=ADVANCED_FACE('',(#1650),#6102,.F.);
#6343=ADVANCED_FACE('',(#1651),#1647,.T.);
#6344=ADVANCED_FACE('',(#1652,#223),#6103,.F.);
#6345=ADVANCED_FACE('',(#1653),#123,.T.);
#6346=ADVANCED_FACE('',(#1654),#6104,.T.);
#6347=ADVANCED_FACE('',(#1655),#6105,.T.);
#6348=ADVANCED_FACE('',(#1656),#6106,.T.);
#6349=ADVANCED_FACE('',(#1657),#6107,.T.);
#6350=ADVANCED_FACE('',(#1658),#6108,.T.);
#6351=ADVANCED_FACE('',(#1659),#6109,.T.);
#6352=ADVANCED_FACE('',(#1660),#6110,.T.);
#6353=ADVANCED_FACE('',(#1661),#6111,.T.);
#6354=ADVANCED_FACE('',(#1662),#6112,.T.);
#6355=ADVANCED_FACE('',(#1663),#6113,.T.);
#6356=ADVANCED_FACE('',(#1664),#6114,.T.);
#6357=ADVANCED_FACE('',(#1665),#6115,.T.);
#6358=ADVANCED_FACE('',(#1666),#124,.T.);
#6359=ADVANCED_FACE('',(#1667,#224),#6116,.F.);
#6360=ADVANCED_FACE('',(#1668),#6117,.F.);
#6361=ADVANCED_FACE('',(#1669),#6118,.F.);
#6362=ADVANCED_FACE('',(#1670),#6119,.F.);
#6363=ADVANCED_FACE('',(#1671),#6120,.F.);
#6364=ADVANCED_FACE('',(#1672),#6121,.F.);
#6365=ADVANCED_FACE('',(#1673),#6122,.F.);
#6366=ADVANCED_FACE('',(#1674,#225),#6123,.F.);
#6367=ADVANCED_FACE('',(#1675),#6124,.F.);
#6368=ADVANCED_FACE('',(#1676),#6125,.F.);
#6369=ADVANCED_FACE('',(#1677),#6126,.F.);
#6370=ADVANCED_FACE('',(#1678),#6127,.F.);
#6371=ADVANCED_FACE('',(#1679),#6128,.F.);
#6372=ADVANCED_FACE('',(#1680),#6129,.F.);
#6373=ADVANCED_FACE('',(#1681,#226),#6130,.F.);
#6374=ADVANCED_FACE('',(#1682),#6131,.F.);
#6375=ADVANCED_FACE('',(#1683),#6132,.F.);
#6376=ADVANCED_FACE('',(#1684),#6133,.F.);
#6377=ADVANCED_FACE('',(#1685),#6134,.F.);
#6378=ADVANCED_FACE('',(#1686),#6135,.F.);
#6379=ADVANCED_FACE('',(#1687),#6136,.F.);
#6380=ADVANCED_FACE('',(#1688,#227),#6137,.F.);
#6381=ADVANCED_FACE('',(#1689),#125,.F.);
#6382=ADVANCED_FACE('',(#1690,#228),#6138,.T.);
#6383=ADVANCED_FACE('',(#1691),#126,.F.);
#6384=ADVANCED_FACE('',(#1692,#229),#6139,.T.);
#6385=ADVANCED_FACE('',(#1693),#127,.F.);
#6386=ADVANCED_FACE('',(#1694,#230),#6140,.T.);
#6387=ADVANCED_FACE('',(#1695,#231),#6141,.T.);
#6388=ADVANCED_FACE('',(#1696),#128,.F.);
#6389=ADVANCED_FACE('',(#1697,#232),#6142,.T.);
#6390=ADVANCED_FACE('',(#1698),#129,.F.);
#6391=ADVANCED_FACE('',(#1699,#233),#6143,.T.);
#6392=ADVANCED_FACE('',(#1700),#130,.F.);
#6393=ADVANCED_FACE('',(#1701,#234),#6144,.T.);
#6394=ADVANCED_FACE('',(#1702),#131,.F.);
#6395=ADVANCED_FACE('',(#1703),#6145,.T.);
#6396=ADVANCED_FACE('',(#1704),#132,.F.);
#6397=ADVANCED_FACE('',(#1705),#6146,.F.);
#6398=ADVANCED_FACE('',(#1706),#6147,.T.);
#6399=ADVANCED_FACE('',(#1707,#235,#236),#6148,.T.);
#6400=ADVANCED_FACE('',(#1708,#237,#238),#6149,.T.);
#6401=ADVANCED_FACE('',(#1709),#6150,.T.);
#6402=ADVANCED_FACE('',(#1710),#6151,.T.);
#6403=ADVANCED_FACE('',(#1711,#239,#240),#6152,.F.);
#6404=ADVANCED_FACE('',(#1712,#241,#242),#6153,.F.);
#6405=ADVANCED_FACE('',(#1713),#133,.F.);
#6406=ADVANCED_FACE('',(#1714),#134,.F.);
#6407=ADVANCED_FACE('',(#1715),#135,.F.);
#6408=ADVANCED_FACE('',(#1716),#136,.F.);
#6409=ADVANCED_FACE('',(#1717),#137,.F.);
#6410=ADVANCED_FACE('',(#1718),#138,.F.);
#6411=ADVANCED_FACE('',(#1719,#243),#6154,.F.);
#6412=ADVANCED_FACE('',(#1720,#244,#245,#246,#247,#248,#249,#250,#251,#252),
#6155,.T.);
#6413=ADVANCED_FACE('',(#1721,#253,#254,#255),#6156,.F.);
#6414=ADVANCED_FACE('',(#1722),#139,.F.);
#6415=ADVANCED_FACE('',(#1723),#140,.F.);
#6416=ADVANCED_FACE('',(#1724,#256),#6157,.F.);
#6417=ADVANCED_FACE('',(#1725),#141,.F.);
#6418=ADVANCED_FACE('',(#1726),#142,.F.);
#6419=ADVANCED_FACE('',(#1727,#257),#6158,.F.);
#6420=ADVANCED_FACE('',(#1728),#143,.F.);
#6421=ADVANCED_FACE('',(#1729),#144,.F.);
#6422=ADVANCED_FACE('',(#1730,#258),#6159,.F.);
#6423=ADVANCED_FACE('',(#1731),#145,.F.);
#6424=ADVANCED_FACE('',(#1732),#146,.F.);
#6425=ADVANCED_FACE('',(#1733,#259),#6160,.F.);
#6426=ADVANCED_FACE('',(#1734),#147,.F.);
#6427=ADVANCED_FACE('',(#1735),#148,.F.);
#6428=ADVANCED_FACE('',(#1736,#260),#6161,.F.);
#6429=ADVANCED_FACE('',(#1737),#149,.F.);
#6430=ADVANCED_FACE('',(#1738),#150,.F.);
#6431=ADVANCED_FACE('',(#1739),#151,.F.);
#6432=ADVANCED_FACE('',(#1740),#152,.F.);
#6433=ADVANCED_FACE('',(#1741),#153,.F.);
#6434=ADVANCED_FACE('',(#1742),#154,.F.);
#6435=ADVANCED_FACE('',(#1743),#155,.F.);
#6436=ADVANCED_FACE('',(#1744,#261),#6162,.T.);
#6437=ADVANCED_FACE('',(#1745),#156,.F.);
#6438=ADVANCED_FACE('',(#1746,#262),#6163,.T.);
#6439=ADVANCED_FACE('',(#1747),#157,.F.);
#6440=ADVANCED_FACE('',(#1748,#263),#6164,.T.);
#6441=ADVANCED_FACE('',(#1749),#158,.F.);
#6442=ADVANCED_FACE('',(#1750,#264),#6165,.T.);
#6443=ADVANCED_FACE('',(#1751),#159,.F.);
#6444=ADVANCED_FACE('',(#1752,#265),#6166,.T.);
#6445=ADVANCED_FACE('',(#1753),#160,.F.);
#6446=ADVANCED_FACE('',(#1754,#266),#6167,.T.);
#6447=ADVANCED_FACE('',(#1755),#6168,.F.);
#6448=ADVANCED_FACE('',(#1756),#6169,.T.);
#6449=ADVANCED_FACE('',(#1757),#6170,.F.);
#6450=ADVANCED_FACE('',(#1758),#6171,.T.);
#6451=ADVANCED_FACE('',(#1759),#161,.F.);
#6452=ADVANCED_FACE('',(#1760),#162,.F.);
#6453=ADVANCED_FACE('',(#1761),#163,.F.);
#6454=ADVANCED_FACE('',(#1762),#164,.F.);
#6455=ADVANCED_FACE('',(#1763),#6172,.F.);
#6456=ADVANCED_FACE('',(#1764),#165,.T.);
#6457=ADVANCED_FACE('',(#1765,#267,#268,#269),#6173,.T.);
#6458=ADVANCED_FACE('',(#1766),#6174,.F.);
#6459=ADVANCED_FACE('',(#1767,#270,#271,#272,#273,#274,#275,#276,#277,#278),
#6175,.T.);
#6460=ADVANCED_FACE('',(#1768,#279,#280,#281,#282),#6176,.T.);
#6461=ADVANCED_FACE('',(#1769),#166,.F.);
#6462=ADVANCED_FACE('',(#1770),#6177,.T.);
#6463=ADVANCED_FACE('',(#1771),#6178,.T.);
#6464=ADVANCED_FACE('',(#1772),#167,.T.);
#6465=ADVANCED_FACE('',(#1773),#6179,.T.);
#6466=ADVANCED_FACE('',(#1774),#6180,.T.);
#6467=ADVANCED_FACE('',(#1775),#168,.F.);
#6468=ADVANCED_FACE('',(#1776,#283),#6181,.T.);
#6469=ADVANCED_FACE('',(#1777),#169,.F.);
#6470=ADVANCED_FACE('',(#1778,#284),#6182,.T.);
#6471=ADVANCED_FACE('',(#1779,#285),#6183,.T.);
#6472=ADVANCED_FACE('',(#1780),#39,.T.);
#6473=ADVANCED_FACE('',(#1781),#170,.T.);
#6474=ADVANCED_FACE('',(#1782),#1648,.T.);
#6475=ADVANCED_FACE('',(#1783),#6184,.T.);
#6476=ADVANCED_FACE('',(#1784),#6185,.T.);
#6477=ADVANCED_FACE('',(#1785),#6186,.T.);
#6478=ADVANCED_FACE('',(#1786),#6187,.T.);
#6479=ADVANCED_FACE('',(#1787),#6188,.T.);
#6480=ADVANCED_FACE('',(#1788,#286,#287),#6189,.T.);
#6481=ADVANCED_FACE('',(#1789),#6190,.T.);
#6482=ADVANCED_FACE('',(#1790),#6191,.T.);
#6483=ADVANCED_FACE('',(#1791,#288,#289),#6192,.F.);
#6484=ADVANCED_FACE('',(#1792),#6193,.T.);
#6485=ADVANCED_FACE('',(#1793),#171,.F.);
#6486=ADVANCED_FACE('',(#1794,#290),#6194,.T.);
#6487=ADVANCED_FACE('',(#1795),#172,.F.);
#6488=ADVANCED_FACE('',(#1796,#291),#6195,.T.);
#6489=ADVANCED_FACE('',(#1797),#173,.F.);
#6490=ADVANCED_FACE('',(#1798),#174,.F.);
#6491=ADVANCED_FACE('',(#1799),#6196,.T.);
#6492=ADVANCED_FACE('',(#1800),#6197,.T.);
#6493=ADVANCED_FACE('',(#1801,#292,#293),#6198,.F.);
#6494=ADVANCED_FACE('',(#1802),#175,.F.);
#6495=ADVANCED_FACE('',(#1803),#176,.F.);
#6496=ADVANCED_FACE('',(#1804),#6199,.T.);
#6497=ADVANCED_FACE('',(#1805),#6200,.T.);
#6498=ADVANCED_FACE('',(#1806,#294,#295),#6201,.T.);
#6499=ADVANCED_FACE('',(#1807,#296,#297,#298),#6202,.F.);
#6500=ADVANCED_FACE('',(#1808),#6203,.T.);
#6501=ADVANCED_FACE('',(#1809),#6204,.T.);
#6502=ADVANCED_FACE('',(#1810),#6205,.T.);
#6503=ADVANCED_FACE('',(#1811),#6206,.T.);
#6504=ADVANCED_FACE('',(#1812),#6207,.T.);
#6505=ADVANCED_FACE('',(#1813),#177,.F.);
#6506=ADVANCED_FACE('',(#1814),#178,.F.);
#6507=ADVANCED_FACE('',(#1815),#179,.F.);
#6508=ADVANCED_FACE('',(#1816),#6208,.T.);
#6509=ADVANCED_FACE('',(#1817,#299,#300,#301,#302),#6209,.T.);
#6510=ADVANCED_FACE('',(#1818),#6210,.T.);
#6511=ADVANCED_FACE('',(#1819),#6211,.T.);
#6512=ADVANCED_FACE('',(#1820),#6212,.T.);
#6513=ADVANCED_FACE('',(#1821,#303,#304,#305),#6213,.F.);
#6514=ADVANCED_FACE('',(#1822),#6214,.F.);
#6515=ADVANCED_FACE('',(#1823),#6215,.F.);
#6516=ADVANCED_FACE('',(#1824),#6216,.F.);
#6517=ADVANCED_FACE('',(#1825),#6217,.F.);
#6518=ADVANCED_FACE('',(#1826),#6218,.F.);
#6519=ADVANCED_FACE('',(#1827,#306,#307),#6219,.F.);
#6520=ADVANCED_FACE('',(#1828),#6220,.F.);
#6521=ADVANCED_FACE('',(#1829),#6221,.F.);
#6522=ADVANCED_FACE('',(#1830,#308,#309),#6222,.T.);
#6523=ADVANCED_FACE('',(#1831),#6223,.F.);
#6524=ADVANCED_FACE('',(#1832),#180,.F.);
#6525=ADVANCED_FACE('',(#1833,#310),#6224,.F.);
#6526=ADVANCED_FACE('',(#1834),#181,.F.);
#6527=ADVANCED_FACE('',(#1835,#311),#6225,.F.);
#6528=ADVANCED_FACE('',(#1836),#182,.F.);
#6529=ADVANCED_FACE('',(#1837),#183,.F.);
#6530=ADVANCED_FACE('',(#1838),#6226,.F.);
#6531=ADVANCED_FACE('',(#1839),#6227,.F.);
#6532=ADVANCED_FACE('',(#1840,#312,#313),#6228,.T.);
#6533=ADVANCED_FACE('',(#1841),#184,.F.);
#6534=ADVANCED_FACE('',(#1842),#185,.F.);
#6535=ADVANCED_FACE('',(#1843),#6229,.F.);
#6536=ADVANCED_FACE('',(#1844),#6230,.F.);
#6537=ADVANCED_FACE('',(#1845,#314,#315),#6231,.F.);
#6538=ADVANCED_FACE('',(#1846,#316,#317,#318),#6232,.T.);
#6539=ADVANCED_FACE('',(#1847),#6233,.F.);
#6540=ADVANCED_FACE('',(#1848),#6234,.F.);
#6541=ADVANCED_FACE('',(#1849),#6235,.F.);
#6542=ADVANCED_FACE('',(#1850),#6236,.F.);
#6543=ADVANCED_FACE('',(#1851),#6237,.F.);
#6544=ADVANCED_FACE('',(#1852),#186,.F.);
#6545=ADVANCED_FACE('',(#1853),#187,.F.);
#6546=ADVANCED_FACE('',(#1854),#188,.F.);
#6547=ADVANCED_FACE('',(#1855),#6238,.F.);
#6548=ADVANCED_FACE('',(#1856,#319,#320,#321,#322),#6239,.F.);
#6549=ADVANCED_FACE('',(#1857),#6240,.F.);
#6550=ADVANCED_FACE('',(#1858),#6241,.F.);
#6551=ADVANCED_FACE('',(#1859),#6242,.F.);
#6552=ADVANCED_FACE('',(#1860,#323,#324,#325),#6243,.T.);
#6553=ADVANCED_FACE('',(#1861),#40,.T.);
#6554=ADVANCED_FACE('',(#1862),#1649,.T.);
#6555=ADVANCED_FACE('',(#1863,#326),#6244,.T.);
#6556=ADVANCED_FACE('',(#1864),#189,.T.);
#6557=ADVANCED_FACE('',(#1865),#6245,.F.);
#6558=ADVANCED_FACE('',(#1866),#6246,.F.);
#6559=ADVANCED_FACE('',(#1867),#6247,.F.);
#6560=ADVANCED_FACE('',(#1868),#6248,.F.);
#6561=ADVANCED_FACE('',(#1869),#6249,.F.);
#6562=ADVANCED_FACE('',(#1870),#6250,.F.);
#6563=ADVANCED_FACE('',(#1871),#6251,.F.);
#6564=ADVANCED_FACE('',(#1872),#6252,.F.);
#6565=ADVANCED_FACE('',(#1873),#6253,.F.);
#6566=ADVANCED_FACE('',(#1874),#6254,.F.);
#6567=ADVANCED_FACE('',(#1875),#6255,.F.);
#6568=ADVANCED_FACE('',(#1876),#6256,.F.);
#6569=ADVANCED_FACE('',(#1877),#190,.T.);
#6570=ADVANCED_FACE('',(#1878),#6257,.T.);
#6571=ADVANCED_FACE('',(#1879,#327),#6258,.T.);
#6572=ADVANCED_FACE('',(#1880),#6259,.T.);
#6573=ADVANCED_FACE('',(#1881),#6260,.T.);
#6574=ADVANCED_FACE('',(#1882,#328),#6261,.T.);
#6575=ADVANCED_FACE('',(#1883),#6262,.T.);
#6576=ADVANCED_FACE('',(#1884),#6263,.T.);
#6577=ADVANCED_FACE('',(#1885),#6264,.T.);
#6578=ADVANCED_FACE('',(#1886),#6265,.T.);
#6579=ADVANCED_FACE('',(#1887),#6266,.T.);
#6580=ADVANCED_FACE('',(#1888),#6267,.T.);
#6581=ADVANCED_FACE('',(#1889),#6268,.T.);
#6582=ADVANCED_FACE('',(#1890,#329,#330,#331,#332,#333),#6269,.T.);
#6583=ADVANCED_FACE('',(#1891),#6270,.T.);
#6584=ADVANCED_FACE('',(#1892),#6271,.T.);
#6585=ADVANCED_FACE('',(#1893),#191,.F.);
#6586=ADVANCED_FACE('',(#1894),#11,.T.);
#6587=ADVANCED_FACE('',(#1895),#12,.T.);
#6588=ADVANCED_FACE('',(#1896),#6272,.T.);
#6589=ADVANCED_FACE('',(#1897),#13,.T.);
#6590=ADVANCED_FACE('',(#1898),#6273,.T.);
#6591=ADVANCED_FACE('',(#1899),#14,.T.);
#6592=ADVANCED_FACE('',(#1900),#6274,.F.);
#6593=ADVANCED_FACE('',(#1901),#6275,.F.);
#6594=ADVANCED_FACE('',(#1902),#6276,.F.);
#6595=ADVANCED_FACE('',(#1903,#334),#192,.F.);
#6596=ADVANCED_FACE('',(#1904),#6277,.F.);
#6597=ADVANCED_FACE('',(#1905),#6278,.F.);
#6598=ADVANCED_FACE('',(#1906),#6279,.F.);
#6599=ADVANCED_FACE('',(#1907,#335),#6280,.F.);
#6600=ADVANCED_FACE('',(#1908),#41,.F.);
#6601=ADVANCED_FACE('',(#1909),#42,.T.);
#6602=ADVANCED_FACE('',(#1910),#43,.F.);
#6603=ADVANCED_FACE('',(#1911),#6281,.T.);
#6604=ADVANCED_FACE('',(#1912),#44,.T.);
#6605=ADVANCED_FACE('',(#1913),#6282,.T.);
#6606=ADVANCED_FACE('',(#1914),#45,.T.);
#6607=ADVANCED_FACE('',(#1915),#6283,.T.);
#6608=ADVANCED_FACE('',(#1916),#46,.F.);
#6609=ADVANCED_FACE('',(#1917),#47,.T.);
#6610=ADVANCED_FACE('',(#1918),#48,.F.);
#6611=ADVANCED_FACE('',(#1919),#6284,.T.);
#6612=ADVANCED_FACE('',(#1920),#193,.F.);
#6613=ADVANCED_FACE('',(#1921),#194,.T.);
#6614=ADVANCED_FACE('',(#1922),#195,.F.);
#6615=ADVANCED_FACE('',(#1923),#6285,.T.);
#6616=ADVANCED_FACE('',(#1924),#196,.T.);
#6617=ADVANCED_FACE('',(#1925),#6286,.T.);
#6618=ADVANCED_FACE('',(#1926),#197,.T.);
#6619=ADVANCED_FACE('',(#1927),#6287,.T.);
#6620=ADVANCED_FACE('',(#1928),#198,.F.);
#6621=ADVANCED_FACE('',(#1929),#199,.T.);
#6622=ADVANCED_FACE('',(#1930),#200,.F.);
#6623=ADVANCED_FACE('',(#1931),#6288,.T.);
#6624=ADVANCED_FACE('',(#1932),#49,.F.);
#6625=ADVANCED_FACE('',(#1933),#50,.T.);
#6626=ADVANCED_FACE('',(#1934),#51,.F.);
#6627=ADVANCED_FACE('',(#1935),#6289,.T.);
#6628=ADVANCED_FACE('',(#1936),#52,.T.);
#6629=ADVANCED_FACE('',(#1937),#6290,.T.);
#6630=ADVANCED_FACE('',(#1938),#53,.T.);
#6631=ADVANCED_FACE('',(#1939),#6291,.T.);
#6632=ADVANCED_FACE('',(#1940),#54,.F.);
#6633=ADVANCED_FACE('',(#1941),#55,.T.);
#6634=ADVANCED_FACE('',(#1942),#56,.F.);
#6635=ADVANCED_FACE('',(#1943),#6292,.T.);
#6636=ADVANCED_FACE('',(#1944),#201,.T.);
#6637=ADVANCED_FACE('',(#1945),#6293,.T.);
#6638=ADVANCED_FACE('',(#1946),#202,.T.);
#6639=ADVANCED_FACE('',(#1947),#57,.F.);
#6640=ADVANCED_FACE('',(#1948),#6294,.T.);
#6641=ADVANCED_FACE('',(#1949),#58,.F.);
#6642=ADVANCED_FACE('',(#1950),#6295,.T.);
#6643=ADVANCED_FACE('',(#1951),#6296,.F.);
#6644=ADVANCED_FACE('',(#1952),#203,.F.);
#6645=ADVANCED_FACE('',(#1953,#336,#337,#338,#339,#340),#6297,.F.);
#6646=ADVANCED_FACE('',(#1954),#6298,.T.);
#6647=ADVANCED_FACE('',(#1955),#59,.F.);
#6648=ADVANCED_FACE('',(#1956),#6299,.T.);
#6649=ADVANCED_FACE('',(#1957),#60,.F.);
#6650=ADVANCED_FACE('',(#1958),#204,.F.);
#6651=ADVANCED_FACE('',(#1959),#6300,.F.);
#6652=ADVANCED_FACE('',(#1960),#61,.F.);
#6653=ADVANCED_FACE('',(#1961),#6301,.T.);
#6654=ADVANCED_FACE('',(#1962),#62,.F.);
#6655=ADVANCED_FACE('',(#1963),#6302,.T.);
#6656=ADVANCED_FACE('',(#1964),#6303,.F.);
#6657=ADVANCED_FACE('',(#1965),#63,.F.);
#6658=ADVANCED_FACE('',(#1966),#6304,.T.);
#6659=ADVANCED_FACE('',(#1967),#64,.F.);
#6660=ADVANCED_FACE('',(#1968),#6305,.T.);
#6661=ADVANCED_FACE('',(#1969),#6306,.F.);
#6662=ADVANCED_FACE('',(#1970),#205,.F.);
#6663=ADVANCED_FACE('',(#1971),#6307,.T.);
#6664=ADVANCED_FACE('',(#1972),#6308,.F.);
#6665=ADVANCED_FACE('',(#1973),#6309,.T.);
#6666=ADVANCED_FACE('',(#1974,#341,#342),#6310,.F.);
#6667=ADVANCED_FACE('',(#1975),#6311,.T.);
#6668=ADVANCED_FACE('',(#1976,#343,#344),#6312,.F.);
#6669=ADVANCED_FACE('',(#1977),#6313,.T.);
#6670=ADVANCED_FACE('',(#1978),#6314,.F.);
#6671=ADVANCED_FACE('',(#1979),#6315,.T.);
#6672=ADVANCED_FACE('',(#1980),#6316,.F.);
#6673=ADVANCED_FACE('',(#1981),#6317,.T.);
#6674=ADVANCED_FACE('',(#1982,#345,#346),#6318,.F.);
#6675=ADVANCED_FACE('',(#1983,#347,#348),#6319,.F.);
#6676=ADVANCED_FACE('',(#1984,#349,#350),#6320,.F.);
#6677=ADVANCED_FACE('',(#1985,#351,#352),#6321,.F.);
#6678=ADVANCED_FACE('',(#1986),#206,.T.);
#6679=ADVANCED_FACE('',(#1987),#207,.T.);
#6680=ADVANCED_FACE('',(#1988),#6322,.T.);
#6681=ADVANCED_FACE('',(#1989),#6323,.T.);
#6682=ADVANCED_FACE('',(#1990),#208,.T.);
#6683=ADVANCED_FACE('',(#1991),#209,.T.);
#6684=ADVANCED_FACE('',(#1992),#210,.F.);
#6685=ADVANCED_FACE('',(#1993),#211,.F.);
#6686=ADVANCED_FACE('',(#1994),#212,.F.);
#6687=ADVANCED_FACE('',(#1995),#213,.F.);
#6688=ADVANCED_FACE('',(#1996),#214,.F.);
#6689=ADVANCED_FACE('',(#1997),#215,.F.);
#6690=ADVANCED_FACE('',(#1998),#6324,.F.);
#6691=ADVANCED_FACE('',(#1999),#6325,.F.);
#6692=ADVANCED_FACE('',(#2000),#6326,.F.);
#6693=ADVANCED_FACE('',(#2001),#6327,.F.);
#6694=ADVANCED_FACE('',(#2002),#6328,.F.);
#6695=ADVANCED_FACE('',(#2003),#6329,.F.);
#6696=ADVANCED_FACE('',(#2004,#353),#6330,.T.);
#6697=ADVANCED_FACE('',(#2005),#6331,.F.);
#6698=ADVANCED_FACE('',(#2006),#6332,.F.);
#6699=ADVANCED_FACE('',(#2007),#6333,.F.);
#6700=ADVANCED_FACE('',(#2008),#6334,.F.);
#6701=ADVANCED_FACE('',(#2009),#6335,.F.);
#6702=ADVANCED_FACE('',(#2010),#6336,.F.);
#6703=ADVANCED_FACE('',(#2011,#354),#6337,.T.);
#6704=ADVANCED_FACE('',(#2012),#216,.F.);
#6705=ADVANCED_FACE('',(#2013,#355),#6338,.T.);
#6706=ADVANCED_FACE('',(#2014),#217,.F.);
#6707=ADVANCED_FACE('',(#2015,#356),#6339,.T.);
#6708=ADVANCED_FACE('',(#2016),#218,.F.);
#6709=ADVANCED_FACE('',(#2017),#219,.F.);
#6710=ADVANCED_FACE('',(#2018),#220,.F.);
#6711=ADVANCED_FACE('',(#2019,#357),#6340,.F.);
#6712=ADVANCED_FACE('',(#2020),#221,.F.);
#6713=ADVANCED_FACE('',(#2021,#358),#6341,.T.);
#6714=ADVANCED_FACE('',(#2022),#222,.F.);
#6715=CLOSED_SHELL('',(#6342,#6343,#6344,#6345,#6346,#6347,#6348,#6349,
#6350,#6351,#6352,#6353,#6354,#6355,#6356,#6357,#6358,#6359));
#6716=CLOSED_SHELL('',(#6360,#6361,#6362,#6363,#6364,#6365,#6366,#6367,
#6368,#6369,#6370,#6371,#6372,#6373,#6374,#6375,#6376,#6377,#6378,#6379,
#6380,#6381,#6382,#6383,#6384,#6385,#6386,#6387,#6388,#6389,#6390,#6391,
#6392,#6393,#6394,#6395,#6396,#6397,#6398,#6399,#6400,#6401,#6402,#6403,
#6404,#6405,#6406,#6407,#6408,#6409,#6410,#6411,#6412,#6413,#6414,#6415,
#6416,#6417,#6418,#6419,#6420,#6421,#6422,#6423,#6424,#6425,#6426,#6427,
#6428,#6429,#6430,#6431,#6432,#6433,#6434,#6435,#6436,#6437,#6438,#6439,
#6440,#6441,#6442,#6443,#6444,#6445,#6446,#6447,#6448,#6449,#6450,#6451,
#6452,#6453,#6454,#6455,#6456,#6457,#6458,#6459,#6460,#6461,#6462,#6463,
#6464,#6465,#6466));
#6717=CLOSED_SHELL('',(#6467,#6468,#6469,#6470,#6471,#6472,#6473,#6474));
#6718=CLOSED_SHELL('',(#6475,#6476,#6477,#6478,#6479,#6480,#6481,#6482,
#6483,#6484,#6485,#6486,#6487,#6488,#6489,#6490,#6491,#6492,#6493,#6494,
#6495,#6496,#6497,#6498,#6499,#6500,#6501,#6502,#6503,#6504,#6505,#6506,
#6507,#6508,#6509,#6510,#6511,#6512,#6513));
#6719=CLOSED_SHELL('',(#6514,#6515,#6516,#6517,#6518,#6519,#6520,#6521,
#6522,#6523,#6524,#6525,#6526,#6527,#6528,#6529,#6530,#6531,#6532,#6533,
#6534,#6535,#6536,#6537,#6538,#6539,#6540,#6541,#6542,#6543,#6544,#6545,
#6546,#6547,#6548,#6549,#6550,#6551,#6552));
#6720=CLOSED_SHELL('',(#6553,#6554,#6555,#6556,#6557,#6558,#6559,#6560,
#6561,#6562,#6563,#6564,#6565,#6566,#6567,#6568,#6569,#6570,#6571));
#6721=CLOSED_SHELL('',(#6572,#6573,#6574,#6575,#6576,#6577,#6578,#6579,
#6580,#6581,#6582,#6583,#6584,#6585,#6586,#6587,#6588,#6589,#6590,#6591,
#6592,#6593,#6594,#6595,#6596,#6597,#6598,#6599,#6600,#6601,#6602,#6603,
#6604,#6605,#6606,#6607,#6608,#6609,#6610,#6611,#6612,#6613,#6614,#6615,
#6616,#6617,#6618,#6619,#6620,#6621,#6622,#6623,#6624,#6625,#6626,#6627,
#6628,#6629,#6630,#6631,#6632,#6633,#6634,#6635,#6636,#6637,#6638,#6639,
#6640,#6641,#6642,#6643,#6644,#6645,#6646,#6647,#6648,#6649,#6650,#6651,
#6652,#6653,#6654,#6655,#6656,#6657,#6658,#6659,#6660,#6661,#6662,#6663,
#6664,#6665,#6666,#6667,#6668,#6669,#6670,#6671,#6672,#6673,#6674,#6675,
#6676,#6677,#6678,#6679,#6680,#6681,#6682,#6683,#6684,#6685,#6686,#6687,
#6688,#6689,#6690,#6691,#6692,#6693,#6694,#6695,#6696,#6697,#6698,#6699,
#6700,#6701,#6702,#6703,#6704,#6705,#6706,#6707,#6708,#6709,#6710,#6711,
#6712,#6713,#6714));
#6722=DERIVED_UNIT_ELEMENT(#6730,1.);
#6723=DERIVED_UNIT_ELEMENT(#11379,-3.);
#6724=DERIVED_UNIT_ELEMENT(#6730,1.);
#6725=DERIVED_UNIT_ELEMENT(#11379,-3.);
#6726=DERIVED_UNIT_ELEMENT(#6730,1.);
#6727=DERIVED_UNIT_ELEMENT(#11379,-3.);
#6728=DERIVED_UNIT_ELEMENT(#6730,1.);
#6729=DERIVED_UNIT_ELEMENT(#11379,-3.);
#6730=(
MASS_UNIT()
NAMED_UNIT(*)
SI_UNIT(.KILO.,.GRAM.)
);
#6731=DERIVED_UNIT((#6722,#6723));
#6732=DERIVED_UNIT((#6724,#6725));
#6733=DERIVED_UNIT((#6726,#6727));
#6734=DERIVED_UNIT((#6728,#6729));
#6735=MEASURE_REPRESENTATION_ITEM('density measure',
POSITIVE_RATIO_MEASURE(7850.),#6731);
#6736=MEASURE_REPRESENTATION_ITEM('density measure',
POSITIVE_RATIO_MEASURE(7850.),#6732);
#6737=MEASURE_REPRESENTATION_ITEM('density measure',
POSITIVE_RATIO_MEASURE(7850.),#6733);
#6738=MEASURE_REPRESENTATION_ITEM('density measure',
POSITIVE_RATIO_MEASURE(7750.),#6734);
#6739=PROPERTY_DEFINITION_REPRESENTATION(#6759,#6747);
#6740=PROPERTY_DEFINITION_REPRESENTATION(#6760,#6748);
#6741=PROPERTY_DEFINITION_REPRESENTATION(#6761,#6749);
#6742=PROPERTY_DEFINITION_REPRESENTATION(#6762,#6750);
#6743=PROPERTY_DEFINITION_REPRESENTATION(#6763,#6751);
#6744=PROPERTY_DEFINITION_REPRESENTATION(#6764,#6752);
#6745=PROPERTY_DEFINITION_REPRESENTATION(#6765,#6753);
#6746=PROPERTY_DEFINITION_REPRESENTATION(#6766,#6754);
#6747=REPRESENTATION('material name',(#6755),#11373);
#6748=REPRESENTATION('density',(#6735),#11373);
#6749=REPRESENTATION('material name',(#6756),#11374);
#6750=REPRESENTATION('density',(#6736),#11374);
#6751=REPRESENTATION('material name',(#6757),#11375);
#6752=REPRESENTATION('density',(#6737),#11375);
#6753=REPRESENTATION('material name',(#6758),#11376);
#6754=REPRESENTATION('density',(#6738),#11376);
#6755=DESCRIPTIVE_REPRESENTATION_ITEM('Steel','Steel');
#6756=DESCRIPTIVE_REPRESENTATION_ITEM('Steel','Steel');
#6757=DESCRIPTIVE_REPRESENTATION_ITEM('Steel','Steel');
#6758=DESCRIPTIVE_REPRESENTATION_ITEM('Steel 4.6, Plain',
'Steel 4.6, Plain');
#6759=PROPERTY_DEFINITION('material property','material name',#11409);
#6760=PROPERTY_DEFINITION('material property','density of part',#11409);
#6761=PROPERTY_DEFINITION('material property','material name',#11410);
#6762=PROPERTY_DEFINITION('material property','density of part',#11410);
#6763=PROPERTY_DEFINITION('material property','material name',#11411);
#6764=PROPERTY_DEFINITION('material property','density of part',#11411);
#6765=PROPERTY_DEFINITION('material property','material name',#11412);
#6766=PROPERTY_DEFINITION('material property','density of part',#11412);
#6767=AXIS2_PLACEMENT_3D('',#9295,#7395,#7396);
#6768=AXIS2_PLACEMENT_3D('',#9296,#7397,#7398);
#6769=AXIS2_PLACEMENT_3D('',#9297,#7399,#7400);
#6770=AXIS2_PLACEMENT_3D('',#9298,#7401,#7402);
#6771=AXIS2_PLACEMENT_3D('',#9300,#7403,#7404);
#6772=AXIS2_PLACEMENT_3D('',#9301,#7405,#7406);
#6773=AXIS2_PLACEMENT_3D('',#9303,#7407,#7408);
#6774=AXIS2_PLACEMENT_3D('',#9305,#7409,#7410);
#6775=AXIS2_PLACEMENT_3D('',#9306,#7411,#7412);
#6776=AXIS2_PLACEMENT_3D('',#9307,#7413,#7414);
#6777=AXIS2_PLACEMENT_3D('',#9320,#7421,#7422);
#6778=AXIS2_PLACEMENT_3D('',#9322,#7423,#7424);
#6779=AXIS2_PLACEMENT_3D('',#9324,#7426,#7427);
#6780=AXIS2_PLACEMENT_3D('',#9331,#7431,#7432);
#6781=AXIS2_PLACEMENT_3D('',#9335,#7435,#7436);
#6782=AXIS2_PLACEMENT_3D('',#9339,#7439,#7440);
#6783=AXIS2_PLACEMENT_3D('',#9343,#7443,#7444);
#6784=AXIS2_PLACEMENT_3D('',#9347,#7447,#7448);
#6785=AXIS2_PLACEMENT_3D('',#9349,#7450,#7451);
#6786=AXIS2_PLACEMENT_3D('',#9352,#7454,#7455);
#6787=AXIS2_PLACEMENT_3D('',#9354,#7457,#7458);
#6788=AXIS2_PLACEMENT_3D('',#9356,#7460,#7461);
#6789=AXIS2_PLACEMENT_3D('',#9358,#7463,#7464);
#6790=AXIS2_PLACEMENT_3D('',#9360,#7466,#7467);
#6791=AXIS2_PLACEMENT_3D('',#9361,#7468,#7469);
#6792=AXIS2_PLACEMENT_3D('',#9364,#7471,#7472);
#6793=AXIS2_PLACEMENT_3D('',#9365,#7473,#7474);
#6794=AXIS2_PLACEMENT_3D('',#9366,#7475,#7476);
#6795=AXIS2_PLACEMENT_3D('',#9375,#7481,#7482);
#6796=AXIS2_PLACEMENT_3D('',#9381,#7486,#7487);
#6797=AXIS2_PLACEMENT_3D('',#9387,#7491,#7492);
#6798=AXIS2_PLACEMENT_3D('',#9393,#7496,#7497);
#6799=AXIS2_PLACEMENT_3D('',#9399,#7501,#7502);
#6800=AXIS2_PLACEMENT_3D('',#9402,#7505,#7506);
#6801=AXIS2_PLACEMENT_3D('',#9404,#7507,#7508);
#6802=AXIS2_PLACEMENT_3D('',#9405,#7509,#7510);
#6803=AXIS2_PLACEMENT_3D('',#9414,#7515,#7516);
#6804=AXIS2_PLACEMENT_3D('',#9420,#7520,#7521);
#6805=AXIS2_PLACEMENT_3D('',#9426,#7525,#7526);
#6806=AXIS2_PLACEMENT_3D('',#9432,#7530,#7531);
#6807=AXIS2_PLACEMENT_3D('',#9438,#7535,#7536);
#6808=AXIS2_PLACEMENT_3D('',#9441,#7539,#7540);
#6809=AXIS2_PLACEMENT_3D('',#9443,#7541,#7542);
#6810=AXIS2_PLACEMENT_3D('',#9444,#7543,#7544);
#6811=AXIS2_PLACEMENT_3D('',#9453,#7549,#7550);
#6812=AXIS2_PLACEMENT_3D('',#9459,#7554,#7555);
#6813=AXIS2_PLACEMENT_3D('',#9465,#7559,#7560);
#6814=AXIS2_PLACEMENT_3D('',#9471,#7564,#7565);
#6815=AXIS2_PLACEMENT_3D('',#9477,#7569,#7570);
#6816=AXIS2_PLACEMENT_3D('',#9480,#7573,#7574);
#6817=AXIS2_PLACEMENT_3D('',#9482,#7575,#7576);
#6818=AXIS2_PLACEMENT_3D('',#9483,#7577,#7578);
#6819=AXIS2_PLACEMENT_3D('',#9485,#7579,#7580);
#6820=AXIS2_PLACEMENT_3D('',#9488,#7582,#7583);
#6821=AXIS2_PLACEMENT_3D('',#9489,#7584,#7585);
#6822=AXIS2_PLACEMENT_3D('',#9491,#7586,#7587);
#6823=AXIS2_PLACEMENT_3D('',#9492,#7588,#7589);
#6824=AXIS2_PLACEMENT_3D('',#9494,#7590,#7591);
#6825=AXIS2_PLACEMENT_3D('',#9497,#7593,#7594);
#6826=AXIS2_PLACEMENT_3D('',#9498,#7595,#7596);
#6827=AXIS2_PLACEMENT_3D('',#9500,#7597,#7598);
#6828=AXIS2_PLACEMENT_3D('',#9501,#7599,#7600);
#6829=AXIS2_PLACEMENT_3D('',#9503,#7601,#7602);
#6830=AXIS2_PLACEMENT_3D('',#9506,#7604,#7605);
#6831=AXIS2_PLACEMENT_3D('',#9507,#7606,#7607);
#6832=AXIS2_PLACEMENT_3D('',#9509,#7608,#7609);
#6833=AXIS2_PLACEMENT_3D('',#9510,#7610,#7611);
#6834=AXIS2_PLACEMENT_3D('',#9512,#7612,#7613);
#6835=AXIS2_PLACEMENT_3D('',#9514,#7614,#7615);
#6836=AXIS2_PLACEMENT_3D('',#9515,#7616,#7617);
#6837=AXIS2_PLACEMENT_3D('',#9519,#7619,#7620);
#6838=AXIS2_PLACEMENT_3D('',#9537,#7623,#7624);
#6839=AXIS2_PLACEMENT_3D('',#9539,#7625,#7626);
#6840=AXIS2_PLACEMENT_3D('',#9542,#7628,#7629);
#6841=AXIS2_PLACEMENT_3D('',#9543,#7630,#7631);
#6842=AXIS2_PLACEMENT_3D('',#9545,#7632,#7633);
#6843=AXIS2_PLACEMENT_3D('',#9547,#7634,#7635);
#6844=AXIS2_PLACEMENT_3D('',#9548,#7636,#7637);
#6845=AXIS2_PLACEMENT_3D('',#9552,#7639,#7640);
#6846=AXIS2_PLACEMENT_3D('',#9572,#7643,#7644);
#6847=AXIS2_PLACEMENT_3D('',#9574,#7645,#7646);
#6848=AXIS2_PLACEMENT_3D('',#9577,#7648,#7649);
#6849=AXIS2_PLACEMENT_3D('',#9578,#7650,#7651);
#6850=AXIS2_PLACEMENT_3D('',#9580,#7652,#7653);
#6851=AXIS2_PLACEMENT_3D('',#9582,#7654,#7655);
#6852=AXIS2_PLACEMENT_3D('',#9583,#7656,#7657);
#6853=AXIS2_PLACEMENT_3D('',#9587,#7659,#7660);
#6854=AXIS2_PLACEMENT_3D('',#9591,#7662,#7663);
#6855=AXIS2_PLACEMENT_3D('',#9593,#7664,#7665);
#6856=AXIS2_PLACEMENT_3D('',#9609,#7668,#7669);
#6857=AXIS2_PLACEMENT_3D('',#9610,#7670,#7671);
#6858=AXIS2_PLACEMENT_3D('',#9612,#7672,#7673);
#6859=AXIS2_PLACEMENT_3D('',#9614,#7674,#7675);
#6860=AXIS2_PLACEMENT_3D('',#9615,#7676,#7677);
#6861=AXIS2_PLACEMENT_3D('',#9619,#7679,#7680);
#6862=AXIS2_PLACEMENT_3D('',#9623,#7682,#7683);
#6863=AXIS2_PLACEMENT_3D('',#9625,#7684,#7685);
#6864=AXIS2_PLACEMENT_3D('',#9644,#7688,#7689);
#6865=AXIS2_PLACEMENT_3D('',#9645,#7690,#7691);
#6866=AXIS2_PLACEMENT_3D('',#9653,#7696,#7697);
#6867=AXIS2_PLACEMENT_3D('',#9656,#7699,#7700);
#6868=AXIS2_PLACEMENT_3D('',#9657,#7701,#7702);
#6869=AXIS2_PLACEMENT_3D('',#9658,#7703,#7704);
#6870=AXIS2_PLACEMENT_3D('',#9666,#7709,#7710);
#6871=AXIS2_PLACEMENT_3D('',#9672,#7714,#7715);
#6872=AXIS2_PLACEMENT_3D('',#9681,#7720,#7721);
#6873=AXIS2_PLACEMENT_3D('',#9682,#7722,#7723);
#6874=AXIS2_PLACEMENT_3D('',#9684,#7724,#7725);
#6875=AXIS2_PLACEMENT_3D('',#9686,#7726,#7727);
#6876=AXIS2_PLACEMENT_3D('',#9687,#7728,#7729);
#6877=AXIS2_PLACEMENT_3D('',#9693,#7733,#7734);
#6878=AXIS2_PLACEMENT_3D('',#9695,#7735,#7736);
#6879=AXIS2_PLACEMENT_3D('',#9697,#7737,#7738);
#6880=AXIS2_PLACEMENT_3D('',#9698,#7739,#7740);
#6881=AXIS2_PLACEMENT_3D('',#9706,#7745,#7746);
#6882=AXIS2_PLACEMENT_3D('',#9712,#7750,#7751);
#6883=AXIS2_PLACEMENT_3D('',#9718,#7755,#7756);
#6884=AXIS2_PLACEMENT_3D('',#9720,#7757,#7758);
#6885=AXIS2_PLACEMENT_3D('',#9722,#7759,#7760);
#6886=AXIS2_PLACEMENT_3D('',#9723,#7761,#7762);
#6887=AXIS2_PLACEMENT_3D('',#9730,#7766,#7767);
#6888=AXIS2_PLACEMENT_3D('',#9732,#7768,#7769);
#6889=AXIS2_PLACEMENT_3D('',#9733,#7770,#7771);
#6890=AXIS2_PLACEMENT_3D('',#9735,#7772,#7773);
#6891=AXIS2_PLACEMENT_3D('',#9737,#7775,#7776);
#6892=AXIS2_PLACEMENT_3D('',#9739,#7777,#7778);
#6893=AXIS2_PLACEMENT_3D('',#9741,#7780,#7781);
#6894=AXIS2_PLACEMENT_3D('',#9743,#7782,#7783);
#6895=AXIS2_PLACEMENT_3D('',#9745,#7785,#7786);
#6896=AXIS2_PLACEMENT_3D('',#9747,#7787,#7788);
#6897=AXIS2_PLACEMENT_3D('',#9749,#7790,#7791);
#6898=AXIS2_PLACEMENT_3D('',#9751,#7792,#7793);
#6899=AXIS2_PLACEMENT_3D('',#9753,#7795,#7796);
#6900=AXIS2_PLACEMENT_3D('',#9755,#7797,#7798);
#6901=AXIS2_PLACEMENT_3D('',#9758,#7800,#7801);
#6902=AXIS2_PLACEMENT_3D('',#9759,#7802,#7803);
#6903=AXIS2_PLACEMENT_3D('',#9760,#7804,#7805);
#6904=AXIS2_PLACEMENT_3D('',#9766,#7808,#7809);
#6905=AXIS2_PLACEMENT_3D('',#9774,#7814,#7815);
#6906=AXIS2_PLACEMENT_3D('',#9776,#7816,#7817);
#6907=AXIS2_PLACEMENT_3D('',#9778,#7818,#7819);
#6908=AXIS2_PLACEMENT_3D('',#9780,#7820,#7821);
#6909=AXIS2_PLACEMENT_3D('',#9782,#7822,#7823);
#6910=AXIS2_PLACEMENT_3D('',#9783,#7824,#7825);
#6911=AXIS2_PLACEMENT_3D('',#9786,#7827,#7828);
#6912=AXIS2_PLACEMENT_3D('',#9789,#7830,#7831);
#6913=AXIS2_PLACEMENT_3D('',#9791,#7832,#7833);
#6914=AXIS2_PLACEMENT_3D('',#9793,#7834,#7835);
#6915=AXIS2_PLACEMENT_3D('',#9794,#7836,#7837);
#6916=AXIS2_PLACEMENT_3D('',#9796,#7838,#7839);
#6917=AXIS2_PLACEMENT_3D('',#9798,#7841,#7842);
#6918=AXIS2_PLACEMENT_3D('',#9801,#7844,#7845);
#6919=AXIS2_PLACEMENT_3D('',#9802,#7846,#7847);
#6920=AXIS2_PLACEMENT_3D('',#9803,#7848,#7849);
#6921=AXIS2_PLACEMENT_3D('',#9805,#7850,#7851);
#6922=AXIS2_PLACEMENT_3D('',#9807,#7853,#7854);
#6923=AXIS2_PLACEMENT_3D('',#9810,#7856,#7857);
#6924=AXIS2_PLACEMENT_3D('',#9811,#7858,#7859);
#6925=AXIS2_PLACEMENT_3D('',#9812,#7860,#7861);
#6926=AXIS2_PLACEMENT_3D('',#9814,#7862,#7863);
#6927=AXIS2_PLACEMENT_3D('',#9816,#7865,#7866);
#6928=AXIS2_PLACEMENT_3D('',#9819,#7868,#7869);
#6929=AXIS2_PLACEMENT_3D('',#9820,#7870,#7871);
#6930=AXIS2_PLACEMENT_3D('',#9821,#7872,#7873);
#6931=AXIS2_PLACEMENT_3D('',#9823,#7874,#7875);
#6932=AXIS2_PLACEMENT_3D('',#9825,#7877,#7878);
#6933=AXIS2_PLACEMENT_3D('',#9828,#7880,#7881);
#6934=AXIS2_PLACEMENT_3D('',#9829,#7882,#7883);
#6935=AXIS2_PLACEMENT_3D('',#9830,#7884,#7885);
#6936=AXIS2_PLACEMENT_3D('',#9832,#7886,#7887);
#6937=AXIS2_PLACEMENT_3D('',#9834,#7889,#7890);
#6938=AXIS2_PLACEMENT_3D('',#9837,#7892,#7893);
#6939=AXIS2_PLACEMENT_3D('',#9838,#7894,#7895);
#6940=AXIS2_PLACEMENT_3D('',#9839,#7896,#7897);
#6941=AXIS2_PLACEMENT_3D('',#9841,#7898,#7899);
#6942=AXIS2_PLACEMENT_3D('',#9843,#7901,#7902);
#6943=AXIS2_PLACEMENT_3D('',#9845,#7903,#7904);
#6944=AXIS2_PLACEMENT_3D('',#9848,#7906,#7907);
#6945=AXIS2_PLACEMENT_3D('',#9849,#7908,#7909);
#6946=AXIS2_PLACEMENT_3D('',#9851,#7910,#7911);
#6947=AXIS2_PLACEMENT_3D('',#9853,#7913,#7914);
#6948=AXIS2_PLACEMENT_3D('',#9855,#7915,#7916);
#6949=AXIS2_PLACEMENT_3D('',#9857,#7918,#7919);
#6950=AXIS2_PLACEMENT_3D('',#9859,#7920,#7921);
#6951=AXIS2_PLACEMENT_3D('',#9862,#7923,#7924);
#6952=AXIS2_PLACEMENT_3D('',#9863,#7925,#7926);
#6953=AXIS2_PLACEMENT_3D('',#9865,#7927,#7928);
#6954=AXIS2_PLACEMENT_3D('',#9867,#7930,#7931);
#6955=AXIS2_PLACEMENT_3D('',#9869,#7932,#7933);
#6956=AXIS2_PLACEMENT_3D('',#9872,#7935,#7936);
#6957=AXIS2_PLACEMENT_3D('',#9873,#7937,#7938);
#6958=AXIS2_PLACEMENT_3D('',#9874,#7939,#7940);
#6959=AXIS2_PLACEMENT_3D('',#9876,#7941,#7942);
#6960=AXIS2_PLACEMENT_3D('',#9879,#7944,#7945);
#6961=AXIS2_PLACEMENT_3D('',#9880,#7946,#7947);
#6962=AXIS2_PLACEMENT_3D('',#9881,#7948,#7949);
#6963=AXIS2_PLACEMENT_3D('',#9883,#7950,#7951);
#6964=AXIS2_PLACEMENT_3D('',#9886,#7953,#7954);
#6965=AXIS2_PLACEMENT_3D('',#9887,#7955,#7956);
#6966=AXIS2_PLACEMENT_3D('',#9888,#7957,#7958);
#6967=AXIS2_PLACEMENT_3D('',#9890,#7959,#7960);
#6968=AXIS2_PLACEMENT_3D('',#9893,#7962,#7963);
#6969=AXIS2_PLACEMENT_3D('',#9894,#7964,#7965);
#6970=AXIS2_PLACEMENT_3D('',#9895,#7966,#7967);
#6971=AXIS2_PLACEMENT_3D('',#9897,#7968,#7969);
#6972=AXIS2_PLACEMENT_3D('',#9900,#7971,#7972);
#6973=AXIS2_PLACEMENT_3D('',#9901,#7973,#7974);
#6974=AXIS2_PLACEMENT_3D('',#9902,#7975,#7976);
#6975=AXIS2_PLACEMENT_3D('',#9904,#7977,#7978);
#6976=AXIS2_PLACEMENT_3D('',#9907,#7980,#7981);
#6977=AXIS2_PLACEMENT_3D('',#9908,#7982,#7983);
#6978=AXIS2_PLACEMENT_3D('',#9909,#7984,#7985);
#6979=AXIS2_PLACEMENT_3D('',#9913,#7988,#7989);
#6980=AXIS2_PLACEMENT_3D('',#9919,#7993,#7994);
#6981=AXIS2_PLACEMENT_3D('',#9925,#7998,#7999);
#6982=AXIS2_PLACEMENT_3D('',#9927,#8001,#8002);
#6983=AXIS2_PLACEMENT_3D('',#9929,#8004,#8005);
#6984=AXIS2_PLACEMENT_3D('',#9931,#8007,#8008);
#6985=AXIS2_PLACEMENT_3D('',#9933,#8010,#8011);
#6986=AXIS2_PLACEMENT_3D('',#9936,#8013,#8014);
#6987=AXIS2_PLACEMENT_3D('',#9937,#8015,#8016);
#6988=AXIS2_PLACEMENT_3D('',#9941,#8019,#8020);
#6989=AXIS2_PLACEMENT_3D('',#9942,#8021,#8022);
#6990=AXIS2_PLACEMENT_3D('',#9943,#8023,#8024);
#6991=AXIS2_PLACEMENT_3D('',#9944,#8025,#8026);
#6992=AXIS2_PLACEMENT_3D('',#9946,#8028,#8029);
#6993=AXIS2_PLACEMENT_3D('',#9949,#8032,#8033);
#6994=AXIS2_PLACEMENT_3D('',#9955,#8037,#8038);
#6995=AXIS2_PLACEMENT_3D('',#9958,#8041,#8042);
#6996=AXIS2_PLACEMENT_3D('',#9960,#8044,#8045);
#6997=AXIS2_PLACEMENT_3D('',#9961,#8046,#8047);
#6998=AXIS2_PLACEMENT_3D('',#9963,#8049,#8050);
#6999=AXIS2_PLACEMENT_3D('',#9964,#8051,#8052);
#7000=AXIS2_PLACEMENT_3D('',#9966,#8054,#8055);
#7001=AXIS2_PLACEMENT_3D('',#9967,#8056,#8057);
#7002=AXIS2_PLACEMENT_3D('',#9968,#8058,#8059);
#7003=AXIS2_PLACEMENT_3D('',#9970,#8060,#8061);
#7004=AXIS2_PLACEMENT_3D('',#9973,#8063,#8064);
#7005=AXIS2_PLACEMENT_3D('',#9974,#8065,#8066);
#7006=AXIS2_PLACEMENT_3D('',#9976,#8067,#8068);
#7007=AXIS2_PLACEMENT_3D('',#9977,#8069,#8070);
#7008=AXIS2_PLACEMENT_3D('',#9979,#8071,#8072);
#7009=AXIS2_PLACEMENT_3D('',#9981,#8074,#8075);
#7010=AXIS2_PLACEMENT_3D('',#9983,#8076,#8077);
#7011=AXIS2_PLACEMENT_3D('',#9984,#8078,#8079);
#7012=AXIS2_PLACEMENT_3D('',#9986,#8080,#8081);
#7013=AXIS2_PLACEMENT_3D('',#9987,#8082,#8083);
#7014=AXIS2_PLACEMENT_3D('',#9989,#8084,#8085);
#7015=AXIS2_PLACEMENT_3D('',#9991,#8087,#8088);
#7016=AXIS2_PLACEMENT_3D('',#9994,#8089,#8090);
#7017=AXIS2_PLACEMENT_3D('',#9996,#8092,#8093);
#7018=AXIS2_PLACEMENT_3D('',#9997,#8094,#8095);
#7019=AXIS2_PLACEMENT_3D('',#9998,#8096,#8097);
#7020=AXIS2_PLACEMENT_3D('',#9999,#8098,#8099);
#7021=AXIS2_PLACEMENT_3D('',#10000,#8100,#8101);
#7022=AXIS2_PLACEMENT_3D('',#10009,#8106,#8107);
#7023=AXIS2_PLACEMENT_3D('',#10015,#8111,#8112);
#7024=AXIS2_PLACEMENT_3D('',#10024,#8117,#8118);
#7025=AXIS2_PLACEMENT_3D('',#10030,#8122,#8123);
#7026=AXIS2_PLACEMENT_3D('',#10039,#8128,#8129);
#7027=AXIS2_PLACEMENT_3D('',#10049,#8135,#8136);
#7028=AXIS2_PLACEMENT_3D('',#10051,#8137,#8138);
#7029=AXIS2_PLACEMENT_3D('',#10052,#8139,#8140);
#7030=AXIS2_PLACEMENT_3D('',#10056,#8143,#8144);
#7031=AXIS2_PLACEMENT_3D('',#10065,#8149,#8150);
#7032=AXIS2_PLACEMENT_3D('',#10075,#8156,#8157);
#7033=AXIS2_PLACEMENT_3D('',#10077,#8158,#8159);
#7034=AXIS2_PLACEMENT_3D('',#10078,#8160,#8161);
#7035=AXIS2_PLACEMENT_3D('',#10082,#8164,#8165);
#7036=AXIS2_PLACEMENT_3D('',#10084,#8166,#8167);
#7037=AXIS2_PLACEMENT_3D('',#10087,#8169,#8170);
#7038=AXIS2_PLACEMENT_3D('',#10088,#8171,#8172);
#7039=AXIS2_PLACEMENT_3D('',#10090,#8173,#8174);
#7040=AXIS2_PLACEMENT_3D('',#10091,#8175,#8176);
#7041=AXIS2_PLACEMENT_3D('',#10093,#8177,#8178);
#7042=AXIS2_PLACEMENT_3D('',#10096,#8180,#8181);
#7043=AXIS2_PLACEMENT_3D('',#10097,#8182,#8183);
#7044=AXIS2_PLACEMENT_3D('',#10099,#8184,#8185);
#7045=AXIS2_PLACEMENT_3D('',#10100,#8186,#8187);
#7046=AXIS2_PLACEMENT_3D('',#10102,#8189,#8190);
#7047=AXIS2_PLACEMENT_3D('',#10104,#8192,#8193);
#7048=AXIS2_PLACEMENT_3D('',#10108,#8196,#8197);
#7049=AXIS2_PLACEMENT_3D('',#10112,#8200,#8201);
#7050=AXIS2_PLACEMENT_3D('',#10115,#8204,#8205);
#7051=AXIS2_PLACEMENT_3D('',#10117,#8206,#8207);
#7052=AXIS2_PLACEMENT_3D('',#10119,#8209,#8210);
#7053=AXIS2_PLACEMENT_3D('',#10121,#8211,#8212);
#7054=AXIS2_PLACEMENT_3D('',#10123,#8214,#8215);
#7055=AXIS2_PLACEMENT_3D('',#10127,#8218,#8219);
#7056=AXIS2_PLACEMENT_3D('',#10131,#8222,#8223);
#7057=AXIS2_PLACEMENT_3D('',#10134,#8226,#8227);
#7058=AXIS2_PLACEMENT_3D('',#10156,#8238,#8239);
#7059=AXIS2_PLACEMENT_3D('',#10158,#8240,#8241);
#7060=AXIS2_PLACEMENT_3D('',#10160,#8242,#8243);
#7061=AXIS2_PLACEMENT_3D('',#10161,#8244,#8245);
#7062=AXIS2_PLACEMENT_3D('',#10167,#8249,#8250);
#7063=AXIS2_PLACEMENT_3D('',#10171,#8253,#8254);
#7064=AXIS2_PLACEMENT_3D('',#10175,#8257,#8258);
#7065=AXIS2_PLACEMENT_3D('',#10179,#8261,#8262);
#7066=AXIS2_PLACEMENT_3D('',#10183,#8265,#8266);
#7067=AXIS2_PLACEMENT_3D('',#10185,#8267,#8268);
#7068=AXIS2_PLACEMENT_3D('',#10187,#8270,#8271);
#7069=AXIS2_PLACEMENT_3D('',#10189,#8272,#8273);
#7070=AXIS2_PLACEMENT_3D('',#10191,#8275,#8276);
#7071=AXIS2_PLACEMENT_3D('',#10193,#8277,#8278);
#7072=AXIS2_PLACEMENT_3D('',#10195,#8280,#8281);
#7073=AXIS2_PLACEMENT_3D('',#10199,#8284,#8285);
#7074=AXIS2_PLACEMENT_3D('',#10203,#8288,#8289);
#7075=AXIS2_PLACEMENT_3D('',#10207,#8292,#8293);
#7076=AXIS2_PLACEMENT_3D('',#10211,#8296,#8297);
#7077=AXIS2_PLACEMENT_3D('',#10213,#8299,#8300);
#7078=AXIS2_PLACEMENT_3D('',#10214,#8301,#8302);
#7079=AXIS2_PLACEMENT_3D('',#10223,#8307,#8308);
#7080=AXIS2_PLACEMENT_3D('',#10229,#8312,#8313);
#7081=AXIS2_PLACEMENT_3D('',#10238,#8318,#8319);
#7082=AXIS2_PLACEMENT_3D('',#10244,#8323,#8324);
#7083=AXIS2_PLACEMENT_3D('',#10253,#8329,#8330);
#7084=AXIS2_PLACEMENT_3D('',#10263,#8336,#8337);
#7085=AXIS2_PLACEMENT_3D('',#10265,#8338,#8339);
#7086=AXIS2_PLACEMENT_3D('',#10266,#8340,#8341);
#7087=AXIS2_PLACEMENT_3D('',#10270,#8344,#8345);
#7088=AXIS2_PLACEMENT_3D('',#10279,#8350,#8351);
#7089=AXIS2_PLACEMENT_3D('',#10289,#8357,#8358);
#7090=AXIS2_PLACEMENT_3D('',#10291,#8359,#8360);
#7091=AXIS2_PLACEMENT_3D('',#10292,#8361,#8362);
#7092=AXIS2_PLACEMENT_3D('',#10296,#8365,#8366);
#7093=AXIS2_PLACEMENT_3D('',#10298,#8367,#8368);
#7094=AXIS2_PLACEMENT_3D('',#10301,#8370,#8371);
#7095=AXIS2_PLACEMENT_3D('',#10302,#8372,#8373);
#7096=AXIS2_PLACEMENT_3D('',#10304,#8374,#8375);
#7097=AXIS2_PLACEMENT_3D('',#10305,#8376,#8377);
#7098=AXIS2_PLACEMENT_3D('',#10307,#8378,#8379);
#7099=AXIS2_PLACEMENT_3D('',#10310,#8381,#8382);
#7100=AXIS2_PLACEMENT_3D('',#10311,#8383,#8384);
#7101=AXIS2_PLACEMENT_3D('',#10313,#8385,#8386);
#7102=AXIS2_PLACEMENT_3D('',#10314,#8387,#8388);
#7103=AXIS2_PLACEMENT_3D('',#10316,#8390,#8391);
#7104=AXIS2_PLACEMENT_3D('',#10318,#8393,#8394);
#7105=AXIS2_PLACEMENT_3D('',#10322,#8397,#8398);
#7106=AXIS2_PLACEMENT_3D('',#10326,#8401,#8402);
#7107=AXIS2_PLACEMENT_3D('',#10329,#8405,#8406);
#7108=AXIS2_PLACEMENT_3D('',#10331,#8407,#8408);
#7109=AXIS2_PLACEMENT_3D('',#10333,#8410,#8411);
#7110=AXIS2_PLACEMENT_3D('',#10335,#8412,#8413);
#7111=AXIS2_PLACEMENT_3D('',#10337,#8415,#8416);
#7112=AXIS2_PLACEMENT_3D('',#10341,#8419,#8420);
#7113=AXIS2_PLACEMENT_3D('',#10345,#8423,#8424);
#7114=AXIS2_PLACEMENT_3D('',#10348,#8427,#8428);
#7115=AXIS2_PLACEMENT_3D('',#10370,#8439,#8440);
#7116=AXIS2_PLACEMENT_3D('',#10372,#8441,#8442);
#7117=AXIS2_PLACEMENT_3D('',#10374,#8443,#8444);
#7118=AXIS2_PLACEMENT_3D('',#10375,#8445,#8446);
#7119=AXIS2_PLACEMENT_3D('',#10381,#8450,#8451);
#7120=AXIS2_PLACEMENT_3D('',#10385,#8454,#8455);
#7121=AXIS2_PLACEMENT_3D('',#10389,#8458,#8459);
#7122=AXIS2_PLACEMENT_3D('',#10393,#8462,#8463);
#7123=AXIS2_PLACEMENT_3D('',#10397,#8466,#8467);
#7124=AXIS2_PLACEMENT_3D('',#10399,#8468,#8469);
#7125=AXIS2_PLACEMENT_3D('',#10401,#8471,#8472);
#7126=AXIS2_PLACEMENT_3D('',#10403,#8473,#8474);
#7127=AXIS2_PLACEMENT_3D('',#10405,#8476,#8477);
#7128=AXIS2_PLACEMENT_3D('',#10407,#8478,#8479);
#7129=AXIS2_PLACEMENT_3D('',#10409,#8481,#8482);
#7130=AXIS2_PLACEMENT_3D('',#10413,#8485,#8486);
#7131=AXIS2_PLACEMENT_3D('',#10417,#8489,#8490);
#7132=AXIS2_PLACEMENT_3D('',#10421,#8493,#8494);
#7133=AXIS2_PLACEMENT_3D('',#10425,#8497,#8498);
#7134=AXIS2_PLACEMENT_3D('',#10427,#8500,#8501);
#7135=AXIS2_PLACEMENT_3D('',#10428,#8502,#8503);
#7136=AXIS2_PLACEMENT_3D('',#10429,#8504,#8505);
#7137=AXIS2_PLACEMENT_3D('',#10431,#8506,#8507);
#7138=AXIS2_PLACEMENT_3D('',#10434,#8509,#8510);
#7139=AXIS2_PLACEMENT_3D('',#10435,#8511,#8512);
#7140=AXIS2_PLACEMENT_3D('',#10437,#8513,#8514);
#7141=AXIS2_PLACEMENT_3D('',#10439,#8515,#8516);
#7142=AXIS2_PLACEMENT_3D('',#10440,#8517,#8518);
#7143=AXIS2_PLACEMENT_3D('',#10441,#8519,#8520);
#7144=AXIS2_PLACEMENT_3D('',#10454,#8527,#8528);
#7145=AXIS2_PLACEMENT_3D('',#10456,#8529,#8530);
#7146=AXIS2_PLACEMENT_3D('',#10458,#8532,#8533);
#7147=AXIS2_PLACEMENT_3D('',#10465,#8537,#8538);
#7148=AXIS2_PLACEMENT_3D('',#10469,#8541,#8542);
#7149=AXIS2_PLACEMENT_3D('',#10473,#8545,#8546);
#7150=AXIS2_PLACEMENT_3D('',#10477,#8549,#8550);
#7151=AXIS2_PLACEMENT_3D('',#10481,#8553,#8554);
#7152=AXIS2_PLACEMENT_3D('',#10483,#8556,#8557);
#7153=AXIS2_PLACEMENT_3D('',#10486,#8560,#8561);
#7154=AXIS2_PLACEMENT_3D('',#10488,#8563,#8564);
#7155=AXIS2_PLACEMENT_3D('',#10490,#8566,#8567);
#7156=AXIS2_PLACEMENT_3D('',#10492,#8569,#8570);
#7157=AXIS2_PLACEMENT_3D('',#10494,#8572,#8573);
#7158=AXIS2_PLACEMENT_3D('',#10495,#8574,#8575);
#7159=AXIS2_PLACEMENT_3D('',#10498,#8577,#8578);
#7160=AXIS2_PLACEMENT_3D('',#10499,#8579,#8580);
#7161=AXIS2_PLACEMENT_3D('',#10500,#8581,#8582);
#7162=AXIS2_PLACEMENT_3D('',#10501,#8583,#8584);
#7163=AXIS2_PLACEMENT_3D('',#10502,#8585,#8586);
#7164=AXIS2_PLACEMENT_3D('',#10503,#8587,#8588);
#7165=AXIS2_PLACEMENT_3D('',#10516,#8595,#8596);
#7166=AXIS2_PLACEMENT_3D('',#10526,#8602,#8603);
#7167=AXIS2_PLACEMENT_3D('',#10531,#8606,#8607);
#7168=AXIS2_PLACEMENT_3D('',#10532,#8608,#8609);
#7169=AXIS2_PLACEMENT_3D('',#10540,#8614,#8615);
#7170=AXIS2_PLACEMENT_3D('',#10542,#8617,#8618);
#7171=AXIS2_PLACEMENT_3D('',#10548,#8622,#8623);
#7172=AXIS2_PLACEMENT_3D('',#10554,#8627,#8628);
#7173=AXIS2_PLACEMENT_3D('',#10556,#8630,#8631);
#7174=AXIS2_PLACEMENT_3D('',#10558,#8633,#8634);
#7175=AXIS2_PLACEMENT_3D('',#10560,#8636,#8637);
#7176=AXIS2_PLACEMENT_3D('',#10564,#8639,#8640);
#7177=AXIS2_PLACEMENT_3D('',#10566,#8641,#8642);
#7178=AXIS2_PLACEMENT_3D('',#10568,#8643,#8644);
#7179=AXIS2_PLACEMENT_3D('',#10572,#8646,#8647);
#7180=AXIS2_PLACEMENT_3D('',#10576,#8649,#8650);
#7181=AXIS2_PLACEMENT_3D('',#10580,#8652,#8653);
#7182=AXIS2_PLACEMENT_3D('',#10582,#8654,#8655);
#7183=AXIS2_PLACEMENT_3D('',#10584,#8656,#8657);
#7184=AXIS2_PLACEMENT_3D('',#10590,#8660,#8661);
#7185=AXIS2_PLACEMENT_3D('',#10593,#8663,#8664);
#7186=AXIS2_PLACEMENT_3D('',#10595,#8665,#8666);
#7187=AXIS2_PLACEMENT_3D('',#10597,#8667,#8668);
#7188=AXIS2_PLACEMENT_3D('',#10599,#8669,#8670);
#7189=AXIS2_PLACEMENT_3D('',#10602,#8671,#8672);
#7190=AXIS2_PLACEMENT_3D('',#10606,#8674,#8675);
#7191=AXIS2_PLACEMENT_3D('',#10608,#8677,#8678);
#7192=AXIS2_PLACEMENT_3D('',#10612,#8681,#8682);
#7193=AXIS2_PLACEMENT_3D('',#10616,#8685,#8686);
#7194=AXIS2_PLACEMENT_3D('',#10619,#8688,#8689);
#7195=AXIS2_PLACEMENT_3D('',#10720,#8690,#8691);
#7196=AXIS2_PLACEMENT_3D('',#10764,#8694,#8695);
#7197=AXIS2_PLACEMENT_3D('',#10808,#8698,#8699);
#7198=AXIS2_PLACEMENT_3D('',#10814,#8703,#8704);
#7199=AXIS2_PLACEMENT_3D('',#10818,#8707,#8708);
#7200=AXIS2_PLACEMENT_3D('',#10822,#8711,#8712);
#7201=AXIS2_PLACEMENT_3D('',#10825,#8713,#8714);
#7202=AXIS2_PLACEMENT_3D('',#10829,#8716,#8717);
#7203=AXIS2_PLACEMENT_3D('',#10831,#8719,#8720);
#7204=AXIS2_PLACEMENT_3D('',#10835,#8723,#8724);
#7205=AXIS2_PLACEMENT_3D('',#10839,#8727,#8728);
#7206=AXIS2_PLACEMENT_3D('',#10841,#8730,#8731);
#7207=AXIS2_PLACEMENT_3D('',#10842,#8732,#8733);
#7208=AXIS2_PLACEMENT_3D('',#10845,#8735,#8736);
#7209=AXIS2_PLACEMENT_3D('',#10846,#8737,#8738);
#7210=AXIS2_PLACEMENT_3D('',#10849,#8740,#8741);
#7211=AXIS2_PLACEMENT_3D('',#10850,#8742,#8743);
#7212=AXIS2_PLACEMENT_3D('',#10853,#8745,#8746);
#7213=AXIS2_PLACEMENT_3D('',#10854,#8747,#8748);
#7214=AXIS2_PLACEMENT_3D('',#10858,#8751,#8752);
#7215=AXIS2_PLACEMENT_3D('',#10860,#8753,#8754);
#7216=AXIS2_PLACEMENT_3D('',#10862,#8756,#8757);
#7217=AXIS2_PLACEMENT_3D('',#10866,#8760,#8761);
#7218=AXIS2_PLACEMENT_3D('',#10868,#8762,#8763);
#7219=AXIS2_PLACEMENT_3D('',#10870,#8765,#8766);
#7220=AXIS2_PLACEMENT_3D('',#10874,#8769,#8770);
#7221=AXIS2_PLACEMENT_3D('',#10877,#8772,#8773);
#7222=AXIS2_PLACEMENT_3D('',#10878,#8774,#8775);
#7223=AXIS2_PLACEMENT_3D('',#10881,#8777,#8778);
#7224=AXIS2_PLACEMENT_3D('',#10882,#8779,#8780);
#7225=AXIS2_PLACEMENT_3D('',#10884,#8782,#8783);
#7226=AXIS2_PLACEMENT_3D('',#10885,#8784,#8785);
#7227=AXIS2_PLACEMENT_3D('',#10886,#8786,#8787);
#7228=AXIS2_PLACEMENT_3D('',#10889,#8789,#8790);
#7229=AXIS2_PLACEMENT_3D('',#10890,#8791,#8792);
#7230=AXIS2_PLACEMENT_3D('',#10893,#8794,#8795);
#7231=AXIS2_PLACEMENT_3D('',#10894,#8796,#8797);
#7232=AXIS2_PLACEMENT_3D('',#10897,#8799,#8800);
#7233=AXIS2_PLACEMENT_3D('',#10898,#8801,#8802);
#7234=AXIS2_PLACEMENT_3D('',#10938,#8823,#8824);
#7235=AXIS2_PLACEMENT_3D('',#10941,#8826,#8827);
#7236=AXIS2_PLACEMENT_3D('',#10942,#8828,#8829);
#7237=AXIS2_PLACEMENT_3D('',#10946,#8832,#8833);
#7238=AXIS2_PLACEMENT_3D('',#10949,#8835,#8836);
#7239=AXIS2_PLACEMENT_3D('',#10950,#8837,#8838);
#7240=AXIS2_PLACEMENT_3D('',#10990,#8859,#8860);
#7241=AXIS2_PLACEMENT_3D('',#10993,#8862,#8863);
#7242=AXIS2_PLACEMENT_3D('',#10994,#8864,#8865);
#7243=AXIS2_PLACEMENT_3D('',#10997,#8867,#8868);
#7244=AXIS2_PLACEMENT_3D('',#10998,#8869,#8870);
#7245=AXIS2_PLACEMENT_3D('',#10999,#8871,#8872);
#7246=AXIS2_PLACEMENT_3D('',#11000,#8873,#8874);
#7247=AXIS2_PLACEMENT_3D('',#11004,#8877,#8878);
#7248=AXIS2_PLACEMENT_3D('',#11007,#8880,#8881);
#7249=AXIS2_PLACEMENT_3D('',#11008,#8882,#8883);
#7250=AXIS2_PLACEMENT_3D('',#11011,#8885,#8886);
#7251=AXIS2_PLACEMENT_3D('',#11012,#8887,#8888);
#7252=AXIS2_PLACEMENT_3D('',#11015,#8890,#8891);
#7253=AXIS2_PLACEMENT_3D('',#11016,#8892,#8893);
#7254=AXIS2_PLACEMENT_3D('',#11020,#8896,#8897);
#7255=AXIS2_PLACEMENT_3D('',#11022,#8898,#8899);
#7256=AXIS2_PLACEMENT_3D('',#11025,#8901,#8902);
#7257=AXIS2_PLACEMENT_3D('',#11026,#8903,#8904);
#7258=AXIS2_PLACEMENT_3D('',#11032,#8908,#8909);
#7259=AXIS2_PLACEMENT_3D('',#11033,#8910,#8911);
#7260=AXIS2_PLACEMENT_3D('',#11036,#8913,#8914);
#7261=AXIS2_PLACEMENT_3D('',#11037,#8915,#8916);
#7262=AXIS2_PLACEMENT_3D('',#11041,#8919,#8920);
#7263=AXIS2_PLACEMENT_3D('',#11044,#8922,#8923);
#7264=AXIS2_PLACEMENT_3D('',#11045,#8924,#8925);
#7265=AXIS2_PLACEMENT_3D('',#11048,#8927,#8928);
#7266=AXIS2_PLACEMENT_3D('',#11049,#8929,#8930);
#7267=AXIS2_PLACEMENT_3D('',#11052,#8932,#8933);
#7268=AXIS2_PLACEMENT_3D('',#11053,#8934,#8935);
#7269=AXIS2_PLACEMENT_3D('',#11055,#8937,#8938);
#7270=AXIS2_PLACEMENT_3D('',#11058,#8940,#8941);
#7271=AXIS2_PLACEMENT_3D('',#11059,#8942,#8943);
#7272=AXIS2_PLACEMENT_3D('',#11063,#8946,#8947);
#7273=AXIS2_PLACEMENT_3D('',#11064,#8948,#8949);
#7274=AXIS2_PLACEMENT_3D('',#11065,#8950,#8951);
#7275=AXIS2_PLACEMENT_3D('',#11070,#8953,#8954);
#7276=AXIS2_PLACEMENT_3D('',#11073,#8956,#8957);
#7277=AXIS2_PLACEMENT_3D('',#11074,#8958,#8959);
#7278=AXIS2_PLACEMENT_3D('',#11079,#8963,#8964);
#7279=AXIS2_PLACEMENT_3D('',#11082,#8966,#8967);
#7280=AXIS2_PLACEMENT_3D('',#11083,#8968,#8969);
#7281=AXIS2_PLACEMENT_3D('',#11086,#8972,#8973);
#7282=AXIS2_PLACEMENT_3D('',#11090,#8976,#8977);
#7283=AXIS2_PLACEMENT_3D('',#11093,#8979,#8980);
#7284=AXIS2_PLACEMENT_3D('',#11094,#8981,#8982);
#7285=AXIS2_PLACEMENT_3D('',#11097,#8983,#8984);
#7286=AXIS2_PLACEMENT_3D('',#11101,#8986,#8987);
#7287=AXIS2_PLACEMENT_3D('',#11128,#9001,#9002);
#7288=AXIS2_PLACEMENT_3D('',#11129,#9003,#9004);
#7289=AXIS2_PLACEMENT_3D('',#11135,#9008,#9009);
#7290=AXIS2_PLACEMENT_3D('',#11138,#9011,#9012);
#7291=AXIS2_PLACEMENT_3D('',#11139,#9013,#9014);
#7292=AXIS2_PLACEMENT_3D('',#11143,#9017,#9018);
#7293=AXIS2_PLACEMENT_3D('',#11144,#9019,#9020);
#7294=AXIS2_PLACEMENT_3D('',#11145,#9021,#9022);
#7295=AXIS2_PLACEMENT_3D('',#11149,#9024,#9025);
#7296=AXIS2_PLACEMENT_3D('',#11151,#9027,#9028);
#7297=AXIS2_PLACEMENT_3D('',#11155,#9031,#9032);
#7298=AXIS2_PLACEMENT_3D('',#11158,#9035,#9036);
#7299=AXIS2_PLACEMENT_3D('',#11161,#9039,#9040);
#7300=AXIS2_PLACEMENT_3D('',#11163,#9042,#9043);
#7301=AXIS2_PLACEMENT_3D('',#11164,#9044,#9045);
#7302=AXIS2_PLACEMENT_3D('',#11165,#9046,#9047);
#7303=AXIS2_PLACEMENT_3D('',#11169,#9050,#9051);
#7304=AXIS2_PLACEMENT_3D('',#11170,#9052,#9053);
#7305=AXIS2_PLACEMENT_3D('',#11173,#9056,#9057);
#7306=AXIS2_PLACEMENT_3D('',#11175,#9059,#9060);
#7307=AXIS2_PLACEMENT_3D('',#11176,#9061,#9062);
#7308=AXIS2_PLACEMENT_3D('',#11178,#9064,#9065);
#7309=AXIS2_PLACEMENT_3D('',#11179,#9066,#9067);
#7310=AXIS2_PLACEMENT_3D('',#11182,#9070,#9071);
#7311=AXIS2_PLACEMENT_3D('',#11184,#9073,#9074);
#7312=AXIS2_PLACEMENT_3D('',#11186,#9076,#9077);
#7313=AXIS2_PLACEMENT_3D('',#11188,#9078,#9079);
#7314=AXIS2_PLACEMENT_3D('',#11191,#9081,#9082);
#7315=AXIS2_PLACEMENT_3D('',#11193,#9083,#9084);
#7316=AXIS2_PLACEMENT_3D('',#11195,#9085,#9086);
#7317=AXIS2_PLACEMENT_3D('',#11196,#9087,#9088);
#7318=AXIS2_PLACEMENT_3D('',#11199,#9091,#9092);
#7319=AXIS2_PLACEMENT_3D('',#11201,#9093,#9094);
#7320=AXIS2_PLACEMENT_3D('',#11204,#9096,#9097);
#7321=AXIS2_PLACEMENT_3D('',#11206,#9098,#9099);
#7322=AXIS2_PLACEMENT_3D('',#11208,#9100,#9101);
#7323=AXIS2_PLACEMENT_3D('',#11209,#9102,#9103);
#7324=AXIS2_PLACEMENT_3D('',#11212,#9106,#9107);
#7325=AXIS2_PLACEMENT_3D('',#11213,#9108,#9109);
#7326=AXIS2_PLACEMENT_3D('',#11216,#9112,#9113);
#7327=AXIS2_PLACEMENT_3D('',#11218,#9115,#9116);
#7328=AXIS2_PLACEMENT_3D('',#11220,#9118,#9119);
#7329=AXIS2_PLACEMENT_3D('',#11222,#9120,#9121);
#7330=AXIS2_PLACEMENT_3D('',#11224,#9122,#9123);
#7331=AXIS2_PLACEMENT_3D('',#11225,#9124,#9125);
#7332=AXIS2_PLACEMENT_3D('',#11227,#9126,#9127);
#7333=AXIS2_PLACEMENT_3D('',#11229,#9128,#9129);
#7334=AXIS2_PLACEMENT_3D('',#11230,#9130,#9131);
#7335=AXIS2_PLACEMENT_3D('',#11232,#9132,#9133);
#7336=AXIS2_PLACEMENT_3D('',#11235,#9135,#9136);
#7337=AXIS2_PLACEMENT_3D('',#11237,#9137,#9138);
#7338=AXIS2_PLACEMENT_3D('',#11239,#9139,#9140);
#7339=AXIS2_PLACEMENT_3D('',#11240,#9141,#9142);
#7340=AXIS2_PLACEMENT_3D('',#11242,#9143,#9144);
#7341=AXIS2_PLACEMENT_3D('',#11245,#9146,#9147);
#7342=AXIS2_PLACEMENT_3D('',#11247,#9148,#9149);
#7343=AXIS2_PLACEMENT_3D('',#11249,#9150,#9151);
#7344=AXIS2_PLACEMENT_3D('',#11250,#9152,#9153);
#7345=AXIS2_PLACEMENT_3D('',#11252,#9155,#9156);
#7346=AXIS2_PLACEMENT_3D('',#11254,#9158,#9159);
#7347=AXIS2_PLACEMENT_3D('',#11256,#9161,#9162);
#7348=AXIS2_PLACEMENT_3D('',#11258,#9164,#9165);
#7349=AXIS2_PLACEMENT_3D('',#11259,#9166,#9167);
#7350=AXIS2_PLACEMENT_3D('',#11260,#9168,#9169);
#7351=AXIS2_PLACEMENT_3D('',#11262,#9171,#9172);
#7352=AXIS2_PLACEMENT_3D('',#11264,#9174,#9175);
#7353=AXIS2_PLACEMENT_3D('',#11266,#9176,#9177);
#7354=AXIS2_PLACEMENT_3D('',#11268,#9179,#9180);
#7355=AXIS2_PLACEMENT_3D('',#11270,#9182,#9183);
#7356=AXIS2_PLACEMENT_3D('',#11272,#9185,#9186);
#7357=AXIS2_PLACEMENT_3D('',#11274,#9187,#9188);
#7358=AXIS2_PLACEMENT_3D('',#11276,#9190,#9191);
#7359=AXIS2_PLACEMENT_3D('',#11282,#9195,#9196);
#7360=AXIS2_PLACEMENT_3D('',#11286,#9199,#9200);
#7361=AXIS2_PLACEMENT_3D('',#11290,#9203,#9204);
#7362=AXIS2_PLACEMENT_3D('',#11294,#9207,#9208);
#7363=AXIS2_PLACEMENT_3D('',#11298,#9211,#9212);
#7364=AXIS2_PLACEMENT_3D('',#11300,#9214,#9215);
#7365=AXIS2_PLACEMENT_3D('',#11302,#9216,#9217);
#7366=AXIS2_PLACEMENT_3D('',#11303,#9218,#9219);
#7367=AXIS2_PLACEMENT_3D('',#11309,#9223,#9224);
#7368=AXIS2_PLACEMENT_3D('',#11313,#9227,#9228);
#7369=AXIS2_PLACEMENT_3D('',#11317,#9231,#9232);
#7370=AXIS2_PLACEMENT_3D('',#11321,#9235,#9236);
#7371=AXIS2_PLACEMENT_3D('',#11325,#9239,#9240);
#7372=AXIS2_PLACEMENT_3D('',#11327,#9242,#9243);
#7373=AXIS2_PLACEMENT_3D('',#11329,#9244,#9245);
#7374=AXIS2_PLACEMENT_3D('',#11330,#9246,#9247);
#7375=AXIS2_PLACEMENT_3D('',#11333,#9249,#9250);
#7376=AXIS2_PLACEMENT_3D('',#11334,#9251,#9252);
#7377=AXIS2_PLACEMENT_3D('',#11335,#9253,#9254);
#7378=AXIS2_PLACEMENT_3D('',#11338,#9256,#9257);
#7379=AXIS2_PLACEMENT_3D('',#11339,#9258,#9259);
#7380=AXIS2_PLACEMENT_3D('',#11340,#9260,#9261);
#7381=AXIS2_PLACEMENT_3D('',#11342,#9263,#9264);
#7382=AXIS2_PLACEMENT_3D('',#11344,#9266,#9267);
#7383=AXIS2_PLACEMENT_3D('',#11347,#9269,#9270);
#7384=AXIS2_PLACEMENT_3D('',#11348,#9271,#9272);
#7385=AXIS2_PLACEMENT_3D('',#11350,#9273,#9274);
#7386=AXIS2_PLACEMENT_3D('',#11351,#9275,#9276);
#7387=AXIS2_PLACEMENT_3D('',#11354,#9278,#9279);
#7388=AXIS2_PLACEMENT_3D('',#11355,#9280,#9281);
#7389=AXIS2_PLACEMENT_3D('',#11357,#9282,#9283);
#7390=AXIS2_PLACEMENT_3D('',#11358,#9284,#9285);
#7391=AXIS2_PLACEMENT_3D('',#11360,#9287,#9288);
#7392=AXIS2_PLACEMENT_3D('',#11361,#9289,#9290);
#7393=AXIS2_PLACEMENT_3D('',#11362,#9291,#9292);
#7394=AXIS2_PLACEMENT_3D('',#11363,#9293,#9294);
#7395=DIRECTION('axis',(0.,0.,1.));
#7396=DIRECTION('refdir',(1.,0.,0.));
#7397=DIRECTION('axis',(0.,0.,1.));
#7398=DIRECTION('refdir',(1.,0.,0.));
#7399=DIRECTION('axis',(0.,0.,1.));
#7400=DIRECTION('refdir',(1.,0.,0.));
#7401=DIRECTION('center_axis',(0.,1.00929365875014E-16,-1.));
#7402=DIRECTION('ref_axis',(-1.,0.,0.));
#7403=DIRECTION('center_axis',(0.,1.00929365875014E-16,-1.));
#7404=DIRECTION('ref_axis',(-1.,0.,1.36219495044689E-15));
#7405=DIRECTION('center_axis',(1.95819442333109E-15,0.,1.));
#7406=DIRECTION('ref_axis',(-1.,0.,1.88084841818851E-15));
#7407=DIRECTION('center_axis',(1.95819442333109E-15,0.,1.));
#7408=DIRECTION('ref_axis',(1.,0.,-1.9592171022797E-15));
#7409=DIRECTION('center_axis',(1.22464679914735E-16,1.,-2.39809653264062E-31));
#7410=DIRECTION('ref_axis',(1.,-1.22464679914735E-16,-1.95921710227969E-15));
#7411=DIRECTION('center_axis',(-1.95819442333109E-15,0.,-1.));
#7412=DIRECTION('ref_axis',(1.,0.,-1.95819442333109E-15));
#7413=DIRECTION('center_axis',(1.95819442333109E-15,0.,1.));
#7414=DIRECTION('ref_axis',(1.,0.,-1.95819442333109E-15));
#7415=DIRECTION('',(0.,1.,0.));
#7416=DIRECTION('',(-0.866025403784438,0.5,1.69584611615374E-15));
#7417=DIRECTION('',(-0.866025403784439,-0.5,1.69584611615375E-15));
#7418=DIRECTION('',(0.,-1.,0.));
#7419=DIRECTION('',(0.866025403784438,-0.500000000000001,-1.69584611615374E-15));
#7420=DIRECTION('',(0.866025403784439,0.499999999999999,-1.69584611615375E-15));
#7421=DIRECTION('center_axis',(-1.95819442333109E-15,0.,-1.));
#7422=DIRECTION('ref_axis',(-1.,0.,1.36219495044689E-15));
#7423=DIRECTION('center_axis',(-1.95819442333109E-15,0.,-1.));
#7424=DIRECTION('ref_axis',(1.,0.,-1.95819442333109E-15));
#7425=DIRECTION('',(-1.95819442333109E-15,0.,-1.));
#7426=DIRECTION('center_axis',(0.0871557427476581,0.,-0.996194698091746));
#7427=DIRECTION('ref_axis',(0.,1.,0.));
#7428=DIRECTION('',(0.863550259614423,-0.498570974847159,0.0755508581011305));
#7429=DIRECTION('',(0.863550259614423,0.498570974847158,0.0755508581011305));
#7430=DIRECTION('',(0.,1.,0.));
#7431=DIRECTION('center_axis',(0.0435778713738291,0.0754790873051733,-0.996194698091746));
#7432=DIRECTION('ref_axis',(-0.866025403784438,0.5,0.));
#7433=DIRECTION('',(1.59381164582915E-16,0.997141949694316,0.0755508581011305));
#7434=DIRECTION('',(-0.866025403784438,0.5,0.));
#7435=DIRECTION('center_axis',(-0.043577871373829,0.0754790873051733,-0.996194698091746));
#7436=DIRECTION('ref_axis',(-0.866025403784439,-0.5,0.));
#7437=DIRECTION('',(-0.863550259614423,0.498570974847158,0.0755508581011305));
#7438=DIRECTION('',(-0.866025403784439,-0.5,0.));
#7439=DIRECTION('center_axis',(-0.0871557427476581,0.,-0.996194698091746));
#7440=DIRECTION('ref_axis',(0.,-1.,0.));
#7441=DIRECTION('',(-0.863550259614423,-0.498570974847158,0.0755508581011305));
#7442=DIRECTION('',(0.,-1.,0.));
#7443=DIRECTION('center_axis',(-0.0435778713738291,-0.0754790873051733,
-0.996194698091746));
#7444=DIRECTION('ref_axis',(0.866025403784438,-0.500000000000001,0.));
#7445=DIRECTION('',(-4.78143493748745E-16,-0.997141949694316,0.0755508581011305));
#7446=DIRECTION('',(0.866025403784438,-0.500000000000001,0.));
#7447=DIRECTION('center_axis',(0.043577871373829,-0.0754790873051733,-0.996194698091746));
#7448=DIRECTION('ref_axis',(0.866025403784439,0.499999999999999,0.));
#7449=DIRECTION('',(0.866025403784439,0.499999999999999,0.));
#7450=DIRECTION('center_axis',(1.,0.,0.));
#7451=DIRECTION('ref_axis',(0.,1.,0.));
#7452=DIRECTION('',(0.,0.,1.));
#7453=DIRECTION('',(0.,0.,1.));
#7454=DIRECTION('center_axis',(0.5,0.866025403784438,0.));
#7455=DIRECTION('ref_axis',(-0.866025403784438,0.5,0.));
#7456=DIRECTION('',(0.,0.,1.));
#7457=DIRECTION('center_axis',(-0.5,0.866025403784439,0.));
#7458=DIRECTION('ref_axis',(-0.866025403784439,-0.5,0.));
#7459=DIRECTION('',(0.,0.,1.));
#7460=DIRECTION('center_axis',(-1.,0.,0.));
#7461=DIRECTION('ref_axis',(0.,-1.,0.));
#7462=DIRECTION('',(0.,0.,1.));
#7463=DIRECTION('center_axis',(-0.500000000000001,-0.866025403784438,0.));
#7464=DIRECTION('ref_axis',(0.866025403784438,-0.500000000000001,0.));
#7465=DIRECTION('',(0.,0.,1.));
#7466=DIRECTION('center_axis',(0.499999999999999,-0.866025403784439,0.));
#7467=DIRECTION('ref_axis',(0.866025403784439,0.499999999999999,0.));
#7468=DIRECTION('center_axis',(-1.95819442333109E-15,0.,-1.));
#7469=DIRECTION('ref_axis',(-1.,0.,1.36219495044689E-15));
#7470=DIRECTION('',(-1.95819442333109E-15,0.,-1.));
#7471=DIRECTION('center_axis',(1.95819442333109E-15,0.,1.));
#7472=DIRECTION('ref_axis',(-1.,0.,1.36219495044689E-15));
#7473=DIRECTION('center_axis',(-1.95819442333109E-15,0.,-1.));
#7474=DIRECTION('ref_axis',(-1.,0.,1.95819442333109E-15));
#7475=DIRECTION('center_axis',(-0.5,0.,0.866025403784439));
#7476=DIRECTION('ref_axis',(-0.866025403784439,0.,-0.5));
#7477=DIRECTION('',(-0.866025403784439,2.13662520709285E-17,-0.5));
#7478=DIRECTION('',(0.,-1.,0.));
#7479=DIRECTION('',(-0.866025403784439,0.,-0.5));
#7480=DIRECTION('',(0.,-1.,0.));
#7481=DIRECTION('center_axis',(0.5,0.,0.866025403784439));
#7482=DIRECTION('ref_axis',(-0.866025403784439,0.,0.5));
#7483=DIRECTION('',(-0.866025403784439,2.13662520709285E-17,0.5));
#7484=DIRECTION('',(0.,-1.,0.));
#7485=DIRECTION('',(-0.866025403784439,0.,0.5));
#7486=DIRECTION('center_axis',(1.,0.,3.51761467021384E-16));
#7487=DIRECTION('ref_axis',(-3.51761467021384E-16,0.,1.));
#7488=DIRECTION('',(-3.51761467021384E-16,8.67852621917917E-33,1.));
#7489=DIRECTION('',(0.,-1.,0.));
#7490=DIRECTION('',(-3.51761467021384E-16,0.,1.));
#7491=DIRECTION('center_axis',(0.5,0.,-0.866025403784438));
#7492=DIRECTION('ref_axis',(0.866025403784438,0.,0.5));
#7493=DIRECTION('',(0.866025403784438,-2.13662520709285E-17,0.5));
#7494=DIRECTION('',(0.,-1.,0.));
#7495=DIRECTION('',(0.866025403784438,0.,0.5));
#7496=DIRECTION('center_axis',(-0.499999999999999,0.,-0.866025403784439));
#7497=DIRECTION('ref_axis',(0.866025403784439,0.,-0.499999999999999));
#7498=DIRECTION('',(0.866025403784439,-2.13662520709285E-17,-0.499999999999999));
#7499=DIRECTION('',(0.,-1.,0.));
#7500=DIRECTION('',(0.866025403784439,0.,-0.499999999999999));
#7501=DIRECTION('center_axis',(-1.,0.,-4.69015289361845E-16));
#7502=DIRECTION('ref_axis',(4.69015289361845E-16,0.,-1.));
#7503=DIRECTION('',(4.69015289361845E-16,-1.15713682922389E-32,-1.));
#7504=DIRECTION('',(4.69015289361845E-16,0.,-1.));
#7505=DIRECTION('center_axis',(0.,-1.,0.));
#7506=DIRECTION('ref_axis',(0.,0.,-1.));
#7507=DIRECTION('center_axis',(0.,1.,0.));
#7508=DIRECTION('ref_axis',(1.,0.,0.));
#7509=DIRECTION('center_axis',(-0.5,0.,0.866025403784439));
#7510=DIRECTION('ref_axis',(-0.866025403784439,0.,-0.5));
#7511=DIRECTION('',(-0.866025403784439,2.13662520709285E-17,-0.5));
#7512=DIRECTION('',(0.,-1.,0.));
#7513=DIRECTION('',(-0.866025403784439,0.,-0.5));
#7514=DIRECTION('',(0.,-1.,0.));
#7515=DIRECTION('center_axis',(0.5,0.,0.866025403784439));
#7516=DIRECTION('ref_axis',(-0.866025403784439,0.,0.5));
#7517=DIRECTION('',(-0.866025403784439,2.13662520709285E-17,0.5));
#7518=DIRECTION('',(0.,-1.,0.));
#7519=DIRECTION('',(-0.866025403784439,0.,0.5));
#7520=DIRECTION('center_axis',(1.,0.,0.));
#7521=DIRECTION('ref_axis',(0.,0.,1.));
#7522=DIRECTION('',(0.,0.,1.));
#7523=DIRECTION('',(0.,-1.,0.));
#7524=DIRECTION('',(0.,0.,1.));
#7525=DIRECTION('center_axis',(0.5,0.,-0.866025403784439));
#7526=DIRECTION('ref_axis',(0.866025403784439,0.,0.5));
#7527=DIRECTION('',(0.866025403784439,-2.13662520709285E-17,0.5));
#7528=DIRECTION('',(0.,-1.,0.));
#7529=DIRECTION('',(0.866025403784439,0.,0.5));
#7530=DIRECTION('center_axis',(-0.5,0.,-0.866025403784439));
#7531=DIRECTION('ref_axis',(0.866025403784439,0.,-0.5));
#7532=DIRECTION('',(0.866025403784439,-2.13662520709285E-17,-0.5));
#7533=DIRECTION('',(0.,-1.,0.));
#7534=DIRECTION('',(0.866025403784439,0.,-0.5));
#7535=DIRECTION('center_axis',(-1.,0.,0.));
#7536=DIRECTION('ref_axis',(0.,0.,-1.));
#7537=DIRECTION('',(0.,0.,-1.));
#7538=DIRECTION('',(0.,0.,-1.));
#7539=DIRECTION('center_axis',(0.,-1.,0.));
#7540=DIRECTION('ref_axis',(0.,0.,-1.));
#7541=DIRECTION('center_axis',(0.,1.,0.));
#7542=DIRECTION('ref_axis',(1.,0.,0.));
#7543=DIRECTION('center_axis',(-0.497856577491375,0.,0.867259377723052));
#7544=DIRECTION('ref_axis',(-0.867259377723052,0.,-0.497856577491375));
#7545=DIRECTION('',(-0.867259377723052,2.13966962104493E-17,-0.497856577491375));
#7546=DIRECTION('',(0.,-1.,0.));
#7547=DIRECTION('',(-0.867259377723052,0.,-0.497856577491375));
#7548=DIRECTION('',(0.,-1.,0.));
#7549=DIRECTION('center_axis',(0.50214036403276,0.,0.864786132410232));
#7550=DIRECTION('ref_axis',(-0.864786132410232,0.,0.50214036403276));
#7551=DIRECTION('',(-0.864786132410232,2.13356772350751E-17,0.50214036403276));
#7552=DIRECTION('',(0.,-1.,0.));
#7553=DIRECTION('',(-0.864786132410232,0.,0.50214036403276));
#7554=DIRECTION('center_axis',(0.999996941524134,0.,-0.00247324531281963));
#7555=DIRECTION('ref_axis',(0.00247324531281963,0.,0.999996941524134));
#7556=DIRECTION('',(0.00247324531281963,-6.10189753741911E-20,0.999996941524134));
#7557=DIRECTION('',(0.,-1.,0.));
#7558=DIRECTION('',(0.00247324531281963,0.,0.999996941524134));
#7559=DIRECTION('center_axis',(0.497856577491375,0.,-0.867259377723052));
#7560=DIRECTION('ref_axis',(0.867259377723052,0.,0.497856577491375));
#7561=DIRECTION('',(0.867259377723052,-2.13966962104493E-17,0.497856577491375));
#7562=DIRECTION('',(0.,-1.,0.));
#7563=DIRECTION('',(0.867259377723052,0.,0.497856577491375));
#7564=DIRECTION('center_axis',(-0.50214036403276,0.,-0.864786132410232));
#7565=DIRECTION('ref_axis',(0.864786132410232,0.,-0.50214036403276));
#7566=DIRECTION('',(0.864786132410232,-2.13356772350751E-17,-0.50214036403276));
#7567=DIRECTION('',(0.,-1.,0.));
#7568=DIRECTION('',(0.864786132410232,0.,-0.50214036403276));
#7569=DIRECTION('center_axis',(-0.999996941524134,0.,0.00247324531281963));
#7570=DIRECTION('ref_axis',(-0.00247324531281963,0.,-0.999996941524134));
#7571=DIRECTION('',(-0.00247324531281963,6.10189753741911E-20,-0.999996941524134));
#7572=DIRECTION('',(-0.00247324531281963,0.,-0.999996941524134));
#7573=DIRECTION('center_axis',(0.,-1.,0.));
#7574=DIRECTION('ref_axis',(0.,0.,-1.));
#7575=DIRECTION('center_axis',(0.,1.,0.));
#7576=DIRECTION('ref_axis',(1.,0.,0.));
#7577=DIRECTION('center_axis',(0.,1.,0.));
#7578=DIRECTION('ref_axis',(1.,0.,0.));
#7579=DIRECTION('center_axis',(0.,1.,0.));
#7580=DIRECTION('ref_axis',(1.,0.,0.));
#7581=DIRECTION('',(0.,1.,0.));
#7582=DIRECTION('center_axis',(0.,1.,0.));
#7583=DIRECTION('ref_axis',(1.,0.,0.));
#7584=DIRECTION('center_axis',(0.,-1.,0.));
#7585=DIRECTION('ref_axis',(1.,0.,0.));
#7586=DIRECTION('center_axis',(0.,-1.,0.));
#7587=DIRECTION('ref_axis',(1.,0.,0.));
#7588=DIRECTION('center_axis',(0.,1.,0.));
#7589=DIRECTION('ref_axis',(1.,0.,0.));
#7590=DIRECTION('center_axis',(0.,1.,0.));
#7591=DIRECTION('ref_axis',(1.,0.,0.));
#7592=DIRECTION('',(0.,1.,0.));
#7593=DIRECTION('center_axis',(0.,1.,0.));
#7594=DIRECTION('ref_axis',(1.,0.,0.));
#7595=DIRECTION('center_axis',(0.,-1.,0.));
#7596=DIRECTION('ref_axis',(1.,0.,0.));
#7597=DIRECTION('center_axis',(0.,-1.,0.));
#7598=DIRECTION('ref_axis',(1.,0.,0.));
#7599=DIRECTION('center_axis',(0.,1.,0.));
#7600=DIRECTION('ref_axis',(1.,0.,0.));
#7601=DIRECTION('center_axis',(0.,1.,0.));
#7602=DIRECTION('ref_axis',(1.,0.,0.));
#7603=DIRECTION('',(0.,1.,0.));
#7604=DIRECTION('center_axis',(0.,1.,0.));
#7605=DIRECTION('ref_axis',(1.,0.,0.));
#7606=DIRECTION('center_axis',(0.,-1.,0.));
#7607=DIRECTION('ref_axis',(1.,0.,0.));
#7608=DIRECTION('center_axis',(0.,-1.,0.));
#7609=DIRECTION('ref_axis',(1.,0.,0.));
#7610=DIRECTION('center_axis',(0.,0.,1.));
#7611=DIRECTION('ref_axis',(-1.,0.,0.));
#7612=DIRECTION('center_axis',(0.,0.,-1.));
#7613=DIRECTION('ref_axis',(-1.,0.,0.));
#7614=DIRECTION('center_axis',(0.,0.,1.));
#7615=DIRECTION('ref_axis',(1.,0.,0.));
#7616=DIRECTION('center_axis',(0.,0.,1.));
#7617=DIRECTION('ref_axis',(-1.,0.,0.));
#7618=DIRECTION('',(0.,0.,1.));
#7619=DIRECTION('center_axis',(0.,0.,-1.));
#7620=DIRECTION('ref_axis',(-1.,0.,0.));
#7621=DIRECTION('',(0.,0.,-1.));
#7622=DIRECTION('',(0.,0.,-1.));
#7623=DIRECTION('center_axis',(0.452754307551354,0.,-0.89163531614315));
#7624=DIRECTION('ref_axis',(-0.891635316143149,0.,-0.452754307551354));
#7625=DIRECTION('center_axis',(0.807383460297448,0.,-0.590027073987388));
#7626=DIRECTION('ref_axis',(-0.590027073987388,0.,-0.807383460297448));
#7627=DIRECTION('',(0.,0.,1.));
#7628=DIRECTION('center_axis',(0.,0.,-1.));
#7629=DIRECTION('ref_axis',(-1.,0.,0.));
#7630=DIRECTION('center_axis',(0.,0.,1.));
#7631=DIRECTION('ref_axis',(-1.,0.,0.));
#7632=DIRECTION('center_axis',(0.,0.,-1.));
#7633=DIRECTION('ref_axis',(-1.,0.,0.));
#7634=DIRECTION('center_axis',(0.,0.,1.));
#7635=DIRECTION('ref_axis',(1.,0.,0.));
#7636=DIRECTION('center_axis',(0.,0.,1.));
#7637=DIRECTION('ref_axis',(-1.,0.,0.));
#7638=DIRECTION('',(0.,0.,1.));
#7639=DIRECTION('center_axis',(0.,0.,-1.));
#7640=DIRECTION('ref_axis',(-1.,0.,0.));
#7641=DIRECTION('',(0.,0.,-1.));
#7642=DIRECTION('',(0.,0.,-1.));
#7643=DIRECTION('center_axis',(-0.452754307551354,0.,-0.89163531614315));
#7644=DIRECTION('ref_axis',(-0.89163531614315,0.,0.452754307551354));
#7645=DIRECTION('center_axis',(-0.807383460297448,0.,-0.590027073987388));
#7646=DIRECTION('ref_axis',(-0.590027073987388,0.,0.807383460297448));
#7647=DIRECTION('',(0.,0.,1.));
#7648=DIRECTION('center_axis',(0.,0.,-1.));
#7649=DIRECTION('ref_axis',(-1.,0.,0.));
#7650=DIRECTION('center_axis',(0.,0.,1.));
#7651=DIRECTION('ref_axis',(-1.,0.,0.));
#7652=DIRECTION('center_axis',(0.,0.,-1.));
#7653=DIRECTION('ref_axis',(-1.,0.,0.));
#7654=DIRECTION('center_axis',(0.,0.,1.));
#7655=DIRECTION('ref_axis',(1.,0.,0.));
#7656=DIRECTION('center_axis',(0.,0.,1.));
#7657=DIRECTION('ref_axis',(-1.,0.,0.));
#7658=DIRECTION('',(0.,0.,1.));
#7659=DIRECTION('center_axis',(0.,0.,-1.));
#7660=DIRECTION('ref_axis',(-1.,0.,0.));
#7661=DIRECTION('',(0.,0.,-1.));
#7662=DIRECTION('center_axis',(0.807383460297448,0.,-0.590027073987388));
#7663=DIRECTION('ref_axis',(-0.590027073987388,0.,-0.807383460297448));
#7664=DIRECTION('center_axis',(0.452754307551354,0.,-0.89163531614315));
#7665=DIRECTION('ref_axis',(-0.89163531614315,0.,-0.452754307551354));
#7666=DIRECTION('',(0.,0.,1.));
#7667=DIRECTION('',(0.,0.,1.));
#7668=DIRECTION('center_axis',(0.,0.,-1.));
#7669=DIRECTION('ref_axis',(-1.,0.,0.));
#7670=DIRECTION('center_axis',(0.,0.,1.));
#7671=DIRECTION('ref_axis',(-1.,0.,0.));
#7672=DIRECTION('center_axis',(0.,0.,-1.));
#7673=DIRECTION('ref_axis',(-1.,0.,0.));
#7674=DIRECTION('center_axis',(0.,0.,1.));
#7675=DIRECTION('ref_axis',(1.,0.,0.));
#7676=DIRECTION('center_axis',(0.,0.,1.));
#7677=DIRECTION('ref_axis',(-1.,0.,0.));
#7678=DIRECTION('',(0.,0.,1.));
#7679=DIRECTION('center_axis',(0.,0.,-1.));
#7680=DIRECTION('ref_axis',(-1.,0.,0.));
#7681=DIRECTION('',(0.,0.,-1.));
#7682=DIRECTION('center_axis',(-0.807383460297448,0.,-0.590027073987388));
#7683=DIRECTION('ref_axis',(-0.590027073987388,0.,0.807383460297448));
#7684=DIRECTION('center_axis',(-0.452754307551354,0.,-0.89163531614315));
#7685=DIRECTION('ref_axis',(-0.891635316143149,0.,0.452754307551354));
#7686=DIRECTION('',(0.,0.,1.));
#7687=DIRECTION('',(0.,0.,1.));
#7688=DIRECTION('center_axis',(0.,0.,-1.));
#7689=DIRECTION('ref_axis',(-1.,0.,0.));
#7690=DIRECTION('center_axis',(-0.452754307551354,0.,0.89163531614315));
#7691=DIRECTION('ref_axis',(0.89163531614315,0.,0.452754307551354));
#7692=DIRECTION('',(-0.89163531614315,0.,-0.452754307551354));
#7693=DIRECTION('',(0.,-1.,0.));
#7694=DIRECTION('',(0.89163531614315,0.,0.452754307551354));
#7695=DIRECTION('',(0.,1.,0.));
#7696=DIRECTION('center_axis',(0.,1.,0.));
#7697=DIRECTION('ref_axis',(1.,0.,0.));
#7698=DIRECTION('',(0.,1.,0.));
#7699=DIRECTION('center_axis',(0.,-1.,0.));
#7700=DIRECTION('ref_axis',(1.,0.,0.));
#7701=DIRECTION('center_axis',(0.,-1.,0.));
#7702=DIRECTION('ref_axis',(1.,0.,0.));
#7703=DIRECTION('center_axis',(-0.807383460297448,0.,-0.590027073987388));
#7704=DIRECTION('ref_axis',(-0.590027073987388,0.,0.807383460297448));
#7705=DIRECTION('',(0.,-1.,0.));
#7706=DIRECTION('',(-0.590027073987388,0.,0.807383460297448));
#7707=DIRECTION('',(0.,1.,0.));
#7708=DIRECTION('',(-0.590027073987388,0.,0.807383460297448));
#7709=DIRECTION('center_axis',(0.452754307551354,0.,0.89163531614315));
#7710=DIRECTION('ref_axis',(0.89163531614315,0.,-0.452754307551354));
#7711=DIRECTION('',(0.89163531614315,0.,-0.452754307551354));
#7712=DIRECTION('',(0.,1.,0.));
#7713=DIRECTION('',(-0.89163531614315,2.19980901678012E-17,0.452754307551354));
#7714=DIRECTION('center_axis',(0.,-1.,0.));
#7715=DIRECTION('ref_axis',(1.,0.,0.));
#7716=DIRECTION('',(0.89163531614315,0.,0.452754307551354));
#7717=DIRECTION('',(1.,0.,0.));
#7718=DIRECTION('',(0.,0.,1.));
#7719=DIRECTION('',(-1.,0.,0.));
#7720=DIRECTION('center_axis',(0.,1.,0.));
#7721=DIRECTION('ref_axis',(1.,0.,0.));
#7722=DIRECTION('center_axis',(0.,1.,0.));
#7723=DIRECTION('ref_axis',(1.,0.,0.));
#7724=DIRECTION('center_axis',(0.,1.,0.));
#7725=DIRECTION('ref_axis',(-1.,0.,0.));
#7726=DIRECTION('center_axis',(0.,1.,0.));
#7727=DIRECTION('ref_axis',(-1.,0.,0.));
#7728=DIRECTION('center_axis',(0.,-1.,0.));
#7729=DIRECTION('ref_axis',(1.,0.,0.));
#7730=DIRECTION('',(-1.,0.,0.));
#7731=DIRECTION('',(0.,0.,1.));
#7732=DIRECTION('',(-1.,0.,0.));
#7733=DIRECTION('center_axis',(0.,1.,0.));
#7734=DIRECTION('ref_axis',(1.,0.,0.));
#7735=DIRECTION('center_axis',(0.,1.,0.));
#7736=DIRECTION('ref_axis',(-1.,0.,0.));
#7737=DIRECTION('center_axis',(0.,1.,0.));
#7738=DIRECTION('ref_axis',(-1.,0.,0.));
#7739=DIRECTION('center_axis',(0.452754307551354,0.,0.89163531614315));
#7740=DIRECTION('ref_axis',(0.89163531614315,0.,-0.452754307551354));
#7741=DIRECTION('',(0.,-1.,0.));
#7742=DIRECTION('',(0.89163531614315,0.,-0.452754307551354));
#7743=DIRECTION('',(0.,1.,0.));
#7744=DIRECTION('',(-0.89163531614315,0.,0.452754307551354));
#7745=DIRECTION('center_axis',(0.807383460297448,0.,0.590027073987388));
#7746=DIRECTION('ref_axis',(-0.590027073987388,0.,0.807383460297448));
#7747=DIRECTION('',(-0.590027073987388,0.,0.807383460297448));
#7748=DIRECTION('',(0.,-1.,0.));
#7749=DIRECTION('',(-0.590027073987388,0.,0.807383460297448));
#7750=DIRECTION('center_axis',(0.,-1.,0.));
#7751=DIRECTION('ref_axis',(1.,0.,0.));
#7752=DIRECTION('',(-1.,0.,0.));
#7753=DIRECTION('',(0.,0.,1.));
#7754=DIRECTION('',(-1.,0.,0.));
#7755=DIRECTION('center_axis',(0.,-1.,0.));
#7756=DIRECTION('ref_axis',(1.,0.,0.));
#7757=DIRECTION('center_axis',(0.,1.,0.));
#7758=DIRECTION('ref_axis',(-1.,0.,0.));
#7759=DIRECTION('center_axis',(0.,1.,0.));
#7760=DIRECTION('ref_axis',(-1.,0.,0.));
#7761=DIRECTION('center_axis',(0.,-1.,0.));
#7762=DIRECTION('ref_axis',(1.,0.,0.));
#7763=DIRECTION('',(-1.,0.,0.));
#7764=DIRECTION('',(0.,0.,1.));
#7765=DIRECTION('',(1.,0.,0.));
#7766=DIRECTION('center_axis',(0.,1.,0.));
#7767=DIRECTION('ref_axis',(-1.,0.,0.));
#7768=DIRECTION('center_axis',(0.,1.,0.));
#7769=DIRECTION('ref_axis',(-1.,0.,0.));
#7770=DIRECTION('center_axis',(0.,0.,1.));
#7771=DIRECTION('ref_axis',(1.,0.,0.));
#7772=DIRECTION('center_axis',(0.,0.,1.));
#7773=DIRECTION('ref_axis',(1.,0.,0.));
#7774=DIRECTION('',(0.,0.,1.));
#7775=DIRECTION('center_axis',(0.,0.,1.));
#7776=DIRECTION('ref_axis',(1.,0.,0.));
#7777=DIRECTION('center_axis',(0.,0.,1.));
#7778=DIRECTION('ref_axis',(1.,0.,0.));
#7779=DIRECTION('',(0.,0.,1.));
#7780=DIRECTION('center_axis',(0.,0.,1.));
#7781=DIRECTION('ref_axis',(1.,0.,0.));
#7782=DIRECTION('center_axis',(0.,0.,1.));
#7783=DIRECTION('ref_axis',(1.,0.,0.));
#7784=DIRECTION('',(0.,0.,1.));
#7785=DIRECTION('center_axis',(0.,0.,1.));
#7786=DIRECTION('ref_axis',(1.,0.,0.));
#7787=DIRECTION('center_axis',(0.,0.,1.));
#7788=DIRECTION('ref_axis',(1.,0.,0.));
#7789=DIRECTION('',(0.,0.,1.));
#7790=DIRECTION('center_axis',(0.,-1.,0.));
#7791=DIRECTION('ref_axis',(-1.,0.,0.));
#7792=DIRECTION('center_axis',(0.,-1.,0.));
#7793=DIRECTION('ref_axis',(-1.,0.,0.));
#7794=DIRECTION('',(0.,1.,0.));
#7795=DIRECTION('center_axis',(0.,-1.,0.));
#7796=DIRECTION('ref_axis',(-1.,0.,0.));
#7797=DIRECTION('center_axis',(0.,-1.,0.));
#7798=DIRECTION('ref_axis',(-1.,0.,0.));
#7799=DIRECTION('',(0.,1.,0.));
#7800=DIRECTION('center_axis',(0.,-1.,0.));
#7801=DIRECTION('ref_axis',(-1.,0.,0.));
#7802=DIRECTION('center_axis',(0.,1.,0.));
#7803=DIRECTION('ref_axis',(-1.,0.,0.));
#7804=DIRECTION('center_axis',(0.,-1.,0.));
#7805=DIRECTION('ref_axis',(1.,0.,0.));
#7806=DIRECTION('',(0.,0.,-1.));
#7807=DIRECTION('',(-1.,0.,0.));
#7808=DIRECTION('center_axis',(0.,-1.,0.));
#7809=DIRECTION('ref_axis',(1.,0.,0.));
#7810=DIRECTION('',(-0.590027073987388,0.,-0.807383460297448));
#7811=DIRECTION('',(-1.,0.,0.));
#7812=DIRECTION('',(0.,0.,-1.));
#7813=DIRECTION('',(-1.,0.,0.));
#7814=DIRECTION('center_axis',(0.,-1.,0.));
#7815=DIRECTION('ref_axis',(-1.,0.,0.));
#7816=DIRECTION('center_axis',(0.,-1.,0.));
#7817=DIRECTION('ref_axis',(-1.,0.,0.));
#7818=DIRECTION('center_axis',(0.,-1.,0.));
#7819=DIRECTION('ref_axis',(-1.,0.,0.));
#7820=DIRECTION('center_axis',(0.,-1.,0.));
#7821=DIRECTION('ref_axis',(-1.,0.,0.));
#7822=DIRECTION('center_axis',(0.,-1.,0.));
#7823=DIRECTION('ref_axis',(-1.,0.,0.));
#7824=DIRECTION('center_axis',(0.,-1.,0.));
#7825=DIRECTION('ref_axis',(1.,0.,0.));
#7826=DIRECTION('',(0.590027073987388,0.,0.807383460297448));
#7827=DIRECTION('center_axis',(0.,-1.,0.));
#7828=DIRECTION('ref_axis',(1.,0.,0.));
#7829=DIRECTION('',(-1.,0.,0.));
#7830=DIRECTION('center_axis',(0.,1.,0.));
#7831=DIRECTION('ref_axis',(-1.,0.,0.));
#7832=DIRECTION('center_axis',(0.,1.,0.));
#7833=DIRECTION('ref_axis',(1.,0.,0.));
#7834=DIRECTION('center_axis',(0.,1.,0.));
#7835=DIRECTION('ref_axis',(-1.,0.,0.));
#7836=DIRECTION('center_axis',(0.,-1.,0.));
#7837=DIRECTION('ref_axis',(-1.,0.,0.));
#7838=DIRECTION('center_axis',(0.,-1.,0.));
#7839=DIRECTION('ref_axis',(-1.,0.,0.));
#7840=DIRECTION('',(0.,1.,0.));
#7841=DIRECTION('center_axis',(0.,-1.,0.));
#7842=DIRECTION('ref_axis',(-1.,0.,0.));
#7843=DIRECTION('',(0.,1.,0.));
#7844=DIRECTION('center_axis',(0.,-1.,0.));
#7845=DIRECTION('ref_axis',(-1.,0.,0.));
#7846=DIRECTION('center_axis',(0.,1.,0.));
#7847=DIRECTION('ref_axis',(-1.,0.,0.));
#7848=DIRECTION('center_axis',(0.,-1.,0.));
#7849=DIRECTION('ref_axis',(-1.,0.,0.));
#7850=DIRECTION('center_axis',(0.,-1.,0.));
#7851=DIRECTION('ref_axis',(-1.,0.,0.));
#7852=DIRECTION('',(0.,1.,0.));
#7853=DIRECTION('center_axis',(0.,-1.,0.));
#7854=DIRECTION('ref_axis',(-1.,0.,0.));
#7855=DIRECTION('',(0.,1.,0.));
#7856=DIRECTION('center_axis',(0.,-1.,0.));
#7857=DIRECTION('ref_axis',(-1.,0.,0.));
#7858=DIRECTION('center_axis',(0.,1.,0.));
#7859=DIRECTION('ref_axis',(-1.,0.,0.));
#7860=DIRECTION('center_axis',(0.,-1.,0.));
#7861=DIRECTION('ref_axis',(-1.,0.,0.));
#7862=DIRECTION('center_axis',(0.,-1.,0.));
#7863=DIRECTION('ref_axis',(-1.,0.,0.));
#7864=DIRECTION('',(0.,1.,0.));
#7865=DIRECTION('center_axis',(0.,-1.,0.));
#7866=DIRECTION('ref_axis',(-1.,0.,0.));
#7867=DIRECTION('',(0.,1.,0.));
#7868=DIRECTION('center_axis',(0.,-1.,0.));
#7869=DIRECTION('ref_axis',(-1.,0.,0.));
#7870=DIRECTION('center_axis',(0.,1.,0.));
#7871=DIRECTION('ref_axis',(-1.,0.,0.));
#7872=DIRECTION('center_axis',(0.,-1.,0.));
#7873=DIRECTION('ref_axis',(-1.,0.,0.));
#7874=DIRECTION('center_axis',(0.,-1.,0.));
#7875=DIRECTION('ref_axis',(-1.,0.,0.));
#7876=DIRECTION('',(0.,1.,0.));
#7877=DIRECTION('center_axis',(0.,-1.,0.));
#7878=DIRECTION('ref_axis',(-1.,0.,0.));
#7879=DIRECTION('',(0.,1.,0.));
#7880=DIRECTION('center_axis',(0.,-1.,0.));
#7881=DIRECTION('ref_axis',(-1.,0.,0.));
#7882=DIRECTION('center_axis',(0.,1.,0.));
#7883=DIRECTION('ref_axis',(-1.,0.,0.));
#7884=DIRECTION('center_axis',(0.,-1.,0.));
#7885=DIRECTION('ref_axis',(-1.,0.,0.));
#7886=DIRECTION('center_axis',(0.,-1.,0.));
#7887=DIRECTION('ref_axis',(-1.,0.,0.));
#7888=DIRECTION('',(0.,1.,0.));
#7889=DIRECTION('center_axis',(0.,-1.,0.));
#7890=DIRECTION('ref_axis',(-1.,0.,0.));
#7891=DIRECTION('',(0.,1.,0.));
#7892=DIRECTION('center_axis',(0.,-1.,0.));
#7893=DIRECTION('ref_axis',(-1.,0.,0.));
#7894=DIRECTION('center_axis',(0.,1.,0.));
#7895=DIRECTION('ref_axis',(-1.,0.,0.));
#7896=DIRECTION('center_axis',(0.,-1.,0.));
#7897=DIRECTION('ref_axis',(-1.,0.,0.));
#7898=DIRECTION('center_axis',(0.,-1.,0.));
#7899=DIRECTION('ref_axis',(-1.,0.,0.));
#7900=DIRECTION('',(0.,-1.,0.));
#7901=DIRECTION('center_axis',(0.,-1.,0.));
#7902=DIRECTION('ref_axis',(-1.,0.,0.));
#7903=DIRECTION('center_axis',(0.,-1.,0.));
#7904=DIRECTION('ref_axis',(-1.,0.,0.));
#7905=DIRECTION('',(0.,-1.,0.));
#7906=DIRECTION('center_axis',(0.,1.,0.));
#7907=DIRECTION('ref_axis',(-1.,0.,0.));
#7908=DIRECTION('center_axis',(0.,-1.,0.));
#7909=DIRECTION('ref_axis',(-1.,0.,0.));
#7910=DIRECTION('center_axis',(0.,-1.,0.));
#7911=DIRECTION('ref_axis',(-1.,0.,0.));
#7912=DIRECTION('',(0.,-1.,0.));
#7913=DIRECTION('center_axis',(0.,-1.,0.));
#7914=DIRECTION('ref_axis',(-1.,0.,0.));
#7915=DIRECTION('center_axis',(0.,-1.,0.));
#7916=DIRECTION('ref_axis',(-1.,0.,0.));
#7917=DIRECTION('',(0.,-1.,0.));
#7918=DIRECTION('center_axis',(0.,-1.,0.));
#7919=DIRECTION('ref_axis',(-1.,0.,0.));
#7920=DIRECTION('center_axis',(0.,-1.,0.));
#7921=DIRECTION('ref_axis',(-1.,0.,0.));
#7922=DIRECTION('',(0.,-1.,0.));
#7923=DIRECTION('center_axis',(0.,1.,0.));
#7924=DIRECTION('ref_axis',(-1.,0.,0.));
#7925=DIRECTION('center_axis',(0.,-1.,0.));
#7926=DIRECTION('ref_axis',(-1.,0.,0.));
#7927=DIRECTION('center_axis',(0.,-1.,0.));
#7928=DIRECTION('ref_axis',(-1.,0.,0.));
#7929=DIRECTION('',(0.,-1.,0.));
#7930=DIRECTION('center_axis',(0.,-1.,0.));
#7931=DIRECTION('ref_axis',(-1.,0.,0.));
#7932=DIRECTION('center_axis',(-2.46716227694479E-17,-1.,0.));
#7933=DIRECTION('ref_axis',(-1.,0.,0.));
#7934=DIRECTION('',(0.,-1.,0.));
#7935=DIRECTION('center_axis',(0.,-1.,0.));
#7936=DIRECTION('ref_axis',(-1.,0.,0.));
#7937=DIRECTION('center_axis',(0.,1.,0.));
#7938=DIRECTION('ref_axis',(-1.,0.,0.));
#7939=DIRECTION('center_axis',(0.,-1.,0.));
#7940=DIRECTION('ref_axis',(-1.,0.,0.));
#7941=DIRECTION('center_axis',(-2.46716227694479E-17,-1.,0.));
#7942=DIRECTION('ref_axis',(-1.,0.,0.));
#7943=DIRECTION('',(0.,-1.,0.));
#7944=DIRECTION('center_axis',(0.,-1.,0.));
#7945=DIRECTION('ref_axis',(-1.,0.,0.));
#7946=DIRECTION('center_axis',(0.,1.,0.));
#7947=DIRECTION('ref_axis',(-1.,0.,0.));
#7948=DIRECTION('center_axis',(0.,-1.,0.));
#7949=DIRECTION('ref_axis',(-1.,0.,0.));
#7950=DIRECTION('center_axis',(-2.46716227694479E-17,-1.,0.));
#7951=DIRECTION('ref_axis',(-1.,0.,0.));
#7952=DIRECTION('',(0.,-1.,0.));
#7953=DIRECTION('center_axis',(0.,-1.,0.));
#7954=DIRECTION('ref_axis',(-1.,0.,0.));
#7955=DIRECTION('center_axis',(0.,1.,0.));
#7956=DIRECTION('ref_axis',(-1.,0.,0.));
#7957=DIRECTION('center_axis',(0.,-1.,0.));
#7958=DIRECTION('ref_axis',(-1.,0.,0.));
#7959=DIRECTION('center_axis',(-2.46716227694479E-17,-1.,0.));
#7960=DIRECTION('ref_axis',(-1.,0.,0.));
#7961=DIRECTION('',(0.,-1.,0.));
#7962=DIRECTION('center_axis',(0.,-1.,0.));
#7963=DIRECTION('ref_axis',(-1.,0.,0.));
#7964=DIRECTION('center_axis',(0.,1.,0.));
#7965=DIRECTION('ref_axis',(-1.,0.,0.));
#7966=DIRECTION('center_axis',(0.,-1.,0.));
#7967=DIRECTION('ref_axis',(-1.,0.,0.));
#7968=DIRECTION('center_axis',(-2.46716227694479E-17,-1.,0.));
#7969=DIRECTION('ref_axis',(-1.,0.,0.));
#7970=DIRECTION('',(0.,-1.,0.));
#7971=DIRECTION('center_axis',(0.,-1.,0.));
#7972=DIRECTION('ref_axis',(-1.,0.,0.));
#7973=DIRECTION('center_axis',(0.,1.,0.));
#7974=DIRECTION('ref_axis',(-1.,0.,0.));
#7975=DIRECTION('center_axis',(0.,-1.,0.));
#7976=DIRECTION('ref_axis',(-1.,0.,0.));
#7977=DIRECTION('center_axis',(-2.46716227694479E-17,-1.,0.));
#7978=DIRECTION('ref_axis',(-1.,0.,0.));
#7979=DIRECTION('',(0.,-1.,0.));
#7980=DIRECTION('center_axis',(0.,-1.,0.));
#7981=DIRECTION('ref_axis',(-1.,0.,0.));
#7982=DIRECTION('center_axis',(0.,1.,0.));
#7983=DIRECTION('ref_axis',(-1.,0.,0.));
#7984=DIRECTION('center_axis',(0.,0.,-1.));
#7985=DIRECTION('ref_axis',(-1.,0.,0.));
#7986=DIRECTION('',(0.,1.,0.));
#7987=DIRECTION('',(-1.,0.,0.));
#7988=DIRECTION('center_axis',(-0.452754307551354,0.,0.89163531614315));
#7989=DIRECTION('ref_axis',(0.89163531614315,0.,0.452754307551354));
#7990=DIRECTION('',(0.,1.,0.));
#7991=DIRECTION('',(-0.89163531614315,2.19980901678012E-17,-0.452754307551354));
#7992=DIRECTION('',(0.,-1.,0.));
#7993=DIRECTION('center_axis',(0.807383460297448,0.,-0.590027073987388));
#7994=DIRECTION('ref_axis',(-0.590027073987388,0.,-0.807383460297448));
#7995=DIRECTION('',(0.590027073987388,0.,0.807383460297448));
#7996=DIRECTION('',(0.,1.,0.));
#7997=DIRECTION('',(-0.590027073987388,0.,-0.807383460297448));
#7998=DIRECTION('center_axis',(0.,0.,1.));
#7999=DIRECTION('ref_axis',(-1.,0.,0.));
#8000=DIRECTION('',(0.,-1.,0.));
#8001=DIRECTION('center_axis',(0.,1.,0.));
#8002=DIRECTION('ref_axis',(1.,0.,0.));
#8003=DIRECTION('',(0.,1.,0.));
#8004=DIRECTION('center_axis',(0.,1.,0.));
#8005=DIRECTION('ref_axis',(1.,0.,0.));
#8006=DIRECTION('',(0.,1.,0.));
#8007=DIRECTION('center_axis',(0.,1.,0.));
#8008=DIRECTION('ref_axis',(1.,0.,0.));
#8009=DIRECTION('',(0.,1.,0.));
#8010=DIRECTION('center_axis',(0.,-1.,0.));
#8011=DIRECTION('ref_axis',(1.,0.,0.));
#8012=DIRECTION('',(0.,-1.,0.));
#8013=DIRECTION('center_axis',(0.,1.,0.));
#8014=DIRECTION('ref_axis',(1.,0.,0.));
#8015=DIRECTION('center_axis',(0.,0.,-1.));
#8016=DIRECTION('ref_axis',(-1.,0.,0.));
#8017=DIRECTION('',(-1.,0.,0.));
#8018=DIRECTION('',(0.,1.,0.));
#8019=DIRECTION('center_axis',(0.,-1.,0.));
#8020=DIRECTION('ref_axis',(1.,0.,0.));
#8021=DIRECTION('center_axis',(0.,-1.,0.));
#8022=DIRECTION('ref_axis',(1.,0.,0.));
#8023=DIRECTION('center_axis',(0.,-1.,0.));
#8024=DIRECTION('ref_axis',(1.,0.,0.));
#8025=DIRECTION('center_axis',(0.,-1.,0.));
#8026=DIRECTION('ref_axis',(1.,0.,0.));
#8027=DIRECTION('',(-1.,0.,0.));
#8028=DIRECTION('center_axis',(0.,0.,-1.));
#8029=DIRECTION('ref_axis',(1.,0.,0.));
#8030=DIRECTION('',(0.,1.,0.));
#8031=DIRECTION('',(0.,-1.,0.));
#8032=DIRECTION('center_axis',(2.46716227694479E-17,1.,0.));
#8033=DIRECTION('ref_axis',(1.,-2.46716227694479E-17,0.));
#8034=DIRECTION('',(0.,0.,-1.));
#8035=DIRECTION('',(1.,-2.46716227694479E-17,0.));
#8036=DIRECTION('',(0.,0.,-1.));
#8037=DIRECTION('center_axis',(0.,0.,-1.));
#8038=DIRECTION('ref_axis',(-1.,0.,0.));
#8039=DIRECTION('',(0.,-1.,0.));
#8040=DIRECTION('',(0.,1.,0.));
#8041=DIRECTION('center_axis',(0.,-1.,0.));
#8042=DIRECTION('ref_axis',(1.,0.,0.));
#8043=DIRECTION('',(0.,1.,0.));
#8044=DIRECTION('center_axis',(-1.,0.,0.));
#8045=DIRECTION('ref_axis',(0.,0.,-1.));
#8046=DIRECTION('center_axis',(-0.807383460297448,0.,0.590027073987388));
#8047=DIRECTION('ref_axis',(-0.590027073987388,0.,-0.807383460297448));
#8048=DIRECTION('',(0.,-1.,0.));
#8049=DIRECTION('center_axis',(0.,-1.,0.));
#8050=DIRECTION('ref_axis',(1.,0.,0.));
#8051=DIRECTION('center_axis',(0.,0.,1.));
#8052=DIRECTION('ref_axis',(-1.,0.,0.));
#8053=DIRECTION('',(0.,-1.,0.));
#8054=DIRECTION('center_axis',(1.,0.,0.));
#8055=DIRECTION('ref_axis',(0.,0.,1.));
#8056=DIRECTION('axis',(0.,0.,1.));
#8057=DIRECTION('refdir',(1.,0.,0.));
#8058=DIRECTION('center_axis',(0.,0.,1.));
#8059=DIRECTION('ref_axis',(-1.,0.,0.));
#8060=DIRECTION('center_axis',(0.,0.,1.));
#8061=DIRECTION('ref_axis',(-1.,0.,0.));
#8062=DIRECTION('',(0.,0.,1.));
#8063=DIRECTION('center_axis',(-6.20965622074207E-17,0.,-1.));
#8064=DIRECTION('ref_axis',(-1.,0.,0.));
#8065=DIRECTION('center_axis',(0.,0.,1.));
#8066=DIRECTION('ref_axis',(-1.,0.,0.));
#8067=DIRECTION('center_axis',(0.,0.,1.));
#8068=DIRECTION('ref_axis',(-1.,0.,0.));
#8069=DIRECTION('center_axis',(0.,0.,1.));
#8070=DIRECTION('ref_axis',(-1.,0.,0.));
#8071=DIRECTION('center_axis',(6.20965622074207E-17,0.,1.));
#8072=DIRECTION('ref_axis',(-1.,0.,0.));
#8073=DIRECTION('',(0.,0.,1.));
#8074=DIRECTION('center_axis',(6.20965622074207E-17,0.,1.));
#8075=DIRECTION('ref_axis',(1.,0.,-6.20965622074207E-17));
#8076=DIRECTION('center_axis',(6.20965622074207E-17,0.,1.));
#8077=DIRECTION('ref_axis',(1.,0.,-6.20965622074207E-17));
#8078=DIRECTION('center_axis',(-6.20965622074207E-17,0.,-1.));
#8079=DIRECTION('ref_axis',(-1.,0.,6.20965622074207E-17));
#8080=DIRECTION('center_axis',(6.20965622074207E-17,0.,1.));
#8081=DIRECTION('ref_axis',(1.,0.,-6.20965622074207E-17));
#8082=DIRECTION('center_axis',(6.20965622074207E-17,0.,1.));
#8083=DIRECTION('ref_axis',(5.62282781261586E-32,1.,0.));
#8084=DIRECTION('center_axis',(6.20965622074207E-17,0.,1.));
#8085=DIRECTION('ref_axis',(1.,0.,-6.20965622074207E-17));
#8086=DIRECTION('',(-1.37023836125306E-16,0.919145030018058,-0.393919298579168));
#8087=DIRECTION('center_axis',(6.20965622074207E-17,0.,1.));
#8088=DIRECTION('ref_axis',(5.62282781261586E-32,1.,0.));
#8089=DIRECTION('center_axis',(6.20965622074207E-17,0.,1.));
#8090=DIRECTION('ref_axis',(1.,0.,-6.20965622074207E-17));
#8091=DIRECTION('',(-6.20965622074207E-17,0.,-1.));
#8092=DIRECTION('center_axis',(6.20965622074207E-17,0.,1.));
#8093=DIRECTION('ref_axis',(1.,0.,-6.20965622074207E-17));
#8094=DIRECTION('center_axis',(6.20965622074207E-17,0.,1.));
#8095=DIRECTION('ref_axis',(1.,0.,0.));
#8096=DIRECTION('center_axis',(1.22464679914735E-16,-1.,-7.60463561453723E-33));
#8097=DIRECTION('ref_axis',(-1.,-1.22464679914735E-16,0.));
#8098=DIRECTION('axis',(0.,0.,1.));
#8099=DIRECTION('refdir',(1.,0.,0.));
#8100=DIRECTION('center_axis',(0.707106781186548,0.,0.707106781186548));
#8101=DIRECTION('ref_axis',(0.707106781186548,0.,-0.707106781186548));
#8102=DIRECTION('',(-0.707106781186548,0.,0.707106781186548));
#8103=DIRECTION('',(0.,-1.,0.));
#8104=DIRECTION('',(0.707106781186548,0.,-0.707106781186548));
#8105=DIRECTION('',(0.,1.,0.));
#8106=DIRECTION('center_axis',(1.,0.,0.));
#8107=DIRECTION('ref_axis',(0.,0.,1.));
#8108=DIRECTION('',(0.,0.,1.));
#8109=DIRECTION('',(0.,1.,0.));
#8110=DIRECTION('',(0.,0.,1.));
#8111=DIRECTION('center_axis',(0.707106781186548,0.,0.707106781186548));
#8112=DIRECTION('ref_axis',(0.707106781186548,0.,-0.707106781186548));
#8113=DIRECTION('',(0.707106781186548,0.,-0.707106781186548));
#8114=DIRECTION('',(0.,1.,0.));
#8115=DIRECTION('',(-0.707106781186548,0.,0.707106781186548));
#8116=DIRECTION('',(0.,-1.,0.));
#8117=DIRECTION('center_axis',(0.,0.,1.));
#8118=DIRECTION('ref_axis',(1.,0.,0.));
#8119=DIRECTION('',(1.,0.,0.));
#8120=DIRECTION('',(0.,-1.,0.));
#8121=DIRECTION('',(1.,0.,0.));
#8122=DIRECTION('center_axis',(-0.707106781186548,0.,-0.707106781186548));
#8123=DIRECTION('ref_axis',(-0.707106781186548,0.,0.707106781186548));
#8124=DIRECTION('',(-0.707106781186548,0.,0.707106781186548));
#8125=DIRECTION('',(0.,1.,0.));
#8126=DIRECTION('',(0.707106781186548,0.,-0.707106781186548));
#8127=DIRECTION('',(0.,-1.,0.));
#8128=DIRECTION('center_axis',(0.,1.,0.));
#8129=DIRECTION('ref_axis',(1.,0.,0.));
#8130=DIRECTION('',(0.,0.,-1.));
#8131=DIRECTION('',(-0.590027073987389,0.,0.807383460297448));
#8132=DIRECTION('',(1.,0.,0.));
#8133=DIRECTION('',(-0.590027073987389,0.,0.807383460297448));
#8134=DIRECTION('',(1.,0.,0.));
#8135=DIRECTION('center_axis',(0.,-1.,0.));
#8136=DIRECTION('ref_axis',(1.,0.,0.));
#8137=DIRECTION('center_axis',(0.,-1.,0.));
#8138=DIRECTION('ref_axis',(1.,0.,0.));
#8139=DIRECTION('center_axis',(-1.,0.,0.));
#8140=DIRECTION('ref_axis',(0.,0.,-1.));
#8141=DIRECTION('',(0.,0.,-1.));
#8142=DIRECTION('',(0.,-1.,0.));
#8143=DIRECTION('center_axis',(-0.707106781186546,0.,-0.707106781186549));
#8144=DIRECTION('ref_axis',(-0.707106781186549,0.,0.707106781186546));
#8145=DIRECTION('',(0.707106781186549,0.,-0.707106781186546));
#8146=DIRECTION('',(0.,-1.,0.));
#8147=DIRECTION('',(-0.707106781186549,0.,0.707106781186546));
#8148=DIRECTION('',(0.,1.,0.));
#8149=DIRECTION('center_axis',(0.,1.,0.));
#8150=DIRECTION('ref_axis',(1.,0.,0.));
#8151=DIRECTION('',(1.,0.,0.));
#8152=DIRECTION('',(0.590027073987389,0.,-0.807383460297448));
#8153=DIRECTION('',(0.,0.,1.));
#8154=DIRECTION('',(0.590027073987389,0.,-0.807383460297448));
#8155=DIRECTION('',(0.,0.,-1.));
#8156=DIRECTION('center_axis',(0.,-1.,0.));
#8157=DIRECTION('ref_axis',(1.,0.,0.));
#8158=DIRECTION('center_axis',(0.,-1.,0.));
#8159=DIRECTION('ref_axis',(1.,0.,0.));
#8160=DIRECTION('center_axis',(0.,0.,-1.));
#8161=DIRECTION('ref_axis',(-1.,0.,0.));
#8162=DIRECTION('',(-1.,0.,0.));
#8163=DIRECTION('',(0.,1.,0.));
#8164=DIRECTION('center_axis',(0.,1.,0.));
#8165=DIRECTION('ref_axis',(1.,0.,0.));
#8166=DIRECTION('center_axis',(0.,1.,0.));
#8167=DIRECTION('ref_axis',(1.,0.,0.));
#8168=DIRECTION('',(0.,1.,0.));
#8169=DIRECTION('center_axis',(0.,1.,0.));
#8170=DIRECTION('ref_axis',(1.,0.,0.));
#8171=DIRECTION('center_axis',(0.,-1.,0.));
#8172=DIRECTION('ref_axis',(1.,0.,0.));
#8173=DIRECTION('center_axis',(0.,-1.,0.));
#8174=DIRECTION('ref_axis',(1.,0.,0.));
#8175=DIRECTION('center_axis',(0.,1.,0.));
#8176=DIRECTION('ref_axis',(1.,0.,0.));
#8177=DIRECTION('center_axis',(0.,1.,0.));
#8178=DIRECTION('ref_axis',(1.,0.,0.));
#8179=DIRECTION('',(0.,1.,0.));
#8180=DIRECTION('center_axis',(0.,1.,0.));
#8181=DIRECTION('ref_axis',(1.,0.,0.));
#8182=DIRECTION('center_axis',(0.,-1.,0.));
#8183=DIRECTION('ref_axis',(1.,0.,0.));
#8184=DIRECTION('center_axis',(0.,-1.,0.));
#8185=DIRECTION('ref_axis',(1.,0.,0.));
#8186=DIRECTION('center_axis',(0.,-1.,0.));
#8187=DIRECTION('ref_axis',(1.,0.,0.));
#8188=DIRECTION('',(0.,1.,0.));
#8189=DIRECTION('center_axis',(0.,-1.,0.));
#8190=DIRECTION('ref_axis',(1.,0.,0.));
#8191=DIRECTION('',(0.,1.,0.));
#8192=DIRECTION('center_axis',(0.,0.,1.));
#8193=DIRECTION('ref_axis',(-1.,0.,0.));
#8194=DIRECTION('',(-1.,0.,0.));
#8195=DIRECTION('',(0.,-1.,0.));
#8196=DIRECTION('center_axis',(0.,0.,-1.));
#8197=DIRECTION('ref_axis',(1.,0.,0.));
#8198=DIRECTION('',(0.,1.,0.));
#8199=DIRECTION('',(1.,0.,0.));
#8200=DIRECTION('center_axis',(0.,1.,0.));
#8201=DIRECTION('ref_axis',(1.,0.,0.));
#8202=DIRECTION('',(0.590027073987389,0.,-0.807383460297448));
#8203=DIRECTION('',(0.590027073987389,0.,-0.807383460297448));
#8204=DIRECTION('center_axis',(0.,1.,0.));
#8205=DIRECTION('ref_axis',(1.,0.,0.));
#8206=DIRECTION('center_axis',(0.,-1.,0.));
#8207=DIRECTION('ref_axis',(1.,0.,0.));
#8208=DIRECTION('',(0.,-1.,0.));
#8209=DIRECTION('center_axis',(0.,1.,0.));
#8210=DIRECTION('ref_axis',(1.,0.,0.));
#8211=DIRECTION('center_axis',(0.,-1.,0.));
#8212=DIRECTION('ref_axis',(1.,0.,0.));
#8213=DIRECTION('',(0.,-1.,0.));
#8214=DIRECTION('center_axis',(-1.,0.,0.));
#8215=DIRECTION('ref_axis',(0.,0.,1.));
#8216=DIRECTION('',(0.,-1.,0.));
#8217=DIRECTION('',(0.,0.,1.));
#8218=DIRECTION('center_axis',(1.,0.,0.));
#8219=DIRECTION('ref_axis',(0.,0.,-1.));
#8220=DIRECTION('',(0.,0.,-1.));
#8221=DIRECTION('',(0.,1.,0.));
#8222=DIRECTION('center_axis',(0.,1.,0.));
#8223=DIRECTION('ref_axis',(1.,0.,0.));
#8224=DIRECTION('',(-0.590027073987389,0.,0.807383460297448));
#8225=DIRECTION('',(-0.590027073987389,0.,0.807383460297448));
#8226=DIRECTION('center_axis',(0.,-1.,0.));
#8227=DIRECTION('ref_axis',(0.,0.,-1.));
#8228=DIRECTION('',(1.,0.,-1.48977299919963E-15));
#8229=DIRECTION('',(-1.77635683940025E-15,0.,-1.));
#8230=DIRECTION('',(-0.979934244868766,0.,0.199321036856326));
#8231=DIRECTION('',(-0.89163531614315,0.,0.452754307551354));
#8232=DIRECTION('',(-0.590027073987389,0.,0.807383460297448));
#8233=DIRECTION('',(0.153694174694041,0.,0.988118464894325));
#8234=DIRECTION('',(0.807383460297456,0.,0.590027073987378));
#8235=DIRECTION('',(0.988118464894325,0.,-0.153694174694044));
#8236=DIRECTION('',(0.590027073987389,0.,-0.807383460297448));
#8237=DIRECTION('',(0.89163531614315,0.,-0.452754307551354));
#8238=DIRECTION('center_axis',(0.,-1.,0.));
#8239=DIRECTION('ref_axis',(1.,0.,0.));
#8240=DIRECTION('center_axis',(0.,-1.,0.));
#8241=DIRECTION('ref_axis',(1.,0.,0.));
#8242=DIRECTION('center_axis',(0.,-1.,0.));
#8243=DIRECTION('ref_axis',(1.,0.,0.));
#8244=DIRECTION('center_axis',(0.807383460297448,0.,0.590027073987389));
#8245=DIRECTION('ref_axis',(-0.590027073987388,0.,0.807383460297448));
#8246=DIRECTION('',(-0.590027073987389,0.,0.807383460297448));
#8247=DIRECTION('',(0.,1.,0.));
#8248=DIRECTION('',(0.,1.,0.));
#8249=DIRECTION('center_axis',(0.452754307551354,0.,0.89163531614315));
#8250=DIRECTION('ref_axis',(-0.89163531614315,0.,0.452754307551354));
#8251=DIRECTION('',(-0.89163531614315,0.,0.452754307551354));
#8252=DIRECTION('',(0.,1.,0.));
#8253=DIRECTION('center_axis',(1.48977299919963E-15,0.,1.));
#8254=DIRECTION('ref_axis',(-1.,0.,1.48977299919963E-15));
#8255=DIRECTION('',(-1.,0.,1.48977299919963E-15));
#8256=DIRECTION('',(0.,-1.,0.));
#8257=DIRECTION('center_axis',(1.,0.,-1.77635683940025E-15));
#8258=DIRECTION('ref_axis',(1.77635683940025E-15,0.,1.));
#8259=DIRECTION('',(1.77635683940025E-15,0.,1.));
#8260=DIRECTION('',(0.,1.,0.));
#8261=DIRECTION('center_axis',(-0.199321036856326,0.,-0.979934244868766));
#8262=DIRECTION('ref_axis',(0.979934244868766,0.,-0.199321036856326));
#8263=DIRECTION('',(0.979934244868766,0.,-0.199321036856326));
#8264=DIRECTION('',(0.,1.,0.));
#8265=DIRECTION('center_axis',(0.,-1.,0.));
#8266=DIRECTION('ref_axis',(1.,0.,0.));
#8267=DIRECTION('center_axis',(0.,1.,0.));
#8268=DIRECTION('ref_axis',(1.,0.,0.));
#8269=DIRECTION('',(0.,1.,0.));
#8270=DIRECTION('center_axis',(0.,-1.,0.));
#8271=DIRECTION('ref_axis',(1.,0.,0.));
#8272=DIRECTION('center_axis',(0.,1.,0.));
#8273=DIRECTION('ref_axis',(1.,0.,0.));
#8274=DIRECTION('',(0.,1.,0.));
#8275=DIRECTION('center_axis',(0.,-1.,0.));
#8276=DIRECTION('ref_axis',(1.,0.,0.));
#8277=DIRECTION('center_axis',(0.,1.,0.));
#8278=DIRECTION('ref_axis',(1.,0.,0.));
#8279=DIRECTION('',(0.,1.,0.));
#8280=DIRECTION('center_axis',(-0.452754307551354,0.,-0.89163531614315));
#8281=DIRECTION('ref_axis',(0.89163531614315,0.,-0.452754307551354));
#8282=DIRECTION('',(0.89163531614315,0.,-0.452754307551354));
#8283=DIRECTION('',(0.,1.,0.));
#8284=DIRECTION('center_axis',(-0.807383460297448,0.,-0.590027073987389));
#8285=DIRECTION('ref_axis',(0.590027073987388,0.,-0.807383460297448));
#8286=DIRECTION('',(0.590027073987389,0.,-0.807383460297448));
#8287=DIRECTION('',(0.,1.,0.));
#8288=DIRECTION('center_axis',(-0.988118464894325,0.,0.153694174694041));
#8289=DIRECTION('ref_axis',(-0.153694174694041,0.,-0.988118464894325));
#8290=DIRECTION('',(-0.153694174694041,0.,-0.988118464894325));
#8291=DIRECTION('',(0.,1.,0.));
#8292=DIRECTION('center_axis',(-0.590027073987378,0.,0.807383460297456));
#8293=DIRECTION('ref_axis',(-0.807383460297456,0.,-0.590027073987378));
#8294=DIRECTION('',(-0.807383460297456,0.,-0.590027073987378));
#8295=DIRECTION('',(0.,1.,0.));
#8296=DIRECTION('center_axis',(0.153694174694044,0.,0.988118464894325));
#8297=DIRECTION('ref_axis',(-0.988118464894325,0.,0.153694174694044));
#8298=DIRECTION('',(-0.988118464894325,0.,0.153694174694044));
#8299=DIRECTION('center_axis',(0.,1.,0.));
#8300=DIRECTION('ref_axis',(0.,0.,1.));
#8301=DIRECTION('center_axis',(0.707106781186548,0.,-0.707106781186548));
#8302=DIRECTION('ref_axis',(-0.707106781186548,0.,-0.707106781186548));
#8303=DIRECTION('',(0.707106781186548,0.,0.707106781186548));
#8304=DIRECTION('',(0.,1.,0.));
#8305=DIRECTION('',(-0.707106781186548,0.,-0.707106781186548));
#8306=DIRECTION('',(0.,-1.,0.));
#8307=DIRECTION('center_axis',(1.,0.,0.));
#8308=DIRECTION('ref_axis',(0.,0.,1.));
#8309=DIRECTION('',(0.,0.,1.));
#8310=DIRECTION('',(0.,1.,0.));
#8311=DIRECTION('',(0.,0.,1.));
#8312=DIRECTION('center_axis',(0.707106781186548,0.,-0.707106781186548));
#8313=DIRECTION('ref_axis',(-0.707106781186548,0.,-0.707106781186548));
#8314=DIRECTION('',(-0.707106781186548,0.,-0.707106781186548));
#8315=DIRECTION('',(0.,-1.,0.));
#8316=DIRECTION('',(0.707106781186548,0.,0.707106781186548));
#8317=DIRECTION('',(0.,1.,0.));
#8318=DIRECTION('center_axis',(0.,0.,-1.));
#8319=DIRECTION('ref_axis',(-1.,0.,0.));
#8320=DIRECTION('',(-1.,0.,0.));
#8321=DIRECTION('',(0.,-1.,0.));
#8322=DIRECTION('',(-1.,0.,0.));
#8323=DIRECTION('center_axis',(-0.707106781186548,0.,0.707106781186548));
#8324=DIRECTION('ref_axis',(0.707106781186548,0.,0.707106781186548));
#8325=DIRECTION('',(0.707106781186548,0.,0.707106781186548));
#8326=DIRECTION('',(0.,-1.,0.));
#8327=DIRECTION('',(-0.707106781186548,0.,-0.707106781186548));
#8328=DIRECTION('',(0.,1.,0.));
#8329=DIRECTION('center_axis',(0.,-1.,0.));
#8330=DIRECTION('ref_axis',(-1.,0.,0.));
#8331=DIRECTION('',(-1.,0.,0.));
#8332=DIRECTION('',(0.590027073987389,0.,0.807383460297448));
#8333=DIRECTION('',(-1.,0.,0.));
#8334=DIRECTION('',(0.590027073987389,0.,0.807383460297448));
#8335=DIRECTION('',(0.,0.,-1.));
#8336=DIRECTION('center_axis',(0.,1.,0.));
#8337=DIRECTION('ref_axis',(-1.,0.,0.));
#8338=DIRECTION('center_axis',(0.,1.,0.));
#8339=DIRECTION('ref_axis',(-1.,0.,0.));
#8340=DIRECTION('center_axis',(-1.,0.,0.));
#8341=DIRECTION('ref_axis',(0.,0.,-1.));
#8342=DIRECTION('',(0.,-1.,0.));
#8343=DIRECTION('',(0.,0.,-1.));
#8344=DIRECTION('center_axis',(-0.707106781186546,0.,0.707106781186549));
#8345=DIRECTION('ref_axis',(0.707106781186549,0.,0.707106781186546));
#8346=DIRECTION('',(-0.707106781186549,0.,-0.707106781186546));
#8347=DIRECTION('',(0.,1.,0.));
#8348=DIRECTION('',(0.707106781186549,0.,0.707106781186546));
#8349=DIRECTION('',(0.,-1.,0.));
#8350=DIRECTION('center_axis',(0.,-1.,0.));
#8351=DIRECTION('ref_axis',(-1.,0.,0.));
#8352=DIRECTION('',(0.,0.,-1.));
#8353=DIRECTION('',(-0.590027073987389,0.,-0.807383460297448));
#8354=DIRECTION('',(0.,0.,1.));
#8355=DIRECTION('',(-0.590027073987389,0.,-0.807383460297448));
#8356=DIRECTION('',(-1.,0.,0.));
#8357=DIRECTION('center_axis',(0.,1.,0.));
#8358=DIRECTION('ref_axis',(-1.,0.,0.));
#8359=DIRECTION('center_axis',(0.,1.,0.));
#8360=DIRECTION('ref_axis',(-1.,0.,0.));
#8361=DIRECTION('center_axis',(0.,0.,1.));
#8362=DIRECTION('ref_axis',(1.,0.,0.));
#8363=DIRECTION('',(0.,1.,0.));
#8364=DIRECTION('',(1.,0.,0.));
#8365=DIRECTION('center_axis',(0.,-1.,0.));
#8366=DIRECTION('ref_axis',(-1.,0.,0.));
#8367=DIRECTION('center_axis',(0.,-1.,0.));
#8368=DIRECTION('ref_axis',(-1.,0.,0.));
#8369=DIRECTION('',(0.,1.,0.));
#8370=DIRECTION('center_axis',(0.,-1.,0.));
#8371=DIRECTION('ref_axis',(-1.,0.,0.));
#8372=DIRECTION('center_axis',(0.,1.,0.));
#8373=DIRECTION('ref_axis',(-1.,0.,0.));
#8374=DIRECTION('center_axis',(0.,1.,0.));
#8375=DIRECTION('ref_axis',(-1.,0.,0.));
#8376=DIRECTION('center_axis',(0.,-1.,0.));
#8377=DIRECTION('ref_axis',(-1.,0.,0.));
#8378=DIRECTION('center_axis',(0.,-1.,0.));
#8379=DIRECTION('ref_axis',(-1.,0.,0.));
#8380=DIRECTION('',(0.,1.,0.));
#8381=DIRECTION('center_axis',(0.,-1.,0.));
#8382=DIRECTION('ref_axis',(-1.,0.,0.));
#8383=DIRECTION('center_axis',(0.,1.,0.));
#8384=DIRECTION('ref_axis',(-1.,0.,0.));
#8385=DIRECTION('center_axis',(0.,1.,0.));
#8386=DIRECTION('ref_axis',(-1.,0.,0.));
#8387=DIRECTION('center_axis',(0.,1.,0.));
#8388=DIRECTION('ref_axis',(-1.,0.,0.));
#8389=DIRECTION('',(0.,1.,0.));
#8390=DIRECTION('center_axis',(0.,1.,0.));
#8391=DIRECTION('ref_axis',(-1.,0.,0.));
#8392=DIRECTION('',(0.,1.,0.));
#8393=DIRECTION('center_axis',(0.,0.,-1.));
#8394=DIRECTION('ref_axis',(1.,0.,0.));
#8395=DIRECTION('',(0.,-1.,0.));
#8396=DIRECTION('',(1.,0.,0.));
#8397=DIRECTION('center_axis',(0.,0.,1.));
#8398=DIRECTION('ref_axis',(-1.,0.,0.));
#8399=DIRECTION('',(-1.,0.,0.));
#8400=DIRECTION('',(0.,1.,0.));
#8401=DIRECTION('center_axis',(0.,-1.,0.));
#8402=DIRECTION('ref_axis',(-1.,0.,0.));
#8403=DIRECTION('',(-0.590027073987389,0.,-0.807383460297448));
#8404=DIRECTION('',(-0.590027073987389,0.,-0.807383460297448));
#8405=DIRECTION('center_axis',(0.,-1.,0.));
#8406=DIRECTION('ref_axis',(-1.,0.,0.));
#8407=DIRECTION('center_axis',(0.,1.,0.));
#8408=DIRECTION('ref_axis',(-1.,0.,0.));
#8409=DIRECTION('',(0.,-1.,0.));
#8410=DIRECTION('center_axis',(0.,-1.,0.));
#8411=DIRECTION('ref_axis',(-1.,0.,0.));
#8412=DIRECTION('center_axis',(0.,1.,0.));
#8413=DIRECTION('ref_axis',(-1.,0.,0.));
#8414=DIRECTION('',(0.,-1.,0.));
#8415=DIRECTION('center_axis',(-1.,0.,0.));
#8416=DIRECTION('ref_axis',(0.,0.,1.));
#8417=DIRECTION('',(0.,0.,1.));
#8418=DIRECTION('',(0.,-1.,0.));
#8419=DIRECTION('center_axis',(1.,0.,0.));
#8420=DIRECTION('ref_axis',(0.,0.,-1.));
#8421=DIRECTION('',(0.,1.,0.));
#8422=DIRECTION('',(0.,0.,-1.));
#8423=DIRECTION('center_axis',(0.,-1.,0.));
#8424=DIRECTION('ref_axis',(-1.,0.,0.));
#8425=DIRECTION('',(0.590027073987389,0.,0.807383460297448));
#8426=DIRECTION('',(0.590027073987389,0.,0.807383460297448));
#8427=DIRECTION('center_axis',(0.,1.,0.));
#8428=DIRECTION('ref_axis',(0.,0.,-1.));
#8429=DIRECTION('',(-1.,0.,-1.48977299919963E-15));
#8430=DIRECTION('',(-0.89163531614315,0.,-0.452754307551354));
#8431=DIRECTION('',(-0.590027073987389,0.,-0.807383460297448));
#8432=DIRECTION('',(-0.988118464894325,0.,-0.153694174694044));
#8433=DIRECTION('',(-0.807383460297456,0.,0.590027073987378));
#8434=DIRECTION('',(-0.153694174694041,0.,0.988118464894325));
#8435=DIRECTION('',(0.590027073987389,0.,0.807383460297448));
#8436=DIRECTION('',(0.89163531614315,0.,0.452754307551354));
#8437=DIRECTION('',(0.979934244868766,0.,0.199321036856326));
#8438=DIRECTION('',(1.77635683940025E-15,0.,-1.));
#8439=DIRECTION('center_axis',(0.,1.,0.));
#8440=DIRECTION('ref_axis',(-1.,0.,0.));
#8441=DIRECTION('center_axis',(0.,1.,0.));
#8442=DIRECTION('ref_axis',(-1.,0.,0.));
#8443=DIRECTION('center_axis',(0.,1.,0.));
#8444=DIRECTION('ref_axis',(-1.,0.,0.));
#8445=DIRECTION('center_axis',(0.807383460297448,0.,-0.590027073987389));
#8446=DIRECTION('ref_axis',(0.590027073987388,0.,0.807383460297448));
#8447=DIRECTION('',(0.590027073987389,0.,0.807383460297448));
#8448=DIRECTION('',(0.,1.,0.));
#8449=DIRECTION('',(0.,1.,0.));
#8450=DIRECTION('center_axis',(0.452754307551354,0.,-0.89163531614315));
#8451=DIRECTION('ref_axis',(0.89163531614315,0.,0.452754307551354));
#8452=DIRECTION('',(0.89163531614315,0.,0.452754307551354));
#8453=DIRECTION('',(0.,1.,0.));
#8454=DIRECTION('center_axis',(1.48977299919963E-15,0.,-1.));
#8455=DIRECTION('ref_axis',(1.,0.,1.48977299919963E-15));
#8456=DIRECTION('',(1.,0.,1.48977299919963E-15));
#8457=DIRECTION('',(0.,-1.,0.));
#8458=DIRECTION('center_axis',(1.,0.,1.77635683940025E-15));
#8459=DIRECTION('ref_axis',(-1.77635683940025E-15,0.,1.));
#8460=DIRECTION('',(-1.77635683940025E-15,0.,1.));
#8461=DIRECTION('',(0.,1.,0.));
#8462=DIRECTION('center_axis',(-0.199321036856326,0.,0.979934244868766));
#8463=DIRECTION('ref_axis',(-0.979934244868766,0.,-0.199321036856326));
#8464=DIRECTION('',(-0.979934244868766,0.,-0.199321036856326));
#8465=DIRECTION('',(0.,1.,0.));
#8466=DIRECTION('center_axis',(0.,1.,0.));
#8467=DIRECTION('ref_axis',(-1.,0.,0.));
#8468=DIRECTION('center_axis',(0.,-1.,0.));
#8469=DIRECTION('ref_axis',(-1.,0.,0.));
#8470=DIRECTION('',(0.,1.,0.));
#8471=DIRECTION('center_axis',(0.,1.,0.));
#8472=DIRECTION('ref_axis',(-1.,0.,0.));
#8473=DIRECTION('center_axis',(0.,-1.,0.));
#8474=DIRECTION('ref_axis',(-1.,0.,0.));
#8475=DIRECTION('',(0.,1.,0.));
#8476=DIRECTION('center_axis',(0.,1.,0.));
#8477=DIRECTION('ref_axis',(-1.,0.,0.));
#8478=DIRECTION('center_axis',(0.,-1.,0.));
#8479=DIRECTION('ref_axis',(-1.,0.,0.));
#8480=DIRECTION('',(0.,1.,0.));
#8481=DIRECTION('center_axis',(-0.452754307551354,0.,0.89163531614315));
#8482=DIRECTION('ref_axis',(-0.89163531614315,0.,-0.452754307551354));
#8483=DIRECTION('',(-0.89163531614315,0.,-0.452754307551354));
#8484=DIRECTION('',(0.,1.,0.));
#8485=DIRECTION('center_axis',(-0.807383460297448,0.,0.590027073987389));
#8486=DIRECTION('ref_axis',(-0.590027073987388,0.,-0.807383460297448));
#8487=DIRECTION('',(-0.590027073987389,0.,-0.807383460297448));
#8488=DIRECTION('',(0.,1.,0.));
#8489=DIRECTION('center_axis',(-0.988118464894325,0.,-0.153694174694041));
#8490=DIRECTION('ref_axis',(0.153694174694041,0.,-0.988118464894325));
#8491=DIRECTION('',(0.153694174694041,0.,-0.988118464894325));
#8492=DIRECTION('',(0.,1.,0.));
#8493=DIRECTION('center_axis',(-0.590027073987378,0.,-0.807383460297456));
#8494=DIRECTION('ref_axis',(0.807383460297456,0.,-0.590027073987378));
#8495=DIRECTION('',(0.807383460297456,0.,-0.590027073987378));
#8496=DIRECTION('',(0.,1.,0.));
#8497=DIRECTION('center_axis',(0.153694174694044,0.,-0.988118464894325));
#8498=DIRECTION('ref_axis',(0.988118464894325,0.,0.153694174694044));
#8499=DIRECTION('',(0.988118464894325,0.,0.153694174694044));
#8500=DIRECTION('center_axis',(0.,-1.,0.));
#8501=DIRECTION('ref_axis',(0.,0.,1.));
#8502=DIRECTION('axis',(0.,0.,1.));
#8503=DIRECTION('refdir',(1.,0.,0.));
#8504=DIRECTION('center_axis',(0.,0.,1.));
#8505=DIRECTION('ref_axis',(-1.,0.,0.));
#8506=DIRECTION('center_axis',(-1.95819442333109E-15,0.,1.));
#8507=DIRECTION('ref_axis',(-1.,0.,-1.36219495044689E-15));
#8508=DIRECTION('',(-0.707106781186917,8.65956056235946E-17,-0.707106781186178));
#8509=DIRECTION('center_axis',(1.95819442333109E-15,0.,-1.));
#8510=DIRECTION('ref_axis',(-1.,0.,0.));
#8511=DIRECTION('center_axis',(1.95819442333109E-15,0.,-1.));
#8512=DIRECTION('ref_axis',(-1.,0.,-1.88084841818851E-15));
#8513=DIRECTION('center_axis',(-1.95819442333109E-15,0.,1.));
#8514=DIRECTION('ref_axis',(1.,0.,1.9592171022797E-15));
#8515=DIRECTION('center_axis',(-1.22464679914735E-16,-1.,-2.39809653264062E-31));
#8516=DIRECTION('ref_axis',(1.,-1.22464679914735E-16,1.95921710227969E-15));
#8517=DIRECTION('center_axis',(1.95819442333109E-15,0.,-1.));
#8518=DIRECTION('ref_axis',(1.,0.,1.95819442333109E-15));
#8519=DIRECTION('center_axis',(-1.95819442333109E-15,0.,1.));
#8520=DIRECTION('ref_axis',(1.,0.,1.95819442333109E-15));
#8521=DIRECTION('',(0.,1.,0.));
#8522=DIRECTION('',(0.866025403784439,0.499999999999999,1.69584611615375E-15));
#8523=DIRECTION('',(0.866025403784438,-0.500000000000001,1.69584611615374E-15));
#8524=DIRECTION('',(0.,-1.,0.));
#8525=DIRECTION('',(-0.866025403784439,-0.5,-1.69584611615375E-15));
#8526=DIRECTION('',(-0.866025403784438,0.5,-1.69584611615374E-15));
#8527=DIRECTION('center_axis',(1.95819442333109E-15,0.,-1.));
#8528=DIRECTION('ref_axis',(-1.,0.,-1.36219495044689E-15));
#8529=DIRECTION('center_axis',(1.95819442333109E-15,0.,-1.));
#8530=DIRECTION('ref_axis',(1.,0.,1.95819442333109E-15));
#8531=DIRECTION('',(-1.95819442333109E-15,0.,1.));
#8532=DIRECTION('center_axis',(-0.0871557427476581,0.,-0.996194698091746));
#8533=DIRECTION('ref_axis',(0.,1.,0.));
#8534=DIRECTION('',(0.863550259614423,-0.498570974847159,-0.0755508581011305));
#8535=DIRECTION('',(0.,1.,0.));
#8536=DIRECTION('',(0.863550259614423,0.498570974847158,-0.0755508581011305));
#8537=DIRECTION('center_axis',(-0.0435778713738291,-0.0754790873051733,
-0.996194698091746));
#8538=DIRECTION('ref_axis',(-0.866025403784438,0.5,0.));
#8539=DIRECTION('',(-0.866025403784438,0.5,0.));
#8540=DIRECTION('',(1.59381164582915E-16,0.997141949694316,-0.0755508581011305));
#8541=DIRECTION('center_axis',(0.043577871373829,-0.0754790873051733,-0.996194698091746));
#8542=DIRECTION('ref_axis',(-0.866025403784439,-0.5,0.));
#8543=DIRECTION('',(-0.866025403784439,-0.5,0.));
#8544=DIRECTION('',(-0.863550259614423,0.498570974847158,-0.0755508581011305));
#8545=DIRECTION('center_axis',(0.0871557427476581,0.,-0.996194698091746));
#8546=DIRECTION('ref_axis',(0.,-1.,0.));
#8547=DIRECTION('',(0.,-1.,0.));
#8548=DIRECTION('',(-0.863550259614423,-0.498570974847158,-0.0755508581011305));
#8549=DIRECTION('center_axis',(0.0435778713738291,0.0754790873051733,-0.996194698091746));
#8550=DIRECTION('ref_axis',(0.866025403784438,-0.500000000000001,0.));
#8551=DIRECTION('',(0.866025403784438,-0.500000000000001,0.));
#8552=DIRECTION('',(-4.78143493748745E-16,-0.997141949694316,-0.0755508581011305));
#8553=DIRECTION('center_axis',(-0.043577871373829,0.0754790873051733,-0.996194698091746));
#8554=DIRECTION('ref_axis',(0.866025403784439,0.499999999999999,0.));
#8555=DIRECTION('',(0.866025403784439,0.499999999999999,0.));
#8556=DIRECTION('center_axis',(-1.,0.,0.));
#8557=DIRECTION('ref_axis',(0.,1.,0.));
#8558=DIRECTION('',(0.,0.,-1.));
#8559=DIRECTION('',(0.,0.,-1.));
#8560=DIRECTION('center_axis',(-0.5,-0.866025403784438,0.));
#8561=DIRECTION('ref_axis',(-0.866025403784438,0.5,0.));
#8562=DIRECTION('',(0.,0.,-1.));
#8563=DIRECTION('center_axis',(0.5,-0.866025403784439,0.));
#8564=DIRECTION('ref_axis',(-0.866025403784439,-0.5,0.));
#8565=DIRECTION('',(0.,0.,-1.));
#8566=DIRECTION('center_axis',(1.,0.,0.));
#8567=DIRECTION('ref_axis',(0.,-1.,0.));
#8568=DIRECTION('',(0.,0.,-1.));
#8569=DIRECTION('center_axis',(0.500000000000001,0.866025403784438,0.));
#8570=DIRECTION('ref_axis',(0.866025403784438,-0.500000000000001,0.));
#8571=DIRECTION('',(0.,0.,-1.));
#8572=DIRECTION('center_axis',(-0.499999999999999,0.866025403784439,0.));
#8573=DIRECTION('ref_axis',(0.866025403784439,0.499999999999999,0.));
#8574=DIRECTION('center_axis',(1.95819442333109E-15,0.,-1.));
#8575=DIRECTION('ref_axis',(-1.,0.,-1.36219495044689E-15));
#8576=DIRECTION('',(-1.95819442333109E-15,0.,1.));
#8577=DIRECTION('center_axis',(-1.95819442333109E-15,0.,1.));
#8578=DIRECTION('ref_axis',(-1.,0.,-1.36219495044689E-15));
#8579=DIRECTION('center_axis',(1.95819442333109E-15,0.,-1.));
#8580=DIRECTION('ref_axis',(-1.,0.,-1.95819442333109E-15));
#8581=DIRECTION('center_axis',(1.95819442333109E-15,0.,-1.));
#8582=DIRECTION('ref_axis',(-1.,0.,-1.95819442333109E-15));
#8583=DIRECTION('',(2.95822839457879E-31,-1.,-7.7856353485733E-17));
#8584=DIRECTION('',(1.,2.95822839457879E-31,1.27503637884922E-31));
#8585=DIRECTION('',(2.95822839457879E-31,1.,7.7856353485733E-17));
#8586=DIRECTION('',(-1.,2.95822839457879E-31,1.27503637884922E-31));
#8587=DIRECTION('center_axis',(-0.707106781186547,0.,0.707106781186548));
#8588=DIRECTION('ref_axis',(0.707106781186548,0.,0.707106781186547));
#8589=DIRECTION('',(-0.678598344545847,0.28108463771482,-0.678598344545847));
#8590=DIRECTION('',(0.,-1.,0.));
#8591=DIRECTION('',(0.678598344545847,0.28108463771482,0.678598344545847));
#8592=DIRECTION('',(0.577350269189626,0.577350269189626,0.577350269189626));
#8593=DIRECTION('',(0.,1.,0.));
#8594=DIRECTION('',(-0.577350269189626,0.577350269189626,-0.577350269189626));
#8595=DIRECTION('center_axis',(0.,0.707106781186548,0.707106781186548));
#8596=DIRECTION('ref_axis',(1.,0.,0.));
#8597=DIRECTION('',(1.,0.,0.));
#8598=DIRECTION('',(-0.577350269189626,-0.577350269189626,0.577350269189626));
#8599=DIRECTION('',(-0.281084637714821,-0.678598344545847,0.678598344545847));
#8600=DIRECTION('',(-1.,0.,0.));
#8601=DIRECTION('',(0.281084637714821,-0.678598344545847,0.678598344545847));
#8602=DIRECTION('center_axis',(0.,0.,1.));
#8603=DIRECTION('ref_axis',(1.,0.,0.));
#8604=DIRECTION('',(-1.,0.,0.));
#8605=DIRECTION('',(0.,-1.,0.));
#8606=DIRECTION('center_axis',(0.,0.,-1.));
#8607=DIRECTION('ref_axis',(-1.,0.,0.));
#8608=DIRECTION('center_axis',(0.,-0.707106781186548,0.707106781186548));
#8609=DIRECTION('ref_axis',(1.,0.,0.));
#8610=DIRECTION('',(-0.281084637714821,-0.678598344545847,-0.678598344545847));
#8611=DIRECTION('',(1.,0.,0.));
#8612=DIRECTION('',(-0.281084637714822,0.678598344545847,0.678598344545847));
#8613=DIRECTION('',(-0.577350269189626,0.577350269189626,0.577350269189626));
#8614=DIRECTION('center_axis',(-0.5,-0.5,0.707106781186548));
#8615=DIRECTION('ref_axis',(0.816496580927726,0.,0.577350269189626));
#8616=DIRECTION('',(0.707106781186548,-0.707106781186548,0.));
#8617=DIRECTION('center_axis',(-1.,0.,6.20965622074207E-17));
#8618=DIRECTION('ref_axis',(6.20965622074207E-17,0.,1.));
#8619=DIRECTION('',(6.20965622074207E-17,0.,1.));
#8620=DIRECTION('',(0.,-1.,0.));
#8621=DIRECTION('',(-6.20965622074207E-17,0.,-1.));
#8622=DIRECTION('center_axis',(0.707106781186548,0.,0.707106781186548));
#8623=DIRECTION('ref_axis',(0.707106781186548,0.,-0.707106781186548));
#8624=DIRECTION('',(0.678598344545847,-0.281084637714822,-0.678598344545847));
#8625=DIRECTION('',(0.,1.,0.));
#8626=DIRECTION('',(-0.678598344545847,-0.281084637714822,0.678598344545847));
#8627=DIRECTION('center_axis',(0.5,-0.5,0.707106781186548));
#8628=DIRECTION('ref_axis',(0.816496580927726,0.,-0.577350269189625));
#8629=DIRECTION('',(0.707106781186548,0.707106781186548,0.));
#8630=DIRECTION('center_axis',(0.5,0.5,0.707106781186548));
#8631=DIRECTION('ref_axis',(0.816496580927726,0.,-0.577350269189625));
#8632=DIRECTION('',(-0.707106781186548,0.707106781186548,0.));
#8633=DIRECTION('center_axis',(-0.5,0.5,0.707106781186548));
#8634=DIRECTION('ref_axis',(0.816496580927726,0.,0.577350269189626));
#8635=DIRECTION('',(-0.707106781186548,-0.707106781186548,0.));
#8636=DIRECTION('center_axis',(0.,1.,0.));
#8637=DIRECTION('ref_axis',(1.,0.,0.));
#8638=DIRECTION('',(2.06988540691402E-17,0.,1.));
#8639=DIRECTION('center_axis',(0.,1.,0.));
#8640=DIRECTION('ref_axis',(-0.912500000000001,0.,-0.409076704298838));
#8641=DIRECTION('center_axis',(0.,-1.,0.));
#8642=DIRECTION('ref_axis',(0.9125,0.,0.40907670429884));
#8643=DIRECTION('center_axis',(0.,1.,0.));
#8644=DIRECTION('ref_axis',(-1.,0.,1.18423789293349E-15));
#8645=DIRECTION('',(-4.69698450163409E-17,0.,1.));
#8646=DIRECTION('center_axis',(0.,-1.,0.));
#8647=DIRECTION('ref_axis',(0.707106781186548,0.,-0.707106781186547));
#8648=DIRECTION('',(1.,0.,0.));
#8649=DIRECTION('center_axis',(0.,-1.,0.));
#8650=DIRECTION('ref_axis',(-0.707106781186548,0.,-0.707106781186548));
#8651=DIRECTION('',(-4.69698450163409E-17,0.,-1.));
#8652=DIRECTION('center_axis',(0.,1.,0.));
#8653=DIRECTION('ref_axis',(0.9125,0.,0.409076704298838));
#8654=DIRECTION('center_axis',(0.,-1.,0.));
#8655=DIRECTION('ref_axis',(-0.9125,0.,-0.409076704298839));
#8656=DIRECTION('center_axis',(0.,1.,0.));
#8657=DIRECTION('ref_axis',(1.,0.,-8.88178419700122E-16));
#8658=DIRECTION('',(-6.20965622074207E-17,0.,-1.));
#8659=DIRECTION('',(0.,0.,1.));
#8660=DIRECTION('center_axis',(0.,1.,0.));
#8661=DIRECTION('ref_axis',(-1.,0.,0.));
#8662=DIRECTION('',(0.,0.,-1.));
#8663=DIRECTION('center_axis',(0.,1.,0.));
#8664=DIRECTION('ref_axis',(1.,0.,0.));
#8665=DIRECTION('center_axis',(0.,-1.,0.));
#8666=DIRECTION('ref_axis',(1.,0.,0.));
#8667=DIRECTION('center_axis',(0.,-1.,0.));
#8668=DIRECTION('ref_axis',(-1.,0.,0.));
#8669=DIRECTION('center_axis',(0.,-1.,0.));
#8670=DIRECTION('ref_axis',(-1.,0.,0.));
#8671=DIRECTION('center_axis',(0.,1.,0.));
#8672=DIRECTION('ref_axis',(-1.,0.,0.));
#8673=DIRECTION('',(0.,0.,-1.));
#8674=DIRECTION('center_axis',(0.,1.,0.));
#8675=DIRECTION('ref_axis',(1.,0.,0.));
#8676=DIRECTION('',(0.,0.,1.));
#8677=DIRECTION('center_axis',(0.707106781186548,0.707106781186548,-1.46363000750798E-17));
#8678=DIRECTION('ref_axis',(-2.06988540691402E-17,0.,-1.));
#8679=DIRECTION('',(-2.06988540691402E-17,0.,-1.));
#8680=DIRECTION('',(-0.707106781186548,0.707106781186547,-3.14018491736754E-15));
#8681=DIRECTION('center_axis',(1.,0.,-2.06988540691402E-17));
#8682=DIRECTION('ref_axis',(-2.06988540691402E-17,0.,-1.));
#8683=DIRECTION('',(2.06988540691402E-17,0.,1.));
#8684=DIRECTION('',(0.,1.,0.));
#8685=DIRECTION('center_axis',(0.,0.,-1.));
#8686=DIRECTION('ref_axis',(-1.,0.,0.));
#8687=DIRECTION('',(0.,0.,-1.));
#8688=DIRECTION('center_axis',(0.,0.,1.));
#8689=DIRECTION('ref_axis',(-1.,0.,0.));
#8690=DIRECTION('center_axis',(0.961143208532284,-6.76186290101911E-16,
-0.276050235812735));
#8691=DIRECTION('ref_axis',(-0.276050235812735,0.,-0.961143208532284));
#8692=DIRECTION('',(-7.03522934042766E-16,-1.,0.));
#8693=DIRECTION('',(0.,1.,0.));
#8694=DIRECTION('center_axis',(-0.961143208532287,4.50790860067942E-16,
-0.276050235812726));
#8695=DIRECTION('ref_axis',(-0.276050235812726,0.,0.961143208532287));
#8696=DIRECTION('',(0.,-1.,0.));
#8697=DIRECTION('',(4.69015289361845E-16,1.,0.));
#8698=DIRECTION('center_axis',(1.,-4.69015289361845E-16,0.));
#8699=DIRECTION('ref_axis',(-4.69015289361845E-16,-1.,0.));
#8700=DIRECTION('',(0.,0.,-1.));
#8701=DIRECTION('',(4.69015289361845E-16,1.,0.));
#8702=DIRECTION('',(0.,0.,-1.));
#8703=DIRECTION('center_axis',(0.5,-0.866025403784439,0.));
#8704=DIRECTION('ref_axis',(-0.866025403784439,-0.5,0.));
#8705=DIRECTION('',(0.,0.,-1.));
#8706=DIRECTION('',(0.866025403784439,0.5,0.));
#8707=DIRECTION('center_axis',(-0.5,-0.866025403784439,0.));
#8708=DIRECTION('ref_axis',(-0.866025403784439,0.5,0.));
#8709=DIRECTION('',(0.,0.,-1.));
#8710=DIRECTION('',(0.866025403784439,-0.5,0.));
#8711=DIRECTION('center_axis',(0.,1.,0.));
#8712=DIRECTION('ref_axis',(1.,0.,0.));
#8713=DIRECTION('center_axis',(0.,1.,0.));
#8714=DIRECTION('ref_axis',(1.,0.,0.));
#8715=DIRECTION('',(0.,1.,0.));
#8716=DIRECTION('center_axis',(0.,-1.,0.));
#8717=DIRECTION('ref_axis',(1.,0.,0.));
#8718=DIRECTION('',(0.,1.,0.));
#8719=DIRECTION('center_axis',(0.5,0.866025403784439,0.));
#8720=DIRECTION('ref_axis',(0.866025403784439,-0.5,0.));
#8721=DIRECTION('',(-0.866025403784439,0.5,0.));
#8722=DIRECTION('',(0.,0.,-1.));
#8723=DIRECTION('center_axis',(-0.499999999999999,0.866025403784439,0.));
#8724=DIRECTION('ref_axis',(0.866025403784439,0.499999999999999,0.));
#8725=DIRECTION('',(-0.866025403784439,-0.499999999999999,0.));
#8726=DIRECTION('',(0.,0.,-1.));
#8727=DIRECTION('center_axis',(-1.,7.03522934042766E-16,0.));
#8728=DIRECTION('ref_axis',(7.03522934042766E-16,1.,0.));
#8729=DIRECTION('',(-7.03522934042766E-16,-1.,0.));
#8730=DIRECTION('center_axis',(0.,0.,1.));
#8731=DIRECTION('ref_axis',(-1.,0.,0.));
#8732=DIRECTION('center_axis',(0.,1.,0.));
#8733=DIRECTION('ref_axis',(-0.912500000000001,0.,-0.409076704298838));
#8734=DIRECTION('',(-0.645234937832722,0.70710678118655,-0.289260911635152));
#8735=DIRECTION('center_axis',(0.,-1.,0.));
#8736=DIRECTION('ref_axis',(-0.912500000000001,0.,-0.409076704298838));
#8737=DIRECTION('center_axis',(0.,-1.,0.));
#8738=DIRECTION('ref_axis',(0.9125,0.,0.40907670429884));
#8739=DIRECTION('',(-0.645234937832721,0.707106781186552,0.289260911635151));
#8740=DIRECTION('center_axis',(0.,1.,0.));
#8741=DIRECTION('ref_axis',(0.9125,0.,0.40907670429884));
#8742=DIRECTION('center_axis',(0.,1.,0.));
#8743=DIRECTION('ref_axis',(-1.,0.,1.18423789293349E-15));
#8744=DIRECTION('',(-0.707106781186549,0.707106781186546,0.));
#8745=DIRECTION('center_axis',(0.,-1.,0.));
#8746=DIRECTION('ref_axis',(-1.,0.,1.18423789293349E-15));
#8747=DIRECTION('center_axis',(0.707106781186548,0.707106781186547,3.32126959223359E-17));
#8748=DIRECTION('ref_axis',(4.69698450163409E-17,0.,-1.));
#8749=DIRECTION('',(-0.707106781186547,0.707106781186548,0.));
#8750=DIRECTION('',(4.69698450163409E-17,0.,-1.));
#8751=DIRECTION('center_axis',(0.,-1.,0.));
#8752=DIRECTION('ref_axis',(0.707106781186548,0.,-0.707106781186547));
#8753=DIRECTION('center_axis',(0.,1.,0.));
#8754=DIRECTION('ref_axis',(0.707106781186548,0.,-0.707106781186547));
#8755=DIRECTION('',(0.,0.707106781186549,0.707106781186546));
#8756=DIRECTION('center_axis',(0.,0.707106781186546,-0.707106781186549));
#8757=DIRECTION('ref_axis',(-1.,0.,0.));
#8758=DIRECTION('',(-7.85046229341889E-16,0.707106781186549,0.707106781186546));
#8759=DIRECTION('',(-1.,0.,0.));
#8760=DIRECTION('center_axis',(0.,-1.,0.));
#8761=DIRECTION('ref_axis',(-0.707106781186548,0.,-0.707106781186548));
#8762=DIRECTION('center_axis',(0.,1.,0.));
#8763=DIRECTION('ref_axis',(-0.707106781186547,0.,-0.707106781186547));
#8764=DIRECTION('',(0.707106781186546,0.707106781186549,0.));
#8765=DIRECTION('center_axis',(-0.707106781186548,0.707106781186548,3.32126959223358E-17));
#8766=DIRECTION('ref_axis',(4.69698450163409E-17,0.,1.));
#8767=DIRECTION('',(0.707106781186544,0.707106781186551,0.));
#8768=DIRECTION('',(4.69698450163409E-17,0.,1.));
#8769=DIRECTION('center_axis',(0.,1.,0.));
#8770=DIRECTION('ref_axis',(0.9125,0.,0.409076704298839));
#8771=DIRECTION('',(0.645234937832723,0.707106781186549,0.289260911635153));
#8772=DIRECTION('center_axis',(0.,-1.,0.));
#8773=DIRECTION('ref_axis',(0.9125,0.,0.409076704298838));
#8774=DIRECTION('center_axis',(0.,-1.,0.));
#8775=DIRECTION('ref_axis',(-0.9125,0.,-0.409076704298839));
#8776=DIRECTION('',(0.645234937832728,0.707106781186544,-0.289260911635154));
#8777=DIRECTION('center_axis',(0.,1.,0.));
#8778=DIRECTION('ref_axis',(-0.9125,0.,-0.409076704298839));
#8779=DIRECTION('center_axis',(0.,1.,0.));
#8780=DIRECTION('ref_axis',(1.,0.,-8.88178419700122E-16));
#8781=DIRECTION('',(0.707106781186546,0.707106781186549,0.));
#8782=DIRECTION('center_axis',(0.,-1.,0.));
#8783=DIRECTION('ref_axis',(1.,0.,-8.88178419700122E-16));
#8784=DIRECTION('center_axis',(-0.707106781186548,0.707106781186548,4.39089002252395E-17));
#8785=DIRECTION('ref_axis',(6.20965622074207E-17,0.,1.));
#8786=DIRECTION('center_axis',(0.,1.,0.));
#8787=DIRECTION('ref_axis',(1.,0.,-8.88178419700122E-16));
#8788=DIRECTION('',(0.,1.,0.));
#8789=DIRECTION('center_axis',(0.,1.,0.));
#8790=DIRECTION('ref_axis',(1.,0.,-8.88178419700122E-16));
#8791=DIRECTION('center_axis',(0.,1.,0.));
#8792=DIRECTION('ref_axis',(-0.9125,0.,-0.409076704298839));
#8793=DIRECTION('',(0.,1.,0.));
#8794=DIRECTION('center_axis',(0.,-1.,0.));
#8795=DIRECTION('ref_axis',(-0.9125,0.,-0.409076704298839));
#8796=DIRECTION('center_axis',(0.,1.,0.));
#8797=DIRECTION('ref_axis',(0.9125,0.,0.409076704298838));
#8798=DIRECTION('',(0.,1.,0.));
#8799=DIRECTION('center_axis',(0.,1.,0.));
#8800=DIRECTION('ref_axis',(0.9125,0.,0.409076704298838));
#8801=DIRECTION('center_axis',(-1.,0.,4.69698450163409E-17));
#8802=DIRECTION('ref_axis',(4.69698450163409E-17,0.,1.));
#8803=DIRECTION('',(0.,1.,0.));
#8804=DIRECTION('',(4.69698450163409E-17,0.,1.));
#8805=DIRECTION('',(-3.3212695922336E-17,0.707106781186543,-0.707106781186552));
#8806=DIRECTION('',(0.,-1.,0.));
#8807=DIRECTION('',(3.32126959223358E-17,0.707106781186549,0.707106781186546));
#8808=DIRECTION('',(-4.69698450163409E-17,0.,-1.));
#8809=DIRECTION('',(0.,1.,0.));
#8810=DIRECTION('',(4.69698450163409E-17,0.,1.));
#8811=DIRECTION('',(-3.32126959223361E-17,0.707106781186542,-0.707106781186553));
#8812=DIRECTION('',(0.,-1.,0.));
#8813=DIRECTION('',(3.32126959223358E-17,0.707106781186549,0.707106781186546));
#8814=DIRECTION('',(-4.69698450163409E-17,0.,-1.));
#8815=DIRECTION('',(0.,1.,0.));
#8816=DIRECTION('',(4.69698450163409E-17,0.,1.));
#8817=DIRECTION('',(-3.3212695922336E-17,0.707106781186543,-0.707106781186552));
#8818=DIRECTION('',(0.,-1.,0.));
#8819=DIRECTION('',(3.32126959223358E-17,0.707106781186549,0.707106781186546));
#8820=DIRECTION('',(-4.69698450163409E-17,0.,-1.));
#8821=DIRECTION('',(0.,1.,0.));
#8822=DIRECTION('',(-4.69698450163409E-17,0.,-1.));
#8823=DIRECTION('center_axis',(0.,1.,0.));
#8824=DIRECTION('ref_axis',(-0.707106781186547,0.,-0.707106781186547));
#8825=DIRECTION('',(0.,-1.,0.));
#8826=DIRECTION('center_axis',(0.,1.,0.));
#8827=DIRECTION('ref_axis',(-0.707106781186547,0.,-0.707106781186547));
#8828=DIRECTION('center_axis',(0.,0.,-1.));
#8829=DIRECTION('ref_axis',(-1.,0.,0.));
#8830=DIRECTION('',(0.,1.,0.));
#8831=DIRECTION('',(-1.,0.,0.));
#8832=DIRECTION('center_axis',(0.,1.,0.));
#8833=DIRECTION('ref_axis',(0.707106781186548,0.,-0.707106781186547));
#8834=DIRECTION('',(0.,-1.,0.));
#8835=DIRECTION('center_axis',(0.,1.,0.));
#8836=DIRECTION('ref_axis',(0.707106781186548,0.,-0.707106781186547));
#8837=DIRECTION('center_axis',(1.,0.,4.69698450163409E-17));
#8838=DIRECTION('ref_axis',(4.69698450163409E-17,0.,-1.));
#8839=DIRECTION('',(0.,1.,0.));
#8840=DIRECTION('',(-4.69698450163409E-17,0.,1.));
#8841=DIRECTION('',(0.,-1.,0.));
#8842=DIRECTION('',(-4.69698450163409E-17,0.,1.));
#8843=DIRECTION('',(3.32126959223358E-17,-0.707106781186549,-0.707106781186546));
#8844=DIRECTION('',(0.,1.,0.));
#8845=DIRECTION('',(-3.3212695922336E-17,-0.707106781186543,0.707106781186552));
#8846=DIRECTION('',(4.69698450163409E-17,0.,-1.));
#8847=DIRECTION('',(0.,-1.,0.));
#8848=DIRECTION('',(-4.69698450163409E-17,0.,1.));
#8849=DIRECTION('',(3.32126959223358E-17,-0.707106781186549,-0.707106781186546));
#8850=DIRECTION('',(0.,1.,0.));
#8851=DIRECTION('',(-3.32126959223361E-17,-0.707106781186542,0.707106781186553));
#8852=DIRECTION('',(4.69698450163409E-17,0.,-1.));
#8853=DIRECTION('',(0.,-1.,0.));
#8854=DIRECTION('',(-4.69698450163409E-17,0.,1.));
#8855=DIRECTION('',(3.32126959223358E-17,-0.707106781186549,-0.707106781186546));
#8856=DIRECTION('',(0.,1.,0.));
#8857=DIRECTION('',(-3.3212695922336E-17,-0.707106781186543,0.707106781186552));
#8858=DIRECTION('',(4.69698450163409E-17,0.,-1.));
#8859=DIRECTION('center_axis',(0.,1.,0.));
#8860=DIRECTION('ref_axis',(-1.,0.,1.18423789293349E-15));
#8861=DIRECTION('',(0.,1.,0.));
#8862=DIRECTION('center_axis',(0.,1.,0.));
#8863=DIRECTION('ref_axis',(-1.,0.,1.18423789293349E-15));
#8864=DIRECTION('center_axis',(0.,1.,0.));
#8865=DIRECTION('ref_axis',(0.9125,0.,0.40907670429884));
#8866=DIRECTION('',(0.,1.,0.));
#8867=DIRECTION('center_axis',(0.,-1.,0.));
#8868=DIRECTION('ref_axis',(0.9125,0.,0.40907670429884));
#8869=DIRECTION('center_axis',(0.,1.,0.));
#8870=DIRECTION('ref_axis',(-0.912500000000001,0.,-0.409076704298838));
#8871=DIRECTION('center_axis',(0.,1.,0.));
#8872=DIRECTION('ref_axis',(-0.912500000000001,0.,-0.409076704298838));
#8873=DIRECTION('center_axis',(-0.707106781186548,-0.707106781186548,4.39089002252395E-17));
#8874=DIRECTION('ref_axis',(6.20965622074207E-17,0.,1.));
#8875=DIRECTION('',(0.707106781186547,-0.707106781186547,0.));
#8876=DIRECTION('',(6.20965622074207E-17,0.,1.));
#8877=DIRECTION('center_axis',(0.,-1.,0.));
#8878=DIRECTION('ref_axis',(1.,0.,-8.88178419700122E-16));
#8879=DIRECTION('',(0.645234937832723,-0.70710678118655,-0.28926091163515));
#8880=DIRECTION('center_axis',(0.,-1.,0.));
#8881=DIRECTION('ref_axis',(1.,0.,-8.88178419700122E-16));
#8882=DIRECTION('center_axis',(0.,1.,0.));
#8883=DIRECTION('ref_axis',(-0.9125,0.,-0.409076704298839));
#8884=DIRECTION('',(0.645234937832723,-0.70710678118655,0.289260911635152));
#8885=DIRECTION('center_axis',(0.,1.,0.));
#8886=DIRECTION('ref_axis',(-0.9125,0.,-0.409076704298839));
#8887=DIRECTION('center_axis',(0.,-1.,0.));
#8888=DIRECTION('ref_axis',(0.9125,0.,0.409076704298839));
#8889=DIRECTION('',(0.707106781186544,-0.707106781186551,3.14018491736756E-15));
#8890=DIRECTION('center_axis',(0.,-1.,0.));
#8891=DIRECTION('ref_axis',(0.9125,0.,0.409076704298838));
#8892=DIRECTION('center_axis',(-0.707106781186548,-0.707106781186548,3.32126959223358E-17));
#8893=DIRECTION('ref_axis',(4.69698450163409E-17,0.,1.));
#8894=DIRECTION('',(0.707106781186547,-0.707106781186547,0.));
#8895=DIRECTION('',(4.69698450163409E-17,0.,1.));
#8896=DIRECTION('center_axis',(0.,1.,0.));
#8897=DIRECTION('ref_axis',(-0.707106781186548,0.,-0.707106781186548));
#8898=DIRECTION('center_axis',(0.,-1.,0.));
#8899=DIRECTION('ref_axis',(-0.707106781186547,0.,-0.707106781186547));
#8900=DIRECTION('',(-7.85046229341889E-16,-0.707106781186549,0.707106781186546));
#8901=DIRECTION('center_axis',(0.,1.,0.));
#8902=DIRECTION('ref_axis',(-0.707106781186548,0.,-0.707106781186548));
#8903=DIRECTION('center_axis',(0.,-0.707106781186546,-0.707106781186549));
#8904=DIRECTION('ref_axis',(-1.,0.,0.));
#8905=DIRECTION('',(0.,-0.707106781186549,0.707106781186546));
#8906=DIRECTION('',(-1.,0.,0.));
#8907=DIRECTION('',(1.,0.,0.));
#8908=DIRECTION('center_axis',(0.,1.,0.));
#8909=DIRECTION('ref_axis',(0.707106781186548,0.,-0.707106781186547));
#8910=DIRECTION('center_axis',(0.,-1.,0.));
#8911=DIRECTION('ref_axis',(0.707106781186548,0.,-0.707106781186547));
#8912=DIRECTION('',(-0.707106781186547,-0.707106781186548,0.));
#8913=DIRECTION('center_axis',(0.,1.,0.));
#8914=DIRECTION('ref_axis',(0.707106781186548,0.,-0.707106781186547));
#8915=DIRECTION('center_axis',(0.707106781186548,-0.707106781186547,3.32126959223359E-17));
#8916=DIRECTION('ref_axis',(4.69698450163409E-17,0.,-1.));
#8917=DIRECTION('',(-0.707106781186547,-0.707106781186548,0.));
#8918=DIRECTION('',(4.69698450163409E-17,0.,-1.));
#8919=DIRECTION('center_axis',(0.,-1.,0.));
#8920=DIRECTION('ref_axis',(-1.,0.,1.18423789293349E-15));
#8921=DIRECTION('',(-0.645234937832726,-0.707106781186546,0.289260911635155));
#8922=DIRECTION('center_axis',(0.,-1.,0.));
#8923=DIRECTION('ref_axis',(-1.,0.,1.18423789293349E-15));
#8924=DIRECTION('center_axis',(0.,1.,0.));
#8925=DIRECTION('ref_axis',(0.9125,0.,0.40907670429884));
#8926=DIRECTION('',(-0.645234937832724,-0.707106781186547,-0.289260911635154));
#8927=DIRECTION('center_axis',(0.,1.,0.));
#8928=DIRECTION('ref_axis',(0.9125,0.,0.40907670429884));
#8929=DIRECTION('center_axis',(0.,-1.,0.));
#8930=DIRECTION('ref_axis',(-0.912500000000001,0.,-0.409076704298838));
#8931=DIRECTION('',(-0.707106781186545,-0.70710678118655,-3.14018491736756E-15));
#8932=DIRECTION('center_axis',(0.,-1.,0.));
#8933=DIRECTION('ref_axis',(-0.912500000000001,0.,-0.409076704298838));
#8934=DIRECTION('center_axis',(0.707106781186548,-0.707106781186548,-1.46363000750798E-17));
#8935=DIRECTION('ref_axis',(-2.06988540691402E-17,0.,-1.));
#8936=DIRECTION('',(-2.06988540691402E-17,0.,-1.));
#8937=DIRECTION('center_axis',(0.,1.,0.));
#8938=DIRECTION('ref_axis',(0.707106781186548,0.,-0.707106781186547));
#8939=DIRECTION('',(0.,1.,0.));
#8940=DIRECTION('center_axis',(0.,-1.,0.));
#8941=DIRECTION('ref_axis',(0.707106781186548,0.,-0.707106781186547));
#8942=DIRECTION('center_axis',(0.,0.,-1.));
#8943=DIRECTION('ref_axis',(-1.,0.,0.));
#8944=DIRECTION('',(0.,-1.,0.));
#8945=DIRECTION('',(1.,0.,0.));
#8946=DIRECTION('center_axis',(0.,1.,0.));
#8947=DIRECTION('ref_axis',(-0.707106781186547,0.,-0.707106781186547));
#8948=DIRECTION('center_axis',(0.,-1.,0.));
#8949=DIRECTION('ref_axis',(-0.707106781186547,0.,-0.707106781186547));
#8950=DIRECTION('center_axis',(0.,-1.,0.));
#8951=DIRECTION('ref_axis',(-1.,0.,0.));
#8952=DIRECTION('',(-0.707106781186547,-0.707106781186547,0.));
#8953=DIRECTION('center_axis',(0.,-1.,0.));
#8954=DIRECTION('ref_axis',(-1.,0.,0.));
#8955=DIRECTION('',(-0.707106781186547,0.707106781186547,0.));
#8956=DIRECTION('center_axis',(0.,1.,0.));
#8957=DIRECTION('ref_axis',(-1.,0.,0.));
#8958=DIRECTION('center_axis',(0.707106781186548,-0.707106781186547,0.));
#8959=DIRECTION('ref_axis',(0.,0.,-1.));
#8960=DIRECTION('',(-0.707106781186547,-0.707106781186548,0.));
#8961=DIRECTION('',(0.,0.,-1.));
#8962=DIRECTION('',(0.,0.,1.));
#8963=DIRECTION('center_axis',(0.,-1.,0.));
#8964=DIRECTION('ref_axis',(1.,0.,0.));
#8965=DIRECTION('',(0.707106781186546,-0.707106781186549,0.));
#8966=DIRECTION('center_axis',(0.,-1.,0.));
#8967=DIRECTION('ref_axis',(1.,0.,0.));
#8968=DIRECTION('center_axis',(-0.707106781186548,-0.707106781186547,0.));
#8969=DIRECTION('ref_axis',(0.,0.,1.));
#8970=DIRECTION('',(0.,0.,1.));
#8971=DIRECTION('',(0.,0.,-1.));
#8972=DIRECTION('center_axis',(-1.,0.,0.));
#8973=DIRECTION('ref_axis',(0.,0.,1.));
#8974=DIRECTION('',(0.,1.,0.));
#8975=DIRECTION('',(0.,0.,-1.));
#8976=DIRECTION('center_axis',(0.,1.,0.));
#8977=DIRECTION('ref_axis',(-1.,0.,0.));
#8978=DIRECTION('',(0.,1.,0.));
#8979=DIRECTION('center_axis',(0.,-1.,0.));
#8980=DIRECTION('ref_axis',(-1.,0.,0.));
#8981=DIRECTION('center_axis',(0.,1.,0.));
#8982=DIRECTION('ref_axis',(1.,0.,0.));
#8983=DIRECTION('center_axis',(0.,-1.,0.));
#8984=DIRECTION('ref_axis',(1.,0.,0.));
#8985=DIRECTION('',(0.,0.,1.));
#8986=DIRECTION('center_axis',(0.,-1.,0.));
#8987=DIRECTION('ref_axis',(-1.,0.,0.));
#8988=DIRECTION('',(0.,0.,-1.));
#8989=DIRECTION('',(0.499999516070497,0.,-0.866025683181088));
#8990=DIRECTION('',(-0.500000483929347,0.,-0.86602512438752));
#8991=DIRECTION('',(-0.999999999999844,0.,5.5879356769002E-7));
#8992=DIRECTION('',(-0.499999516070497,0.,0.866025683181087));
#8993=DIRECTION('',(0.500000483929347,0.,0.866025124387519));
#8994=DIRECTION('',(0.999999999999844,0.,-5.5879356769002E-7));
#8995=DIRECTION('',(-0.999999999999844,0.,-5.5879356769002E-7));
#8996=DIRECTION('',(-0.500000483929347,0.,0.86602512438752));
#8997=DIRECTION('',(0.499999516070497,0.,0.866025683181088));
#8998=DIRECTION('',(0.999999999999844,0.,5.5879356769002E-7));
#8999=DIRECTION('',(0.500000483929347,0.,-0.866025124387519));
#9000=DIRECTION('',(-0.499999516070497,0.,-0.866025683181087));
#9001=DIRECTION('center_axis',(0.,1.,0.));
#9002=DIRECTION('ref_axis',(1.,0.,0.));
#9003=DIRECTION('center_axis',(0.707106781186548,0.707106781186547,0.));
#9004=DIRECTION('ref_axis',(0.,0.,-1.));
#9005=DIRECTION('',(-0.707106781186547,0.707106781186548,0.));
#9006=DIRECTION('',(0.707106781186547,-0.707106781186548,0.));
#9007=DIRECTION('',(0.,0.,-1.));
#9008=DIRECTION('center_axis',(0.,1.,0.));
#9009=DIRECTION('ref_axis',(-1.,0.,0.));
#9010=DIRECTION('',(0.707106781186546,0.707106781186549,0.));
#9011=DIRECTION('center_axis',(0.,-1.,0.));
#9012=DIRECTION('ref_axis',(-1.,0.,0.));
#9013=DIRECTION('center_axis',(-0.707106781186548,0.707106781186547,0.));
#9014=DIRECTION('ref_axis',(0.,0.,1.));
#9015=DIRECTION('',(0.707106781186547,0.707106781186548,0.));
#9016=DIRECTION('',(0.,0.,1.));
#9017=DIRECTION('center_axis',(0.,1.,0.));
#9018=DIRECTION('ref_axis',(1.,0.,0.));
#9019=DIRECTION('center_axis',(0.,-1.,0.));
#9020=DIRECTION('ref_axis',(1.,0.,0.));
#9021=DIRECTION('center_axis',(0.,1.,0.));
#9022=DIRECTION('ref_axis',(-1.,0.,0.));
#9023=DIRECTION('',(0.,1.,0.));
#9024=DIRECTION('center_axis',(0.,1.,0.));
#9025=DIRECTION('ref_axis',(-1.,0.,0.));
#9026=DIRECTION('',(0.,1.,0.));
#9027=DIRECTION('center_axis',(-1.,0.,0.));
#9028=DIRECTION('ref_axis',(0.,0.,1.));
#9029=DIRECTION('',(0.,1.,0.));
#9030=DIRECTION('',(0.,0.,1.));
#9031=DIRECTION('center_axis',(0.,1.,0.));
#9032=DIRECTION('ref_axis',(-1.,0.,0.));
#9033=DIRECTION('',(0.707106781186547,0.707106781186547,0.));
#9034=DIRECTION('',(0.707106781186547,-0.707106781186547,0.));
#9035=DIRECTION('center_axis',(-0.707106781186548,0.707106781186547,0.));
#9036=DIRECTION('ref_axis',(0.,0.,1.));
#9037=DIRECTION('',(0.707106781186547,0.707106781186548,0.));
#9038=DIRECTION('',(0.,0.,1.));
#9039=DIRECTION('center_axis',(0.,1.,0.));
#9040=DIRECTION('ref_axis',(1.,0.,0.));
#9041=DIRECTION('',(-0.707106781186546,0.707106781186549,0.));
#9042=DIRECTION('center_axis',(0.707106781186548,0.707106781186547,0.));
#9043=DIRECTION('ref_axis',(0.,0.,-1.));
#9044=DIRECTION('center_axis',(1.,0.,0.));
#9045=DIRECTION('ref_axis',(0.,0.,-1.));
#9046=DIRECTION('center_axis',(0.,-1.,0.));
#9047=DIRECTION('ref_axis',(1.,0.,0.));
#9048=DIRECTION('',(0.707106781186547,-0.707106781186547,1.57009245868377E-15));
#9049=DIRECTION('',(0.707106781186547,0.707106781186547,0.));
#9050=DIRECTION('center_axis',(0.,1.,0.));
#9051=DIRECTION('ref_axis',(1.,0.,0.));
#9052=DIRECTION('center_axis',(-0.707106781186548,-0.707106781186547,0.));
#9053=DIRECTION('ref_axis',(0.,0.,1.));
#9054=DIRECTION('',(0.707106781186547,-0.707106781186548,0.));
#9055=DIRECTION('',(0.,0.,-1.));
#9056=DIRECTION('center_axis',(0.,-1.,0.));
#9057=DIRECTION('ref_axis',(-1.,0.,0.));
#9058=DIRECTION('',(-0.707106781186546,-0.707106781186549,0.));
#9059=DIRECTION('center_axis',(0.707106781186548,-0.707106781186547,0.));
#9060=DIRECTION('ref_axis',(0.,0.,-1.));
#9061=DIRECTION('center_axis',(1.,0.,0.));
#9062=DIRECTION('ref_axis',(0.,0.,-1.));
#9063=DIRECTION('',(0.,1.,0.));
#9064=DIRECTION('center_axis',(0.,1.,0.));
#9065=DIRECTION('ref_axis',(1.,0.,0.));
#9066=DIRECTION('center_axis',(0.,0.707106781186546,-0.707106781186549));
#9067=DIRECTION('ref_axis',(-1.,0.,0.));
#9068=DIRECTION('',(1.,0.,0.));
#9069=DIRECTION('',(-1.,0.,0.));
#9070=DIRECTION('center_axis',(0.,0.,1.));
#9071=DIRECTION('ref_axis',(0.,-1.,0.));
#9072=DIRECTION('',(-1.,0.,0.));
#9073=DIRECTION('center_axis',(0.,-0.707106781186552,-0.707106781186543));
#9074=DIRECTION('ref_axis',(-1.,0.,0.));
#9075=DIRECTION('',(1.,0.,0.));
#9076=DIRECTION('center_axis',(0.,1.,0.));
#9077=DIRECTION('ref_axis',(0.,0.,1.));
#9078=DIRECTION('center_axis',(0.,1.,0.));
#9079=DIRECTION('ref_axis',(-0.707106781186547,0.,-0.707106781186547));
#9080=DIRECTION('',(-1.,0.,0.));
#9081=DIRECTION('center_axis',(0.,1.,0.));
#9082=DIRECTION('ref_axis',(0.707106781186548,0.,-0.707106781186547));
#9083=DIRECTION('center_axis',(0.,-1.,0.));
#9084=DIRECTION('ref_axis',(-1.,0.,0.));
#9085=DIRECTION('center_axis',(0.,-1.,0.));
#9086=DIRECTION('ref_axis',(-1.,0.,0.));
#9087=DIRECTION('center_axis',(0.,-0.707106781186553,-0.707106781186542));
#9088=DIRECTION('ref_axis',(-1.,0.,0.));
#9089=DIRECTION('',(1.,0.,0.));
#9090=DIRECTION('',(-1.,0.,0.));
#9091=DIRECTION('center_axis',(0.,1.,0.));
#9092=DIRECTION('ref_axis',(0.,0.,1.));
#9093=DIRECTION('center_axis',(0.,1.,0.));
#9094=DIRECTION('ref_axis',(-0.707106781186547,0.,-0.707106781186547));
#9095=DIRECTION('',(-1.,0.,0.));
#9096=DIRECTION('center_axis',(0.,1.,0.));
#9097=DIRECTION('ref_axis',(0.707106781186548,0.,-0.707106781186547));
#9098=DIRECTION('center_axis',(0.,-1.,0.));
#9099=DIRECTION('ref_axis',(-1.,0.,0.));
#9100=DIRECTION('center_axis',(0.,-1.,0.));
#9101=DIRECTION('ref_axis',(-1.,0.,0.));
#9102=DIRECTION('center_axis',(0.,0.707106781186546,-0.707106781186549));
#9103=DIRECTION('ref_axis',(-1.,0.,0.));
#9104=DIRECTION('',(1.,0.,0.));
#9105=DIRECTION('',(-1.,0.,0.));
#9106=DIRECTION('center_axis',(0.,0.,1.));
#9107=DIRECTION('ref_axis',(0.,-1.,0.));
#9108=DIRECTION('center_axis',(0.,0.707106781186546,-0.707106781186549));
#9109=DIRECTION('ref_axis',(-1.,0.,0.));
#9110=DIRECTION('',(1.,0.,0.));
#9111=DIRECTION('',(-1.,0.,0.));
#9112=DIRECTION('center_axis',(0.,0.,1.));
#9113=DIRECTION('ref_axis',(0.,-1.,0.));
#9114=DIRECTION('',(-1.,0.,0.));
#9115=DIRECTION('center_axis',(0.,-0.707106781186552,-0.707106781186543));
#9116=DIRECTION('ref_axis',(-1.,0.,0.));
#9117=DIRECTION('',(1.,0.,0.));
#9118=DIRECTION('center_axis',(0.,1.,0.));
#9119=DIRECTION('ref_axis',(0.,0.,1.));
#9120=DIRECTION('center_axis',(0.,-1.,0.));
#9121=DIRECTION('ref_axis',(-1.,0.,0.));
#9122=DIRECTION('center_axis',(0.,-1.,0.));
#9123=DIRECTION('ref_axis',(-1.,0.,0.));
#9124=DIRECTION('center_axis',(0.,-1.,0.));
#9125=DIRECTION('ref_axis',(0.,0.,-1.));
#9126=DIRECTION('center_axis',(0.,1.,0.));
#9127=DIRECTION('ref_axis',(-1.,0.,0.));
#9128=DIRECTION('center_axis',(0.,1.,0.));
#9129=DIRECTION('ref_axis',(-1.,0.,0.));
#9130=DIRECTION('center_axis',(0.,-1.,0.));
#9131=DIRECTION('ref_axis',(0.,0.,-1.));
#9132=DIRECTION('center_axis',(0.,-1.,0.));
#9133=DIRECTION('ref_axis',(0.707106781186548,0.,-0.707106781186547));
#9134=DIRECTION('',(1.,0.,0.));
#9135=DIRECTION('center_axis',(0.,-1.,0.));
#9136=DIRECTION('ref_axis',(-0.707106781186547,0.,-0.707106781186547));
#9137=DIRECTION('center_axis',(0.,1.,0.));
#9138=DIRECTION('ref_axis',(-1.,0.,0.));
#9139=DIRECTION('center_axis',(0.,1.,0.));
#9140=DIRECTION('ref_axis',(-1.,0.,0.));
#9141=DIRECTION('center_axis',(0.,-1.,0.));
#9142=DIRECTION('ref_axis',(0.,0.,-1.));
#9143=DIRECTION('center_axis',(0.,-1.,0.));
#9144=DIRECTION('ref_axis',(0.707106781186548,0.,-0.707106781186547));
#9145=DIRECTION('',(1.,0.,0.));
#9146=DIRECTION('center_axis',(0.,-1.,0.));
#9147=DIRECTION('ref_axis',(-0.707106781186547,0.,-0.707106781186547));
#9148=DIRECTION('center_axis',(0.,1.,0.));
#9149=DIRECTION('ref_axis',(-1.,0.,0.));
#9150=DIRECTION('center_axis',(0.,1.,0.));
#9151=DIRECTION('ref_axis',(-1.,0.,0.));
#9152=DIRECTION('center_axis',(0.,1.,0.));
#9153=DIRECTION('ref_axis',(-0.707106781186547,0.,-0.707106781186547));
#9154=DIRECTION('',(0.,-1.,0.));
#9155=DIRECTION('center_axis',(0.,1.,0.));
#9156=DIRECTION('ref_axis',(-0.707106781186547,0.,-0.707106781186547));
#9157=DIRECTION('',(0.,-1.,0.));
#9158=DIRECTION('center_axis',(0.,0.,-1.));
#9159=DIRECTION('ref_axis',(-1.,0.,0.));
#9160=DIRECTION('',(0.,1.,0.));
#9161=DIRECTION('center_axis',(0.,0.,-1.));
#9162=DIRECTION('ref_axis',(-1.,0.,0.));
#9163=DIRECTION('',(0.,1.,0.));
#9164=DIRECTION('center_axis',(0.,1.,0.));
#9165=DIRECTION('ref_axis',(0.707106781186548,0.,-0.707106781186547));
#9166=DIRECTION('center_axis',(0.,1.,0.));
#9167=DIRECTION('ref_axis',(0.707106781186548,0.,-0.707106781186547));
#9168=DIRECTION('center_axis',(0.,-1.,0.));
#9169=DIRECTION('ref_axis',(-1.,0.,0.));
#9170=DIRECTION('',(0.,-1.,0.));
#9171=DIRECTION('center_axis',(0.,-1.,0.));
#9172=DIRECTION('ref_axis',(-1.,0.,0.));
#9173=DIRECTION('',(0.,-1.,0.));
#9174=DIRECTION('center_axis',(0.,-1.,0.));
#9175=DIRECTION('ref_axis',(-1.,0.,0.));
#9176=DIRECTION('center_axis',(0.,1.,0.));
#9177=DIRECTION('ref_axis',(-1.,0.,0.));
#9178=DIRECTION('',(0.,-1.,0.));
#9179=DIRECTION('center_axis',(0.,-1.,0.));
#9180=DIRECTION('ref_axis',(-1.,0.,0.));
#9181=DIRECTION('',(0.,-1.,0.));
#9182=DIRECTION('center_axis',(0.,-1.,0.));
#9183=DIRECTION('ref_axis',(-1.,0.,0.));
#9184=DIRECTION('',(0.,-1.,0.));
#9185=DIRECTION('center_axis',(0.,-1.,0.));
#9186=DIRECTION('ref_axis',(-1.,0.,0.));
#9187=DIRECTION('center_axis',(0.,1.,0.));
#9188=DIRECTION('ref_axis',(-1.,0.,0.));
#9189=DIRECTION('',(0.,-1.,0.));
#9190=DIRECTION('center_axis',(0.866025683181087,0.,0.499999516070497));
#9191=DIRECTION('ref_axis',(0.499999516070497,0.,-0.866025683181088));
#9192=DIRECTION('',(0.,1.,0.));
#9193=DIRECTION('',(0.499999516070497,0.,-0.866025683181088));
#9194=DIRECTION('',(0.,1.,0.));
#9195=DIRECTION('center_axis',(5.5879356769002E-7,0.,0.999999999999844));
#9196=DIRECTION('ref_axis',(0.999999999999844,0.,-5.5879356769002E-7));
#9197=DIRECTION('',(0.,1.,0.));
#9198=DIRECTION('',(0.999999999999844,0.,-5.5879356769002E-7));
#9199=DIRECTION('center_axis',(-0.86602512438752,0.,0.500000483929347));
#9200=DIRECTION('ref_axis',(0.500000483929347,0.,0.866025124387519));
#9201=DIRECTION('',(0.,1.,0.));
#9202=DIRECTION('',(0.500000483929347,0.,0.866025124387519));
#9203=DIRECTION('center_axis',(-0.866025683181087,0.,-0.499999516070497));
#9204=DIRECTION('ref_axis',(-0.499999516070497,0.,0.866025683181087));
#9205=DIRECTION('',(0.,1.,0.));
#9206=DIRECTION('',(-0.499999516070497,0.,0.866025683181087));
#9207=DIRECTION('center_axis',(-5.5879356769002E-7,0.,-0.999999999999844));
#9208=DIRECTION('ref_axis',(-0.999999999999844,0.,5.5879356769002E-7));
#9209=DIRECTION('',(0.,1.,0.));
#9210=DIRECTION('',(-0.999999999999844,0.,5.5879356769002E-7));
#9211=DIRECTION('center_axis',(0.86602512438752,0.,-0.500000483929347));
#9212=DIRECTION('ref_axis',(-0.500000483929347,0.,-0.86602512438752));
#9213=DIRECTION('',(-0.500000483929347,0.,-0.86602512438752));
#9214=DIRECTION('center_axis',(0.,-1.,0.));
#9215=DIRECTION('ref_axis',(1.,0.,0.));
#9216=DIRECTION('center_axis',(0.,-1.,0.));
#9217=DIRECTION('ref_axis',(-1.,0.,0.));
#9218=DIRECTION('center_axis',(5.5879356769002E-7,0.,-0.999999999999844));
#9219=DIRECTION('ref_axis',(-0.999999999999844,0.,-5.5879356769002E-7));
#9220=DIRECTION('',(0.,1.,0.));
#9221=DIRECTION('',(-0.999999999999844,0.,-5.5879356769002E-7));
#9222=DIRECTION('',(0.,1.,0.));
#9223=DIRECTION('center_axis',(0.866025683181087,0.,-0.499999516070497));
#9224=DIRECTION('ref_axis',(-0.499999516070497,0.,-0.866025683181087));
#9225=DIRECTION('',(0.,1.,0.));
#9226=DIRECTION('',(-0.499999516070497,0.,-0.866025683181087));
#9227=DIRECTION('center_axis',(0.86602512438752,0.,0.500000483929347));
#9228=DIRECTION('ref_axis',(0.500000483929347,0.,-0.866025124387519));
#9229=DIRECTION('',(0.,1.,0.));
#9230=DIRECTION('',(0.500000483929347,0.,-0.866025124387519));
#9231=DIRECTION('center_axis',(-5.5879356769002E-7,0.,0.999999999999844));
#9232=DIRECTION('ref_axis',(0.999999999999844,0.,5.5879356769002E-7));
#9233=DIRECTION('',(0.,1.,0.));
#9234=DIRECTION('',(0.999999999999844,0.,5.5879356769002E-7));
#9235=DIRECTION('center_axis',(-0.866025683181087,0.,0.499999516070497));
#9236=DIRECTION('ref_axis',(0.499999516070497,0.,0.866025683181088));
#9237=DIRECTION('',(0.,1.,0.));
#9238=DIRECTION('',(0.499999516070497,0.,0.866025683181088));
#9239=DIRECTION('center_axis',(-0.86602512438752,0.,-0.500000483929347));
#9240=DIRECTION('ref_axis',(-0.500000483929347,0.,0.86602512438752));
#9241=DIRECTION('',(-0.500000483929347,0.,0.86602512438752));
#9242=DIRECTION('center_axis',(0.,-1.,0.));
#9243=DIRECTION('ref_axis',(1.,0.,0.));
#9244=DIRECTION('center_axis',(0.,-1.,0.));
#9245=DIRECTION('ref_axis',(-1.,0.,0.));
#9246=DIRECTION('center_axis',(0.,-1.,0.));
#9247=DIRECTION('ref_axis',(-1.,0.,0.));
#9248=DIRECTION('',(0.,-1.,0.));
#9249=DIRECTION('center_axis',(0.,-1.,0.));
#9250=DIRECTION('ref_axis',(-1.,0.,0.));
#9251=DIRECTION('center_axis',(0.,1.,0.));
#9252=DIRECTION('ref_axis',(-1.,0.,0.));
#9253=DIRECTION('center_axis',(0.,-1.,0.));
#9254=DIRECTION('ref_axis',(-1.,0.,0.));
#9255=DIRECTION('',(0.,-1.,0.));
#9256=DIRECTION('center_axis',(0.,-1.,0.));
#9257=DIRECTION('ref_axis',(-1.,0.,0.));
#9258=DIRECTION('center_axis',(0.,1.,0.));
#9259=DIRECTION('ref_axis',(-1.,0.,0.));
#9260=DIRECTION('center_axis',(0.,-1.,0.));
#9261=DIRECTION('ref_axis',(-1.,0.,0.));
#9262=DIRECTION('',(0.,-1.,0.));
#9263=DIRECTION('center_axis',(0.,-1.,0.));
#9264=DIRECTION('ref_axis',(-1.,0.,0.));
#9265=DIRECTION('',(0.,-1.,0.));
#9266=DIRECTION('center_axis',(0.,1.,0.));
#9267=DIRECTION('ref_axis',(1.,0.,0.));
#9268=DIRECTION('',(0.,-1.,0.));
#9269=DIRECTION('center_axis',(0.,1.,0.));
#9270=DIRECTION('ref_axis',(1.,0.,0.));
#9271=DIRECTION('center_axis',(0.,-1.,0.));
#9272=DIRECTION('ref_axis',(1.,0.,0.));
#9273=DIRECTION('center_axis',(0.,1.,0.));
#9274=DIRECTION('ref_axis',(1.,0.,0.));
#9275=DIRECTION('center_axis',(0.,1.,0.));
#9276=DIRECTION('ref_axis',(1.,0.,0.));
#9277=DIRECTION('',(0.,1.,0.));
#9278=DIRECTION('center_axis',(0.,1.,0.));
#9279=DIRECTION('ref_axis',(1.,0.,0.));
#9280=DIRECTION('center_axis',(0.,-1.,0.));
#9281=DIRECTION('ref_axis',(1.,0.,0.));
#9282=DIRECTION('center_axis',(0.,-1.,0.));
#9283=DIRECTION('ref_axis',(1.,0.,0.));
#9284=DIRECTION('center_axis',(0.,1.,0.));
#9285=DIRECTION('ref_axis',(1.,0.,0.));
#9286=DIRECTION('',(0.,-1.,0.));
#9287=DIRECTION('',(0.,0.,1.));
#9288=DIRECTION('',(1.,0.,0.));
#9289=DIRECTION('',(0.,0.,1.));
#9290=DIRECTION('',(1.,0.,0.));
#9291=DIRECTION('',(0.,0.,1.));
#9292=DIRECTION('',(1.,0.,0.));
#9293=DIRECTION('',(-1.06168105877481E-47,-1.,-7.78563534857329E-17));
#9294=DIRECTION('',(1.,-2.32702561809886E-63,1.27503637884922E-31));
#9295=CARTESIAN_POINT('',(0.,0.,0.));
#9296=CARTESIAN_POINT('',(0.,0.,0.));
#9297=CARTESIAN_POINT('',(0.,0.,0.));
#9298=CARTESIAN_POINT('Origin',(-1.013278962958E-6,0.0421513975236115,35.4429923010656));
#9299=CARTESIAN_POINT('',(2.45050000000005,-3.00099698131059E-16,35.4429923010656));
#9300=CARTESIAN_POINT('Origin',(5.27955086357928E-14,0.,35.4429923010656));
#9301=CARTESIAN_POINT('Origin',(-2.54206361393097E-14,0.,-4.49999999999957));
#9302=CARTESIAN_POINT('',(4.24999999999996,-5.20474889637623E-16,-4.49999999999958));
#9303=CARTESIAN_POINT('Origin',(-2.54206361393097E-14,0.,-4.49999999999957));
#9304=CARTESIAN_POINT('',(3.74999999999996,-4.59242549680256E-16,-4.99999999999957));
#9305=CARTESIAN_POINT('Origin',(3.74999999999996,-4.59242549680256E-16,
-4.49999999999957));
#9306=CARTESIAN_POINT('Origin',(-2.63997333509753E-14,0.,-4.99999999999957));
#9307=CARTESIAN_POINT('Origin',(-4.25000000000001,0.,-4.99999999999956));
#9308=CARTESIAN_POINT('',(-2.,-1.15470053837925,-5.));
#9309=CARTESIAN_POINT('',(-2.,1.15470053837925,-5.));
#9310=CARTESIAN_POINT('',(-2.,-0.577350269189625,-4.99999999999956));
#9311=CARTESIAN_POINT('',(-4.81385764583564E-16,-2.3094010767585,-5.));
#9312=CARTESIAN_POINT('',(-2.09375,-1.10057395064272,-4.99999999999956));
#9313=CARTESIAN_POINT('',(2.,-1.15470053837925,-5.));
#9314=CARTESIAN_POINT('',(-0.093750000000004,-2.36352766449503,-4.99999999999957));
#9315=CARTESIAN_POINT('',(2.,1.15470053837925,-5.));
#9316=CARTESIAN_POINT('',(2.,0.577350269189625,-4.99999999999957));
#9317=CARTESIAN_POINT('',(1.66656766153242E-15,2.3094010767585,-5.));
#9318=CARTESIAN_POINT('',(-1.09375,2.94087793368466,-4.99999999999957));
#9319=CARTESIAN_POINT('',(-3.09375,0.523223681453098,-4.99999999999956));
#9320=CARTESIAN_POINT('Origin',(-2.15042472926468E-14,0.,-2.4999999999992));
#9321=CARTESIAN_POINT('',(4.24999999999997,-5.20474889637623E-16,1.16046061648944E-12));
#9322=CARTESIAN_POINT('Origin',(-1.66087612343184E-14,0.,1.16527911208543E-12));
#9323=CARTESIAN_POINT('',(4.24999999999996,-5.20474889637623E-16,-2.49999999999921));
#9324=CARTESIAN_POINT('Origin',(-2.,1.15470053837925,-2.5));
#9325=CARTESIAN_POINT('',(-2.,1.15470053837925,-2.5));
#9326=CARTESIAN_POINT('',(-5.55111512312578E-16,8.32667268468867E-16,-2.32502267294815));
#9327=CARTESIAN_POINT('',(-1.50285396607991,0.867673141868933,-2.45650535791512));
#9328=CARTESIAN_POINT('',(-2.,-1.15470053837925,-2.5));
#9329=CARTESIAN_POINT('',(-1.50285396607991,-0.867673141868931,-2.45650535791512));
#9330=CARTESIAN_POINT('',(-2.,1.15470053837925,-2.5));
#9331=CARTESIAN_POINT('Origin',(-2.,-1.15470053837925,-2.5));
#9332=CARTESIAN_POINT('',(-4.81385764583564E-16,-2.3094010767585,-2.5));
#9333=CARTESIAN_POINT('',(-5.55111512312578E-16,-1.73534628373786,-2.45650535791512));
#9334=CARTESIAN_POINT('',(-2.,-1.15470053837925,-2.5));
#9335=CARTESIAN_POINT('Origin',(-4.81385764583564E-16,-2.3094010767585,
-2.5));
#9336=CARTESIAN_POINT('',(2.,-1.15470053837925,-2.5));
#9337=CARTESIAN_POINT('',(1.50285396607991,-0.867673141868933,-2.45650535791512));
#9338=CARTESIAN_POINT('',(-4.81385764583564E-16,-2.3094010767585,-2.5));
#9339=CARTESIAN_POINT('Origin',(2.,-1.15470053837925,-2.5));
#9340=CARTESIAN_POINT('',(2.,1.15470053837925,-2.5));
#9341=CARTESIAN_POINT('',(1.50285396607991,0.867673141868932,-2.45650535791512));
#9342=CARTESIAN_POINT('',(2.,-1.15470053837925,-2.5));
#9343=CARTESIAN_POINT('Origin',(2.,1.15470053837925,-2.5));
#9344=CARTESIAN_POINT('',(1.66656766153242E-15,2.3094010767585,-2.5));
#9345=CARTESIAN_POINT('',(9.71445146547012E-16,1.73534628373786,-2.45650535791512));
#9346=CARTESIAN_POINT('',(2.,1.15470053837925,-2.5));
#9347=CARTESIAN_POINT('Origin',(1.66656766153242E-15,2.3094010767585,-2.5));
#9348=CARTESIAN_POINT('',(1.66656766153242E-15,2.3094010767585,-2.5));
#9349=CARTESIAN_POINT('Origin',(-2.,-1.15470053837925,-5.));
#9350=CARTESIAN_POINT('',(-2.,1.15470053837925,-5.));
#9351=CARTESIAN_POINT('',(-2.,-1.15470053837925,-5.));
#9352=CARTESIAN_POINT('Origin',(-5.55111512312578E-16,-2.3094010767585,
-5.));
#9353=CARTESIAN_POINT('',(-4.81385764583564E-16,-2.3094010767585,-5.));
#9354=CARTESIAN_POINT('Origin',(2.,-1.15470053837925,-5.));
#9355=CARTESIAN_POINT('',(2.,-1.15470053837925,-5.));
#9356=CARTESIAN_POINT('Origin',(2.,1.15470053837925,-5.));
#9357=CARTESIAN_POINT('',(2.,1.15470053837925,-5.));
#9358=CARTESIAN_POINT('Origin',(1.66533453693773E-15,2.3094010767585,-5.));
#9359=CARTESIAN_POINT('',(1.66656766153242E-15,2.3094010767585,-5.));
#9360=CARTESIAN_POINT('Origin',(-2.,1.15470053837925,-5.));
#9361=CARTESIAN_POINT('Origin',(2.25551272323018E-14,0.,20.0000000000003));
#9362=CARTESIAN_POINT('',(2.45049999999998,3.00099698131059E-16,6.82779770492277E-13));
#9363=CARTESIAN_POINT('',(2.45050000000002,-3.00099698131059E-16,20.0000000000003));
#9364=CARTESIAN_POINT('Origin',(-1.66087612343193E-14,0.,6.86117829218347E-13));
#9365=CARTESIAN_POINT('Origin',(-2.5,0.,6.9035378728505E-13));
#9366=CARTESIAN_POINT('Origin',(-5.55111512312578E-16,23.0999994836748,
4.73427220735493));
#9367=CARTESIAN_POINT('',(-8.32667268468867E-16,23.0999994836748,4.73427220735493));
#9368=CARTESIAN_POINT('',(-4.1,23.0999994836748,2.36713610367747));
#9369=CARTESIAN_POINT('',(-54.2605715851499,23.0999994836748,-26.5930834037143));
#9370=CARTESIAN_POINT('',(-5.55111512312578E-16,17.5999994836748,4.73427220735493));
#9371=CARTESIAN_POINT('',(-8.32667268468867E-16,23.0999994836748,4.73427220735493));
#9372=CARTESIAN_POINT('',(-4.1,17.5999994836748,2.36713610367747));
#9373=CARTESIAN_POINT('',(-4.1,17.5999994836748,2.36713610367747));
#9374=CARTESIAN_POINT('',(-4.1,23.0999994836748,2.36713610367747));
#9375=CARTESIAN_POINT('Origin',(4.1,23.0999994836748,2.36713610367747));
#9376=CARTESIAN_POINT('',(4.1,23.0999994836748,2.36713610367747));
#9377=CARTESIAN_POINT('',(-11.1894284148501,23.0999994836748,11.1944917147467));
#9378=CARTESIAN_POINT('',(4.1,17.5999994836748,2.36713610367747));
#9379=CARTESIAN_POINT('',(4.1,23.0999994836748,2.36713610367747));
#9380=CARTESIAN_POINT('',(-8.32667268468867E-16,17.5999994836748,4.73427220735493));
#9381=CARTESIAN_POINT('Origin',(4.1,23.0999994836748,-2.36713610367746));
#9382=CARTESIAN_POINT('',(4.1,23.0999994836748,-2.36713610367746));
#9383=CARTESIAN_POINT('',(4.10000000000002,23.0999994836748,-46.1835680518387));
#9384=CARTESIAN_POINT('',(4.1,17.5999994836748,-2.36713610367746));
#9385=CARTESIAN_POINT('',(4.1,23.0999994836748,-2.36713610367746));
#9386=CARTESIAN_POINT('',(4.1,17.5999994836748,2.36713610367747));
#9387=CARTESIAN_POINT('Origin',(3.33066907387547E-15,23.0999994836748,-4.73427220735493));
#9388=CARTESIAN_POINT('',(2.77555756156289E-15,23.0999994836748,-4.73427220735493));
#9389=CARTESIAN_POINT('',(-52.2105715851499,23.0999994836748,-34.8780597665855));
#9390=CARTESIAN_POINT('',(2.77555756156289E-15,17.5999994836748,-4.73427220735493));
#9391=CARTESIAN_POINT('',(2.77555756156289E-15,23.0999994836748,-4.73427220735493));
#9392=CARTESIAN_POINT('',(4.1,17.5999994836748,-2.36713610367746));
#9393=CARTESIAN_POINT('Origin',(-4.1,23.0999994836748,-2.36713610367747));
#9394=CARTESIAN_POINT('',(-4.1,23.0999994836748,-2.36713610367747));
#9395=CARTESIAN_POINT('',(-17.3394284148502,23.0999994836748,5.27665145555305));
#9396=CARTESIAN_POINT('',(-4.1,17.5999994836748,-2.36713610367747));
#9397=CARTESIAN_POINT('',(-4.1,23.0999994836748,-2.36713610367747));
#9398=CARTESIAN_POINT('',(2.77555756156289E-15,17.5999994836748,-4.73427220735493));
#9399=CARTESIAN_POINT('Origin',(-4.1,23.0999994836748,2.36713610367747));
#9400=CARTESIAN_POINT('',(-4.09999999999998,23.0999994836748,-43.8164319481612));
#9401=CARTESIAN_POINT('',(-4.1,17.5999994836748,-2.36713610367747));
#9402=CARTESIAN_POINT('Origin',(0.,17.5999994836748,0.));
#9403=CARTESIAN_POINT('',(-3.,17.5999994836748,3.67394039744206E-16));
#9404=CARTESIAN_POINT('Origin',(0.,17.5999994836748,0.));
#9405=CARTESIAN_POINT('Origin',(68.000001013279,23.0999994836748,-70.2657289102322));
#9406=CARTESIAN_POINT('',(68.000001013279,23.0999994836748,-70.2657289102322));
#9407=CARTESIAN_POINT('',(63.900001013279,23.0999994836748,-72.6328650139096));
#9408=CARTESIAN_POINT('',(4.4774056110724,23.0999994836748,-106.94051646532));
#9409=CARTESIAN_POINT('',(68.000001013279,17.5999994836748,-70.2657289102322));
#9410=CARTESIAN_POINT('',(68.000001013279,23.0999994836748,-70.2657289102322));
#9411=CARTESIAN_POINT('',(63.900001013279,17.5999994836748,-72.6328650139096));
#9412=CARTESIAN_POINT('',(63.900001013279,17.5999994836748,-72.6328650139096));
#9413=CARTESIAN_POINT('',(63.900001013279,23.0999994836748,-72.6328650139096));
#9414=CARTESIAN_POINT('Origin',(72.100001013279,23.0999994836748,-72.6328650139096));
#9415=CARTESIAN_POINT('',(72.100001013279,23.0999994836748,-72.6328650139096));
#9416=CARTESIAN_POINT('',(15.0725956555263,23.0999994836748,-39.7080771794252));
#9417=CARTESIAN_POINT('',(72.100001013279,17.5999994836748,-72.6328650139096));
#9418=CARTESIAN_POINT('',(72.100001013279,23.0999994836748,-72.6328650139096));
#9419=CARTESIAN_POINT('',(68.000001013279,17.5999994836748,-70.2657289102322));
#9420=CARTESIAN_POINT('Origin',(72.100001013279,23.0999994836748,-77.3671372212646));
#9421=CARTESIAN_POINT('',(72.100001013279,23.0999994836748,-77.3671372212646));
#9422=CARTESIAN_POINT('',(72.100001013279,23.0999994836748,-83.6835686106323));
#9423=CARTESIAN_POINT('',(72.100001013279,17.5999994836748,-77.3671372212646));
#9424=CARTESIAN_POINT('',(72.100001013279,23.0999994836748,-77.3671372212646));
#9425=CARTESIAN_POINT('',(72.100001013279,17.5999994836748,-72.6328650139096));
#9426=CARTESIAN_POINT('Origin',(68.000001013279,23.0999994836748,-79.734273324942));
#9427=CARTESIAN_POINT('',(68.000001013279,23.0999994836748,-79.734273324942));
#9428=CARTESIAN_POINT('',(6.52740561107239,23.0999994836748,-115.225492828191));
#9429=CARTESIAN_POINT('',(68.000001013279,17.5999994836748,-79.734273324942));
#9430=CARTESIAN_POINT('',(68.000001013279,23.0999994836748,-79.734273324942));
#9431=CARTESIAN_POINT('',(72.100001013279,17.5999994836748,-77.3671372212646));
#9432=CARTESIAN_POINT('Origin',(63.900001013279,23.0999994836748,-77.3671372212646));
#9433=CARTESIAN_POINT('',(63.900001013279,23.0999994836748,-77.3671372212646));
#9434=CARTESIAN_POINT('',(8.92259565552628,23.0999994836748,-45.6259174386189));
#9435=CARTESIAN_POINT('',(63.900001013279,17.5999994836748,-77.3671372212646));
#9436=CARTESIAN_POINT('',(63.900001013279,23.0999994836748,-77.3671372212646));
#9437=CARTESIAN_POINT('',(68.000001013279,17.5999994836748,-79.734273324942));
#9438=CARTESIAN_POINT('Origin',(63.900001013279,23.0999994836748,-72.6328650139096));
#9439=CARTESIAN_POINT('',(63.900001013279,23.0999994836748,-81.3164325069548));
#9440=CARTESIAN_POINT('',(63.900001013279,17.5999994836748,-77.3671372212646));
#9441=CARTESIAN_POINT('Origin',(68.000001013279,17.5999994836748,-75.0000011175871));
#9442=CARTESIAN_POINT('',(65.000001013279,17.5999994836748,-75.0000011175871));
#9443=CARTESIAN_POINT('Origin',(68.000001013279,17.5999994836748,-75.0000011175871));
#9444=CARTESIAN_POINT('Origin',(-67.9882919967325,23.0999994836748,-70.2657433898894));
#9445=CARTESIAN_POINT('',(-67.9882919967325,23.0999994836748,-70.2657433898894));
#9446=CARTESIAN_POINT('',(-72.0941339652547,23.0999994836748,-72.6227319479557));
#9447=CARTESIAN_POINT('',(-80.5265598691922,23.0999994836748,-77.4634276017818));
#9448=CARTESIAN_POINT('',(-67.9882919967325,17.5999994836748,-70.2657433898894));
#9449=CARTESIAN_POINT('',(-67.9882919967325,23.0999994836748,-70.2657433898894));
#9450=CARTESIAN_POINT('',(-72.0941339652547,17.5999994836748,-72.6227319479557));
#9451=CARTESIAN_POINT('',(-72.0941339652547,17.5999994836748,-72.6227319479557));
#9452=CARTESIAN_POINT('',(-72.0941339652547,23.0999994836748,-72.6227319479557));
#9453=CARTESIAN_POINT('Origin',(-63.8941590447568,23.0999994836748,-72.6430125595208));
#9454=CARTESIAN_POINT('',(-63.8941590447568,23.0999994836748,-72.6430125595208));
#9455=CARTESIAN_POINT('',(-69.8872675743679,23.0999994836748,-69.1630981784248));
#9456=CARTESIAN_POINT('',(-63.8941590447568,17.5999994836748,-72.6430125595208));
#9457=CARTESIAN_POINT('',(-63.8941590447568,23.0999994836748,-72.6430125595208));
#9458=CARTESIAN_POINT('',(-67.9882919967325,17.5999994836748,-70.2657433898894));
#9459=CARTESIAN_POINT('Origin',(-63.9058680613032,23.0999994836748,-77.3772702872185));
#9460=CARTESIAN_POINT('',(-63.9058680613032,23.0999994836748,-77.3772702872185));
#9461=CARTESIAN_POINT('',(-63.9215573752611,23.0999994836748,-83.7208650334161));
#9462=CARTESIAN_POINT('',(-63.9058680613032,17.5999994836748,-77.3772702872185));
#9463=CARTESIAN_POINT('',(-63.9058680613032,23.0999994836748,-77.3772702872185));
#9464=CARTESIAN_POINT('',(-63.8941590447568,17.5999994836748,-72.6430125595208));
#9465=CARTESIAN_POINT('Origin',(-68.0117100298254,23.0999994836748,-79.7342588452847));
#9466=CARTESIAN_POINT('',(-68.0117100298254,23.0999994836748,-79.7342588452847));
#9467=CARTESIAN_POINT('',(-78.497056918024,23.0999994836748,-85.753448778144));
#9468=CARTESIAN_POINT('',(-68.0117100298254,17.5999994836748,-79.7342588452847));
#9469=CARTESIAN_POINT('',(-68.0117100298254,23.0999994836748,-79.7342588452847));
#9470=CARTESIAN_POINT('',(-63.9058680613032,17.5999994836748,-77.3772702872185));
#9471=CARTESIAN_POINT('Origin',(-72.1058429818011,23.0999994836748,-77.3569896756534));
#9472=CARTESIAN_POINT('',(-72.1058429818011,23.0999994836748,-77.3569896756534));
#9473=CARTESIAN_POINT('',(-76.0518850354244,23.0999994836748,-75.065709879373));
#9474=CARTESIAN_POINT('',(-72.1058429818011,17.5999994836748,-77.3569896756534));
#9475=CARTESIAN_POINT('',(-72.1058429818011,23.0999994836748,-77.3569896756534));
#9476=CARTESIAN_POINT('',(-68.0117100298254,17.5999994836748,-79.7342588452847));
#9477=CARTESIAN_POINT('Origin',(-72.0941339652547,23.0999994836748,-72.6227319479557));
#9478=CARTESIAN_POINT('',(-72.1156777874858,23.0999994836748,-81.3334555580022));
#9479=CARTESIAN_POINT('',(-72.1058429818011,17.5999994836748,-77.3569896756534));
#9480=CARTESIAN_POINT('Origin',(-68.000001013279,17.5999994836748,-75.0000011175871));
#9481=CARTESIAN_POINT('',(-71.000001013279,17.5999994836748,-75.0000011175871));
#9482=CARTESIAN_POINT('Origin',(-68.000001013279,17.5999994836748,-75.0000011175871));
#9483=CARTESIAN_POINT('Origin',(0.,-23.1,0.));
#9484=CARTESIAN_POINT('',(-4.5,-23.1,-5.51091059616309E-16));
#9485=CARTESIAN_POINT('Origin',(0.,-23.1,0.));
#9486=CARTESIAN_POINT('',(-4.5,-17.6,-5.51091059616309E-16));
#9487=CARTESIAN_POINT('',(-4.5,-23.1,5.51091059616309E-16));
#9488=CARTESIAN_POINT('Origin',(0.,-17.6,0.));
#9489=CARTESIAN_POINT('Origin',(0.,-17.6,0.));
#9490=CARTESIAN_POINT('',(-3.,-17.6,-3.67394039744206E-16));
#9491=CARTESIAN_POINT('Origin',(0.,-17.6,0.));
#9492=CARTESIAN_POINT('Origin',(-68.000001013279,-23.1,-75.0000011175871));
#9493=CARTESIAN_POINT('',(-72.500001013279,-23.1,-75.0000011175871));
#9494=CARTESIAN_POINT('Origin',(-68.000001013279,-23.1,-75.0000011175871));
#9495=CARTESIAN_POINT('',(-72.500001013279,-17.6,-75.0000011175871));
#9496=CARTESIAN_POINT('',(-72.500001013279,-23.1,-75.0000011175871));
#9497=CARTESIAN_POINT('Origin',(-68.000001013279,-17.6,-75.0000011175871));
#9498=CARTESIAN_POINT('Origin',(-68.000001013279,-17.6,-75.0000011175871));
#9499=CARTESIAN_POINT('',(-71.000001013279,-17.6,-75.0000011175871));
#9500=CARTESIAN_POINT('Origin',(-68.000001013279,-17.6,-75.0000011175871));
#9501=CARTESIAN_POINT('Origin',(68.000001013279,-23.1,-75.0000011175871));
#9502=CARTESIAN_POINT('',(63.500001013279,-23.1,-75.0000011175871));
#9503=CARTESIAN_POINT('Origin',(68.000001013279,-23.1,-75.0000011175871));
#9504=CARTESIAN_POINT('',(63.500001013279,-17.6,-75.0000011175871));
#9505=CARTESIAN_POINT('',(63.500001013279,-23.1,-75.0000011175871));
#9506=CARTESIAN_POINT('Origin',(68.000001013279,-17.6,-75.0000011175871));
#9507=CARTESIAN_POINT('Origin',(68.000001013279,-17.6,-75.0000011175871));
#9508=CARTESIAN_POINT('',(65.000001013279,-17.6,-75.0000011175871));
#9509=CARTESIAN_POINT('Origin',(68.000001013279,-17.6,-75.0000011175871));
#9510=CARTESIAN_POINT('Origin',(-62.5000009313226,-10.0000001490116,-92.5));
#9511=CARTESIAN_POINT('',(-58.0000009313226,-10.0000001490116,-92.5));
#9512=CARTESIAN_POINT('Origin',(-62.5000009313226,-10.0000001490116,-92.5));
#9513=CARTESIAN_POINT('',(-65.5,-10.,-92.5));
#9514=CARTESIAN_POINT('Origin',(-62.5,-10.,-92.5));
#9515=CARTESIAN_POINT('Origin',(-62.5000009313226,-10.0000001490116,-90.));
#9516=CARTESIAN_POINT('',(-58.0000009313226,-10.0000001490116,-90.));
#9517=CARTESIAN_POINT('',(-58.0000009313226,-10.0000001490116,-90.));
#9518=CARTESIAN_POINT('',(-65.7619023589982,-13.1,-90.));
#9519=CARTESIAN_POINT('Origin',(-62.5000009313226,-10.0000001490116,-90.));
#9520=CARTESIAN_POINT('',(-65.7619023589982,-13.1,-76.9977284297362));
#9521=CARTESIAN_POINT('',(-65.7619023589982,-13.1,-90.));
#9522=CARTESIAN_POINT('',(-65.7619023589982,-13.1,-73.002273805438));
#9523=CARTESIAN_POINT('Ctrl Pts',(-65.7619023589982,-13.1,-73.002273805438));
#9524=CARTESIAN_POINT('Ctrl Pts',(-65.5594118165126,-13.3130658778625,-73.229128495708));
#9525=CARTESIAN_POINT('Ctrl Pts',(-65.3575316369927,-13.480690323672,-73.5314850944102));
#9526=CARTESIAN_POINT('Ctrl Pts',(-65.0762794369831,-13.6938290464916,-74.228528630148));
#9527=CARTESIAN_POINT('Ctrl Pts',(-65.000001013279,-13.7416574810261,-74.6238406137944));
#9528=CARTESIAN_POINT('Ctrl Pts',(-65.000001013279,-13.7416574810261,-75.0000011175871));
#9529=CARTESIAN_POINT('Ctrl Pts',(-65.000001013279,-13.7416574810261,-75.3761616213797));
#9530=CARTESIAN_POINT('Ctrl Pts',(-65.0762794369831,-13.6938290464916,-75.7714736050262));
#9531=CARTESIAN_POINT('Ctrl Pts',(-65.3575316369927,-13.480690323672,-76.468517140764));
#9532=CARTESIAN_POINT('Ctrl Pts',(-65.5594118165126,-13.3130658778625,-76.7708737394662));
#9533=CARTESIAN_POINT('Ctrl Pts',(-65.7619023589982,-13.1,-76.9977284297362));
#9534=CARTESIAN_POINT('',(-65.7619023589982,-13.1,-53.746986016509));
#9535=CARTESIAN_POINT('',(-65.7619023589982,-13.1,-90.));
#9536=CARTESIAN_POINT('',(-62.1760547113553,-14.4883248750724,-51.9261653970255));
#9537=CARTESIAN_POINT('Origin',(-62.5000009313226,-10.0000001490116,-52.0906587093133));
#9538=CARTESIAN_POINT('',(-59.238099503647,-13.1,-47.9059152316082));
#9539=CARTESIAN_POINT('Origin',(-62.5000009313226,-10.0000001490116,-52.3694481404086));
#9540=CARTESIAN_POINT('',(-59.238099503647,-13.1,-90.));
#9541=CARTESIAN_POINT('',(-59.238099503647,-13.1,-90.));
#9542=CARTESIAN_POINT('Origin',(-62.5000009313226,-10.0000001490116,-90.));
#9543=CARTESIAN_POINT('Origin',(62.5000009313226,10.0000001490116,-92.5));
#9544=CARTESIAN_POINT('',(67.0000009313226,10.0000001490116,-92.5));
#9545=CARTESIAN_POINT('Origin',(62.5000009313226,10.0000001490116,-92.5));
#9546=CARTESIAN_POINT('',(59.5,10.,-92.5));
#9547=CARTESIAN_POINT('Origin',(62.5,10.,-92.5));
#9548=CARTESIAN_POINT('Origin',(62.5000009313226,10.0000001490116,-90.));
#9549=CARTESIAN_POINT('',(67.0000009313226,10.0000001490116,-90.));
#9550=CARTESIAN_POINT('',(67.0000009313226,10.0000001490116,-90.));
#9551=CARTESIAN_POINT('',(65.7619023589981,13.1,-90.));
#9552=CARTESIAN_POINT('Origin',(62.5000009313226,10.0000001490116,-90.));
#9553=CARTESIAN_POINT('',(65.7619023589981,13.1,-76.9977284297362));
#9554=CARTESIAN_POINT('',(65.7619023589981,13.1,-90.));
#9555=CARTESIAN_POINT('',(65.000001013279,13.7416574810261,-75.0000011175871));
#9556=CARTESIAN_POINT('Ctrl Pts',(65.000001013279,13.7416574810261,-75.0000011175871));
#9557=CARTESIAN_POINT('Ctrl Pts',(65.000001013279,13.7416574810261,-75.3761616213797));
#9558=CARTESIAN_POINT('Ctrl Pts',(65.0762794369831,13.6938290464916,-75.7714736050262));
#9559=CARTESIAN_POINT('Ctrl Pts',(65.3575316369927,13.480690323672,-76.468517140764));
#9560=CARTESIAN_POINT('Ctrl Pts',(65.5594118165126,13.3130658778625,-76.7708737394662));
#9561=CARTESIAN_POINT('Ctrl Pts',(65.7619023589981,13.1,-76.9977284297362));
#9562=CARTESIAN_POINT('',(65.7619023589981,13.1,-73.002273805438));
#9563=CARTESIAN_POINT('Ctrl Pts',(65.7619023589981,13.1,-73.002273805438));
#9564=CARTESIAN_POINT('Ctrl Pts',(65.5594118165126,13.3130658778625,-73.229128495708));
#9565=CARTESIAN_POINT('Ctrl Pts',(65.3575316369927,13.480690323672,-73.5314850944102));
#9566=CARTESIAN_POINT('Ctrl Pts',(65.0762794369831,13.6938290464916,-74.228528630148));
#9567=CARTESIAN_POINT('Ctrl Pts',(65.000001013279,13.7416574810261,-74.6238406137945));
#9568=CARTESIAN_POINT('Ctrl Pts',(65.000001013279,13.7416574810261,-75.0000011175871));
#9569=CARTESIAN_POINT('',(65.7619023589981,13.1,-53.746986016509));
#9570=CARTESIAN_POINT('',(65.7619023589981,13.1,-90.));
#9571=CARTESIAN_POINT('',(62.1760547113553,14.4883248750724,-51.9261653970255));
#9572=CARTESIAN_POINT('Origin',(62.5000009313226,10.0000001490116,-52.0906587093133));
#9573=CARTESIAN_POINT('',(59.238099503647,13.1,-47.9059152316082));
#9574=CARTESIAN_POINT('Origin',(62.5000009313226,10.0000001490116,-52.3694481404086));
#9575=CARTESIAN_POINT('',(59.238099503647,13.1,-90.));
#9576=CARTESIAN_POINT('',(59.238099503647,13.1,-90.));
#9577=CARTESIAN_POINT('Origin',(62.5000009313226,10.0000001490116,-90.));
#9578=CARTESIAN_POINT('Origin',(-62.5000009313226,10.0000001490116,-92.5));
#9579=CARTESIAN_POINT('',(-58.0000009313226,10.0000001490116,-92.5));
#9580=CARTESIAN_POINT('Origin',(-62.5000009313226,10.0000001490116,-92.5));
#9581=CARTESIAN_POINT('',(-65.5,10.,-92.5));
#9582=CARTESIAN_POINT('Origin',(-62.5,10.,-92.5));
#9583=CARTESIAN_POINT('Origin',(-62.5000009313226,10.0000001490116,-90.));
#9584=CARTESIAN_POINT('',(-58.0000009313226,10.0000001490116,-90.));
#9585=CARTESIAN_POINT('',(-58.0000009313226,10.0000001490116,-90.));
#9586=CARTESIAN_POINT('',(-59.238099503647,13.1,-90.));
#9587=CARTESIAN_POINT('Origin',(-62.5000009313226,10.0000001490116,-90.));
#9588=CARTESIAN_POINT('',(-59.238099503647,13.1,-47.9059152316082));
#9589=CARTESIAN_POINT('',(-59.238099503647,13.1,-90.));
#9590=CARTESIAN_POINT('',(-62.1760547113553,14.4883248750724,-51.9261653970255));
#9591=CARTESIAN_POINT('Origin',(-62.5000009313226,10.0000001490116,-52.3694481404086));
#9592=CARTESIAN_POINT('',(-65.7619023589981,13.1,-53.746986016509));
#9593=CARTESIAN_POINT('Origin',(-62.5000009313226,10.0000001490116,-52.0906587093133));
#9594=CARTESIAN_POINT('',(-65.7619023589981,13.1,-73.002273805438));
#9595=CARTESIAN_POINT('',(-65.7619023589981,13.1,-90.));
#9596=CARTESIAN_POINT('',(-65.7619023589981,13.1,-76.9977284297362));
#9597=CARTESIAN_POINT('Ctrl Pts',(-65.7619023589981,13.1,-76.9977284297362));
#9598=CARTESIAN_POINT('Ctrl Pts',(-65.5594118165126,13.3130658778625,-76.7708737394662));
#9599=CARTESIAN_POINT('Ctrl Pts',(-65.3575316369927,13.480690323672,-76.468517140764));
#9600=CARTESIAN_POINT('Ctrl Pts',(-65.0762794369831,13.6938290464916,-75.7714736050262));
#9601=CARTESIAN_POINT('Ctrl Pts',(-65.000001013279,13.7416574810261,-75.3761616213797));
#9602=CARTESIAN_POINT('Ctrl Pts',(-65.000001013279,13.7416574810261,-74.6238406137944));
#9603=CARTESIAN_POINT('Ctrl Pts',(-65.0762794369831,13.6938290464916,-74.228528630148));
#9604=CARTESIAN_POINT('Ctrl Pts',(-65.3575316369927,13.480690323672,-73.5314850944102));
#9605=CARTESIAN_POINT('Ctrl Pts',(-65.5594118165126,13.3130658778625,-73.229128495708));
#9606=CARTESIAN_POINT('Ctrl Pts',(-65.7619023589981,13.1,-73.002273805438));
#9607=CARTESIAN_POINT('',(-65.7619023589981,13.1,-90.));
#9608=CARTESIAN_POINT('',(-65.7619023589981,13.1,-90.));
#9609=CARTESIAN_POINT('Origin',(-62.5000009313226,10.0000001490116,-90.));
#9610=CARTESIAN_POINT('Origin',(62.5000009313226,-10.0000001490116,-92.5));
#9611=CARTESIAN_POINT('',(67.0000009313226,-10.0000001490116,-92.5));
#9612=CARTESIAN_POINT('Origin',(62.5000009313226,-10.0000001490116,-92.5));
#9613=CARTESIAN_POINT('',(59.5,-10.,-92.5));
#9614=CARTESIAN_POINT('Origin',(62.5,-10.,-92.5));
#9615=CARTESIAN_POINT('Origin',(62.5000009313226,-10.0000001490116,-90.));
#9616=CARTESIAN_POINT('',(67.0000009313226,-10.0000001490116,-90.));
#9617=CARTESIAN_POINT('',(67.0000009313226,-10.0000001490116,-90.));
#9618=CARTESIAN_POINT('',(59.238099503647,-13.1,-90.));
#9619=CARTESIAN_POINT('Origin',(62.5000009313226,-10.0000001490116,-90.));
#9620=CARTESIAN_POINT('',(59.238099503647,-13.1,-47.9059152316082));
#9621=CARTESIAN_POINT('',(59.238099503647,-13.1,-90.));
#9622=CARTESIAN_POINT('',(62.1760547113553,-14.4883248750724,-51.9261653970255));
#9623=CARTESIAN_POINT('Origin',(62.5000009313226,-10.0000001490116,-52.3694481404086));
#9624=CARTESIAN_POINT('',(65.7619023589982,-13.1,-53.746986016509));
#9625=CARTESIAN_POINT('Origin',(62.5000009313226,-10.0000001490116,-52.0906587093133));
#9626=CARTESIAN_POINT('',(65.7619023589982,-13.1,-73.002273805438));
#9627=CARTESIAN_POINT('',(65.7619023589982,-13.1,-90.));
#9628=CARTESIAN_POINT('',(65.000001013279,-13.7416574810261,-75.0000011175871));
#9629=CARTESIAN_POINT('Ctrl Pts',(65.000001013279,-13.7416574810261,-75.0000011175871));
#9630=CARTESIAN_POINT('Ctrl Pts',(65.000001013279,-13.7416574810261,-74.6238406137945));
#9631=CARTESIAN_POINT('Ctrl Pts',(65.0762794369831,-13.6938290464916,-74.228528630148));
#9632=CARTESIAN_POINT('Ctrl Pts',(65.3575316369927,-13.480690323672,-73.5314850944102));
#9633=CARTESIAN_POINT('Ctrl Pts',(65.5594118165126,-13.3130658778625,-73.229128495708));
#9634=CARTESIAN_POINT('Ctrl Pts',(65.7619023589981,-13.1,-73.002273805438));
#9635=CARTESIAN_POINT('',(65.7619023589982,-13.1,-76.9977284297362));
#9636=CARTESIAN_POINT('Ctrl Pts',(65.7619023589982,-13.1,-76.9977284297362));
#9637=CARTESIAN_POINT('Ctrl Pts',(65.5594118165126,-13.3130658778625,-76.7708737394662));
#9638=CARTESIAN_POINT('Ctrl Pts',(65.3575316369927,-13.480690323672,-76.468517140764));
#9639=CARTESIAN_POINT('Ctrl Pts',(65.0762794369831,-13.6938290464916,-75.7714736050262));
#9640=CARTESIAN_POINT('Ctrl Pts',(65.000001013279,-13.7416574810261,-75.3761616213797));
#9641=CARTESIAN_POINT('Ctrl Pts',(65.000001013279,-13.7416574810261,-75.0000011175871));
#9642=CARTESIAN_POINT('',(65.7619023589982,-13.1,-90.));
#9643=CARTESIAN_POINT('',(65.7619023589982,-13.1,-90.));
#9644=CARTESIAN_POINT('Origin',(62.5000009313226,-10.0000001490116,-90.));
#9645=CARTESIAN_POINT('Origin',(-70.1261900812923,-13.1,-55.9630826985127));
#9646=CARTESIAN_POINT('',(-78.0763254512292,-13.1,-60.));
#9647=CARTESIAN_POINT('',(-38.0192433131754,-13.1,-39.6598271091467));
#9648=CARTESIAN_POINT('',(-78.0763254512292,-23.1,-60.));
#9649=CARTESIAN_POINT('',(-78.0763254512292,-13.1,-60.));
#9650=CARTESIAN_POINT('',(-62.1760547113553,-23.1,-51.9261653970255));
#9651=CARTESIAN_POINT('',(-38.0192433131754,-23.1,-39.6598271091467));
#9652=CARTESIAN_POINT('',(-62.1760547113553,-13.1,-51.9261653970255));
#9653=CARTESIAN_POINT('Origin',(-68.000001013279,-23.1,-75.0000011175871));
#9654=CARTESIAN_POINT('',(-71.000001013279,-13.1,-75.0000011175871));
#9655=CARTESIAN_POINT('',(-71.000001013279,-23.1,-75.0000011175871));
#9656=CARTESIAN_POINT('Origin',(-68.000001013279,-13.1,-75.0000011175871));
#9657=CARTESIAN_POINT('Origin',(-68.000001013279,-13.1,-75.0000011175871));
#9658=CARTESIAN_POINT('Origin',(68.0763254512292,13.1,-60.));
#9659=CARTESIAN_POINT('',(62.1760547113553,23.1,-51.9261653970255));
#9660=CARTESIAN_POINT('',(62.1760547113553,13.1,-51.9261653970255));
#9661=CARTESIAN_POINT('',(18.25,23.1,8.1815340859768));
#9662=CARTESIAN_POINT('',(68.0763254512292,23.1,-60.));
#9663=CARTESIAN_POINT('',(18.25,13.1,8.1815340859768));
#9664=CARTESIAN_POINT('',(18.25,13.1,8.1815340859768));
#9665=CARTESIAN_POINT('',(68.0763254512292,13.1,-60.));
#9666=CARTESIAN_POINT('Origin',(70.1261900812923,13.1,-55.9630826985127));
#9667=CARTESIAN_POINT('',(78.0763254512292,13.1,-60.));
#9668=CARTESIAN_POINT('',(38.0192433131754,13.1,-39.6598271091467));
#9669=CARTESIAN_POINT('',(78.0763254512292,23.1,-60.));
#9670=CARTESIAN_POINT('',(78.0763254512292,13.1,-60.));
#9671=CARTESIAN_POINT('',(13.3451567275491,23.0999994836748,-27.1308269851276));
#9672=CARTESIAN_POINT('Origin',(0.,13.1,-35.));
#9673=CARTESIAN_POINT('',(-78.0763254512292,13.1,-60.));
#9674=CARTESIAN_POINT('',(-38.0192433131754,13.1,-39.6598271091467));
#9675=CARTESIAN_POINT('',(-90.,13.1,-60.));
#9676=CARTESIAN_POINT('',(-90.,13.1,-60.));
#9677=CARTESIAN_POINT('',(-90.,13.1,-90.));
#9678=CARTESIAN_POINT('',(-90.,13.1,-90.));
#9679=CARTESIAN_POINT('',(0.,13.1,-90.));
#9680=CARTESIAN_POINT('',(-71.000001013279,13.1,-75.0000011175871));
#9681=CARTESIAN_POINT('Origin',(-68.000001013279,13.1,-75.0000011175871));
#9682=CARTESIAN_POINT('Origin',(-68.000001013279,13.1,-75.0000011175871));
#9683=CARTESIAN_POINT('',(-83.35,13.0999994836748,-65.));
#9684=CARTESIAN_POINT('Origin',(-85.,13.1,-65.));
#9685=CARTESIAN_POINT('',(-65.8859348597446,13.0999994836748,-60.0207428367763));
#9686=CARTESIAN_POINT('Origin',(-67.5359348597446,13.1,-60.0207428367763));
#9687=CARTESIAN_POINT('Origin',(0.,13.1,-35.));
#9688=CARTESIAN_POINT('',(90.,13.1,-90.));
#9689=CARTESIAN_POINT('',(0.,13.1,-90.));
#9690=CARTESIAN_POINT('',(90.,13.1,-60.));
#9691=CARTESIAN_POINT('',(90.,13.1,-90.));
#9692=CARTESIAN_POINT('',(90.,13.1,-60.));
#9693=CARTESIAN_POINT('Origin',(68.000001013279,13.1,-75.0000011175871));
#9694=CARTESIAN_POINT('',(69.1859348597446,13.0999994836748,-60.0207428367763));
#9695=CARTESIAN_POINT('Origin',(67.5359348597446,13.1,-60.0207428367763));
#9696=CARTESIAN_POINT('',(86.65,13.0999994836748,-65.));
#9697=CARTESIAN_POINT('Origin',(85.,13.1,-65.));
#9698=CARTESIAN_POINT('Origin',(70.1261900812923,-13.1,-55.9630826985127));
#9699=CARTESIAN_POINT('',(62.1760547113553,-23.1,-51.9261653970255));
#9700=CARTESIAN_POINT('',(62.1760547113553,-13.1,-51.9261653970255));
#9701=CARTESIAN_POINT('',(78.0763254512292,-23.1,-60.));
#9702=CARTESIAN_POINT('',(38.0192433131754,-23.1,-39.6598271091467));
#9703=CARTESIAN_POINT('',(78.0763254512292,-13.1,-60.));
#9704=CARTESIAN_POINT('',(78.0763254512292,-13.1,-60.));
#9705=CARTESIAN_POINT('',(38.0192433131754,-13.1,-39.6598271091467));
#9706=CARTESIAN_POINT('Origin',(68.0763254512292,-13.1,-60.));
#9707=CARTESIAN_POINT('',(18.25,-13.1,8.1815340859768));
#9708=CARTESIAN_POINT('',(68.0763254512292,-13.1,-60.));
#9709=CARTESIAN_POINT('',(18.25,-23.1,8.1815340859768));
#9710=CARTESIAN_POINT('',(18.25,-13.1,8.1815340859768));
#9711=CARTESIAN_POINT('',(68.0763254512292,-23.1,-60.));
#9712=CARTESIAN_POINT('Origin',(0.,-13.1,-35.));
#9713=CARTESIAN_POINT('',(90.,-13.1,-60.));
#9714=CARTESIAN_POINT('',(90.,-13.1,-60.));
#9715=CARTESIAN_POINT('',(90.,-13.1,-90.));
#9716=CARTESIAN_POINT('',(90.,-13.1,-90.));
#9717=CARTESIAN_POINT('',(90.,-13.1,-90.));
#9718=CARTESIAN_POINT('Origin',(68.000001013279,-13.1,-75.0000011175871));
#9719=CARTESIAN_POINT('',(86.65,-13.0999994836748,-65.));
#9720=CARTESIAN_POINT('Origin',(85.,-13.1,-65.));
#9721=CARTESIAN_POINT('',(69.1859348597446,-13.0999994836748,-60.0207428367763));
#9722=CARTESIAN_POINT('Origin',(67.5359348597446,-13.1,-60.0207428367763));
#9723=CARTESIAN_POINT('Origin',(0.,-13.1,-35.));
#9724=CARTESIAN_POINT('',(-90.,-13.1,-90.));
#9725=CARTESIAN_POINT('',(90.,-13.1,-90.));
#9726=CARTESIAN_POINT('',(-90.,-13.1,-60.));
#9727=CARTESIAN_POINT('',(-90.,-13.1,-90.));
#9728=CARTESIAN_POINT('',(-90.,-13.1,-60.));
#9729=CARTESIAN_POINT('',(-83.35,-13.0999994836748,-65.));
#9730=CARTESIAN_POINT('Origin',(-85.,-13.1,-65.));
#9731=CARTESIAN_POINT('',(-65.8859348597446,-13.0999994836748,-60.0207428367763));
#9732=CARTESIAN_POINT('Origin',(-67.5359348597446,-13.1,-60.0207428367763));
#9733=CARTESIAN_POINT('Origin',(-62.5,-10.,-95.));
#9734=CARTESIAN_POINT('',(-65.5,-10.,-95.));
#9735=CARTESIAN_POINT('Origin',(-62.5,-10.,-95.));
#9736=CARTESIAN_POINT('',(-65.5,-10.,-95.));
#9737=CARTESIAN_POINT('Origin',(62.5,10.,-95.));
#9738=CARTESIAN_POINT('',(59.5,10.,-95.));
#9739=CARTESIAN_POINT('Origin',(62.5,10.,-95.));
#9740=CARTESIAN_POINT('',(59.5,10.,-95.));
#9741=CARTESIAN_POINT('Origin',(-62.5,10.,-95.));
#9742=CARTESIAN_POINT('',(-65.5,10.,-95.));
#9743=CARTESIAN_POINT('Origin',(-62.5,10.,-95.));
#9744=CARTESIAN_POINT('',(-65.5,10.,-95.));
#9745=CARTESIAN_POINT('Origin',(62.5,-10.,-95.));
#9746=CARTESIAN_POINT('',(59.5,-10.,-95.));
#9747=CARTESIAN_POINT('Origin',(62.5,-10.,-95.));
#9748=CARTESIAN_POINT('',(59.5,-10.,-95.));
#9749=CARTESIAN_POINT('Origin',(67.5359348597446,-23.0999994836748,-60.0207428367763));
#9750=CARTESIAN_POINT('',(69.1859348597446,-17.5999994836748,-60.0207428367763));
#9751=CARTESIAN_POINT('Origin',(67.5359348597446,-17.5999994836748,-60.0207428367763));
#9752=CARTESIAN_POINT('',(69.1859348597446,-23.0999994836748,-60.0207428367763));
#9753=CARTESIAN_POINT('Origin',(67.5359348597446,-23.0999994836748,-60.0207428367763));
#9754=CARTESIAN_POINT('',(70.5359348597446,-23.0999994836748,-60.0207428367763));
#9755=CARTESIAN_POINT('Origin',(67.5359348597446,-23.1,-60.0207428367763));
#9756=CARTESIAN_POINT('',(70.5359348597446,-17.5999994836748,-60.0207428367763));
#9757=CARTESIAN_POINT('',(70.5359348597446,-23.0999994836748,-60.0207428367763));
#9758=CARTESIAN_POINT('Origin',(67.5359348597446,-17.5999994836748,-60.0207428367763));
#9759=CARTESIAN_POINT('Origin',(67.5359348597446,-17.5999994836748,-60.0207428367763));
#9760=CARTESIAN_POINT('Origin',(0.,-23.1,-35.));
#9761=CARTESIAN_POINT('',(90.,-23.1,-60.));
#9762=CARTESIAN_POINT('',(90.,-23.1,-95.));
#9763=CARTESIAN_POINT('',(90.,-23.1,-90.));
#9764=CARTESIAN_POINT('',(90.,-23.1,-60.));
#9765=CARTESIAN_POINT('',(-18.25,-23.1,8.1815340859768));
#9766=CARTESIAN_POINT('Origin',(0.,-23.1,0.));
#9767=CARTESIAN_POINT('',(-68.0763254512292,-23.1,-60.));
#9768=CARTESIAN_POINT('',(-90.,-23.1,-60.));
#9769=CARTESIAN_POINT('',(-90.,-23.1,-60.));
#9770=CARTESIAN_POINT('',(-90.,-23.1,-95.));
#9771=CARTESIAN_POINT('',(-90.,-23.1,-90.));
#9772=CARTESIAN_POINT('',(-90.,-23.1,-95.));
#9773=CARTESIAN_POINT('',(88.,-23.0999994836748,-65.));
#9774=CARTESIAN_POINT('Origin',(85.,-23.1,-65.));
#9775=CARTESIAN_POINT('',(43.,-23.0999994836748,-30.));
#9776=CARTESIAN_POINT('Origin',(40.,-23.1,-30.));
#9777=CARTESIAN_POINT('',(-82.,-23.0999994836748,-65.));
#9778=CARTESIAN_POINT('Origin',(-85.,-23.1,-65.));
#9779=CARTESIAN_POINT('',(-64.5359348597446,-23.0999994836748,-60.0207428367763));
#9780=CARTESIAN_POINT('Origin',(-67.5359348597446,-23.1,-60.0207428367763));
#9781=CARTESIAN_POINT('',(-37.,-23.0999994836748,-30.));
#9782=CARTESIAN_POINT('Origin',(-40.,-23.1,-30.));
#9783=CARTESIAN_POINT('Origin',(0.,-13.1,-35.));
#9784=CARTESIAN_POINT('',(-18.25,-13.1,8.1815340859768));
#9785=CARTESIAN_POINT('',(-68.0763254512292,-13.1,-60.));
#9786=CARTESIAN_POINT('Origin',(0.,-13.1,0.));
#9787=CARTESIAN_POINT('',(90.,-13.1,-90.));
#9788=CARTESIAN_POINT('',(-38.35,-13.0999994836748,-30.));
#9789=CARTESIAN_POINT('Origin',(-40.,-13.1,-30.));
#9790=CARTESIAN_POINT('',(-3.,-13.1,-3.67394039744206E-16));
#9791=CARTESIAN_POINT('Origin',(0.,-13.1,0.));
#9792=CARTESIAN_POINT('',(41.65,-13.0999994836748,-30.));
#9793=CARTESIAN_POINT('Origin',(40.,-13.1,-30.));
#9794=CARTESIAN_POINT('Origin',(-40.,-23.0999994836748,-30.));
#9795=CARTESIAN_POINT('',(-38.35,-17.5999994836748,-30.));
#9796=CARTESIAN_POINT('Origin',(-40.,-17.5999994836748,-30.));
#9797=CARTESIAN_POINT('',(-38.35,-23.0999994836748,-30.));
#9798=CARTESIAN_POINT('Origin',(-40.,-23.0999994836748,-30.));
#9799=CARTESIAN_POINT('',(-37.,-17.5999994836748,-30.));
#9800=CARTESIAN_POINT('',(-37.,-23.0999994836748,-30.));
#9801=CARTESIAN_POINT('Origin',(-40.,-17.5999994836748,-30.));
#9802=CARTESIAN_POINT('Origin',(-40.,-17.5999994836748,-30.));
#9803=CARTESIAN_POINT('Origin',(85.,-23.0999994836748,-65.));
#9804=CARTESIAN_POINT('',(86.65,-17.5999994836748,-65.));
#9805=CARTESIAN_POINT('Origin',(85.,-17.5999994836748,-65.));
#9806=CARTESIAN_POINT('',(86.65,-23.0999994836748,-65.));
#9807=CARTESIAN_POINT('Origin',(85.,-23.0999994836748,-65.));
#9808=CARTESIAN_POINT('',(88.,-17.5999994836748,-65.));
#9809=CARTESIAN_POINT('',(88.,-23.0999994836748,-65.));
#9810=CARTESIAN_POINT('Origin',(85.,-17.5999994836748,-65.));
#9811=CARTESIAN_POINT('Origin',(85.,-17.5999994836748,-65.));
#9812=CARTESIAN_POINT('Origin',(-67.5359348597446,-23.0999994836748,-60.0207428367763));
#9813=CARTESIAN_POINT('',(-65.8859348597446,-17.5999994836748,-60.0207428367763));
#9814=CARTESIAN_POINT('Origin',(-67.5359348597446,-17.5999994836748,-60.0207428367763));
#9815=CARTESIAN_POINT('',(-65.8859348597446,-23.0999994836748,-60.0207428367763));
#9816=CARTESIAN_POINT('Origin',(-67.5359348597446,-23.0999994836748,-60.0207428367763));
#9817=CARTESIAN_POINT('',(-64.5359348597446,-17.5999994836748,-60.0207428367763));
#9818=CARTESIAN_POINT('',(-64.5359348597446,-23.0999994836748,-60.0207428367763));
#9819=CARTESIAN_POINT('Origin',(-67.5359348597446,-17.5999994836748,-60.0207428367763));
#9820=CARTESIAN_POINT('Origin',(-67.5359348597446,-17.5999994836748,-60.0207428367763));
#9821=CARTESIAN_POINT('Origin',(40.,-23.0999994836748,-30.));
#9822=CARTESIAN_POINT('',(41.65,-17.5999994836748,-30.));
#9823=CARTESIAN_POINT('Origin',(40.,-17.5999994836748,-30.));
#9824=CARTESIAN_POINT('',(41.65,-23.0999994836748,-30.));
#9825=CARTESIAN_POINT('Origin',(40.,-23.0999994836748,-30.));
#9826=CARTESIAN_POINT('',(43.,-17.5999994836748,-30.));
#9827=CARTESIAN_POINT('',(43.,-23.0999994836748,-30.));
#9828=CARTESIAN_POINT('Origin',(40.,-17.5999994836748,-30.));
#9829=CARTESIAN_POINT('Origin',(40.,-17.5999994836748,-30.));
#9830=CARTESIAN_POINT('Origin',(-85.,-23.0999994836748,-65.));
#9831=CARTESIAN_POINT('',(-83.35,-17.5999994836748,-65.));
#9832=CARTESIAN_POINT('Origin',(-85.,-17.5999994836748,-65.));
#9833=CARTESIAN_POINT('',(-83.35,-23.0999994836748,-65.));
#9834=CARTESIAN_POINT('Origin',(-85.,-23.0999994836748,-65.));
#9835=CARTESIAN_POINT('',(-82.,-17.5999994836748,-65.));
#9836=CARTESIAN_POINT('',(-82.,-23.0999994836748,-65.));
#9837=CARTESIAN_POINT('Origin',(-85.,-17.5999994836748,-65.));
#9838=CARTESIAN_POINT('Origin',(-85.,-17.5999994836748,-65.));
#9839=CARTESIAN_POINT('Origin',(-85.,23.0999994836748,-65.));
#9840=CARTESIAN_POINT('',(-83.35,17.5999994836748,-65.));
#9841=CARTESIAN_POINT('Origin',(-85.,17.5999994836748,-65.));
#9842=CARTESIAN_POINT('',(-83.35,23.0999994836748,-65.));
#9843=CARTESIAN_POINT('Origin',(40.,23.0999994836748,-30.));
#9844=CARTESIAN_POINT('',(41.65,17.5999994836748,-30.));
#9845=CARTESIAN_POINT('Origin',(40.,17.5999994836748,-30.));
#9846=CARTESIAN_POINT('',(41.65,13.0999994836748,-30.));
#9847=CARTESIAN_POINT('',(41.65,23.0999994836748,-30.));
#9848=CARTESIAN_POINT('Origin',(40.,13.1,-30.));
#9849=CARTESIAN_POINT('Origin',(85.,23.0999994836748,-65.));
#9850=CARTESIAN_POINT('',(86.65,17.5999994836748,-65.));
#9851=CARTESIAN_POINT('Origin',(85.,17.5999994836748,-65.));
#9852=CARTESIAN_POINT('',(86.65,23.0999994836748,-65.));
#9853=CARTESIAN_POINT('Origin',(-67.5359348597446,23.0999994836748,-60.0207428367763));
#9854=CARTESIAN_POINT('',(-65.8859348597446,17.5999994836748,-60.0207428367763));
#9855=CARTESIAN_POINT('Origin',(-67.5359348597446,17.5999994836748,-60.0207428367763));
#9856=CARTESIAN_POINT('',(-65.8859348597446,23.0999994836748,-60.0207428367763));
#9857=CARTESIAN_POINT('Origin',(-40.,23.0999994836748,-30.));
#9858=CARTESIAN_POINT('',(-38.35,17.5999994836748,-30.));
#9859=CARTESIAN_POINT('Origin',(-40.,17.5999994836748,-30.));
#9860=CARTESIAN_POINT('',(-38.35,13.0999994836748,-30.));
#9861=CARTESIAN_POINT('',(-38.35,23.0999994836748,-30.));
#9862=CARTESIAN_POINT('Origin',(-40.,13.1,-30.));
#9863=CARTESIAN_POINT('Origin',(67.5359348597446,23.0999994836748,-60.0207428367763));
#9864=CARTESIAN_POINT('',(69.1859348597446,17.5999994836748,-60.0207428367763));
#9865=CARTESIAN_POINT('Origin',(67.5359348597446,17.5999994836748,-60.0207428367763));
#9866=CARTESIAN_POINT('',(69.1859348597446,23.0999994836748,-60.0207428367763));
#9867=CARTESIAN_POINT('Origin',(-85.,23.0999994836748,-65.));
#9868=CARTESIAN_POINT('',(-82.,23.0999994836748,-65.));
#9869=CARTESIAN_POINT('Origin',(-85.,23.0999994836748,-65.));
#9870=CARTESIAN_POINT('',(-82.,17.5999994836748,-65.));
#9871=CARTESIAN_POINT('',(-82.,23.0999994836748,-65.));
#9872=CARTESIAN_POINT('Origin',(-85.,17.5999994836748,-65.));
#9873=CARTESIAN_POINT('Origin',(-85.,17.5999994836748,-65.));
#9874=CARTESIAN_POINT('Origin',(40.,23.0999994836748,-30.));
#9875=CARTESIAN_POINT('',(43.,23.0999994836748,-30.));
#9876=CARTESIAN_POINT('Origin',(40.,23.0999994836748,-30.));
#9877=CARTESIAN_POINT('',(43.,17.5999994836748,-30.));
#9878=CARTESIAN_POINT('',(43.,23.0999994836748,-30.));
#9879=CARTESIAN_POINT('Origin',(40.,17.5999994836748,-30.));
#9880=CARTESIAN_POINT('Origin',(40.,17.5999994836748,-30.));
#9881=CARTESIAN_POINT('Origin',(67.5359348597446,23.0999994836748,-60.0207428367763));
#9882=CARTESIAN_POINT('',(70.5359348597446,23.0999994836748,-60.0207428367763));
#9883=CARTESIAN_POINT('Origin',(67.5359348597446,23.0999994836748,-60.0207428367763));
#9884=CARTESIAN_POINT('',(70.5359348597446,17.5999994836748,-60.0207428367763));
#9885=CARTESIAN_POINT('',(70.5359348597446,23.0999994836748,-60.0207428367763));
#9886=CARTESIAN_POINT('Origin',(67.5359348597446,17.5999994836748,-60.0207428367763));
#9887=CARTESIAN_POINT('Origin',(67.5359348597446,17.5999994836748,-60.0207428367763));
#9888=CARTESIAN_POINT('Origin',(-67.5359348597446,23.0999994836748,-60.0207428367763));
#9889=CARTESIAN_POINT('',(-64.5359348597446,23.0999994836748,-60.0207428367763));
#9890=CARTESIAN_POINT('Origin',(-67.5359348597446,23.0999994836748,-60.0207428367763));
#9891=CARTESIAN_POINT('',(-64.5359348597446,17.5999994836748,-60.0207428367763));
#9892=CARTESIAN_POINT('',(-64.5359348597446,23.0999994836748,-60.0207428367763));
#9893=CARTESIAN_POINT('Origin',(-67.5359348597446,17.5999994836748,-60.0207428367763));
#9894=CARTESIAN_POINT('Origin',(-67.5359348597446,17.5999994836748,-60.0207428367763));
#9895=CARTESIAN_POINT('Origin',(-40.,23.0999994836748,-30.));
#9896=CARTESIAN_POINT('',(-37.,23.0999994836748,-30.));
#9897=CARTESIAN_POINT('Origin',(-40.,23.0999994836748,-30.));
#9898=CARTESIAN_POINT('',(-37.,17.5999994836748,-30.));
#9899=CARTESIAN_POINT('',(-37.,23.0999994836748,-30.));
#9900=CARTESIAN_POINT('Origin',(-40.,17.5999994836748,-30.));
#9901=CARTESIAN_POINT('Origin',(-40.,17.5999994836748,-30.));
#9902=CARTESIAN_POINT('Origin',(85.,23.0999994836748,-65.));
#9903=CARTESIAN_POINT('',(88.,23.0999994836748,-65.));
#9904=CARTESIAN_POINT('Origin',(85.,23.0999994836748,-65.));
#9905=CARTESIAN_POINT('',(88.,17.5999994836748,-65.));
#9906=CARTESIAN_POINT('',(88.,23.0999994836748,-65.));
#9907=CARTESIAN_POINT('Origin',(85.,17.5999994836748,-65.));
#9908=CARTESIAN_POINT('Origin',(85.,17.5999994836748,-65.));
#9909=CARTESIAN_POINT('Origin',(90.,13.1,-60.));
#9910=CARTESIAN_POINT('',(90.,23.1,-60.));
#9911=CARTESIAN_POINT('',(90.,13.1,-60.));
#9912=CARTESIAN_POINT('',(90.,23.1,-60.));
#9913=CARTESIAN_POINT('Origin',(-70.1261900812923,13.1,-55.9630826985127));
#9914=CARTESIAN_POINT('',(-62.1760547113553,23.1,-51.9261653970255));
#9915=CARTESIAN_POINT('',(-62.1760547113553,13.1,-51.9261653970255));
#9916=CARTESIAN_POINT('',(-78.0763254512292,23.1,-60.));
#9917=CARTESIAN_POINT('',(-84.8963750569816,23.0999994836748,-63.4630826985127));
#9918=CARTESIAN_POINT('',(-78.0763254512292,13.1,-60.));
#9919=CARTESIAN_POINT('Origin',(-18.25,13.1,8.18153408597679));
#9920=CARTESIAN_POINT('',(-18.25,13.1,8.1815340859768));
#9921=CARTESIAN_POINT('',(-68.0763254512292,13.1,-60.));
#9922=CARTESIAN_POINT('',(-18.25,23.1,8.1815340859768));
#9923=CARTESIAN_POINT('',(-18.25,13.1,8.1815340859768));
#9924=CARTESIAN_POINT('',(-68.0763254512292,23.1,-60.));
#9925=CARTESIAN_POINT('Origin',(-68.0763254512292,-13.1,-60.));
#9926=CARTESIAN_POINT('',(-90.,-13.1,-60.));
#9927=CARTESIAN_POINT('Origin',(-68.000001013279,-23.1,-75.0000011175871));
#9928=CARTESIAN_POINT('',(-71.000001013279,-23.1,-75.0000011175871));
#9929=CARTESIAN_POINT('Origin',(68.000001013279,-23.1,-75.0000011175871));
#9930=CARTESIAN_POINT('',(65.000001013279,-23.1,-75.0000011175871));
#9931=CARTESIAN_POINT('Origin',(68.000001013279,-23.1,-75.0000011175871));
#9932=CARTESIAN_POINT('',(65.000001013279,-23.1,-75.0000011175871));
#9933=CARTESIAN_POINT('Origin',(0.,13.1,0.));
#9934=CARTESIAN_POINT('',(-3.,13.1,-3.67394039744206E-16));
#9935=CARTESIAN_POINT('',(-3.,13.1,-3.67394039744206E-16));
#9936=CARTESIAN_POINT('Origin',(0.,13.1,0.));
#9937=CARTESIAN_POINT('Origin',(-68.0763254512292,13.1,-60.));
#9938=CARTESIAN_POINT('',(-90.,23.1,-60.));
#9939=CARTESIAN_POINT('',(-90.,23.1,-60.));
#9940=CARTESIAN_POINT('',(-90.,13.1,-60.));
#9941=CARTESIAN_POINT('Origin',(0.,13.1,0.));
#9942=CARTESIAN_POINT('Origin',(0.,13.1,0.));
#9943=CARTESIAN_POINT('Origin',(0.,23.1,0.));
#9944=CARTESIAN_POINT('Origin',(0.,13.1,-35.));
#9945=CARTESIAN_POINT('',(0.,13.1,-90.));
#9946=CARTESIAN_POINT('Origin',(0.,-2.58162615729418E-7,-90.));
#9947=CARTESIAN_POINT('',(90.,-23.1,-90.));
#9948=CARTESIAN_POINT('',(-90.,23.0999994836748,-90.));
#9949=CARTESIAN_POINT('Origin',(-90.,23.0999994836748,-90.));
#9950=CARTESIAN_POINT('',(90.,23.0999994836748,-95.));
#9951=CARTESIAN_POINT('',(90.,23.0999994836748,-90.));
#9952=CARTESIAN_POINT('',(-90.,23.0999994836748,-95.));
#9953=CARTESIAN_POINT('',(90.,23.0999994836748,-95.));
#9954=CARTESIAN_POINT('',(-90.,23.1,-90.));
#9955=CARTESIAN_POINT('Origin',(0.,-2.58162615729418E-7,-95.));
#9956=CARTESIAN_POINT('',(90.,-23.1,-95.));
#9957=CARTESIAN_POINT('',(-90.,23.0999994836748,-95.));
#9958=CARTESIAN_POINT('Origin',(0.,-13.1,0.));
#9959=CARTESIAN_POINT('',(-3.,-13.1,-3.67394039744206E-16));
#9960=CARTESIAN_POINT('Origin',(-90.,-13.1,-60.));
#9961=CARTESIAN_POINT('Origin',(-18.25,-13.1,8.18153408597679));
#9962=CARTESIAN_POINT('',(-18.25,-13.1,8.1815340859768));
#9963=CARTESIAN_POINT('Origin',(0.,-13.1,0.));
#9964=CARTESIAN_POINT('Origin',(90.,-13.1,-60.));
#9965=CARTESIAN_POINT('',(90.,-13.1,-60.));
#9966=CARTESIAN_POINT('Origin',(90.,-13.1,-90.));
#9967=CARTESIAN_POINT('',(0.,0.,0.));
#9968=CARTESIAN_POINT('Origin',(0.,0.,145.));
#9969=CARTESIAN_POINT('',(4.5,5.51091059616309E-16,145.));
#9970=CARTESIAN_POINT('Origin',(0.,0.,145.));
#9971=CARTESIAN_POINT('',(4.5,-5.51091059616309E-16,220.000002086163));
#9972=CARTESIAN_POINT('',(4.5,5.51091059616309E-16,145.));
#9973=CARTESIAN_POINT('Origin',(0.,0.,220.000002086163));
#9974=CARTESIAN_POINT('Origin',(0.,0.,145.));
#9975=CARTESIAN_POINT('',(2.59999994188547,3.18408160661335E-16,145.));
#9976=CARTESIAN_POINT('Origin',(0.,0.,145.));
#9977=CARTESIAN_POINT('Origin',(0.,0.,140.));
#9978=CARTESIAN_POINT('',(2.59999994188547,3.18408160661335E-16,140.));
#9979=CARTESIAN_POINT('Origin',(0.,0.,140.000002086163));
#9980=CARTESIAN_POINT('',(2.59999994188547,3.18408160661335E-16,140.));
#9981=CARTESIAN_POINT('Origin',(6.23318953628089E-15,0.,220.000002086163));
#9982=CARTESIAN_POINT('',(-10.0000002235174,-1.22464682652034E-15,220.000002086163));
#9983=CARTESIAN_POINT('Origin',(6.23318953628089E-15,0.,220.000002086163));
#9984=CARTESIAN_POINT('Origin',(1.26546455968723E-15,8.00000011920929,140.000002086163));
#9985=CARTESIAN_POINT('',(2.24518201360404E-15,-8.00000011920929,140.000002086163));
#9986=CARTESIAN_POINT('Origin',(1.26546455968723E-15,0.,140.000002086163));
#9987=CARTESIAN_POINT('Origin',(1.35860940438633E-15,0.,141.500002108514));
#9988=CARTESIAN_POINT('',(3.28872447517944E-15,-15.0000002235174,143.000002130866));
#9989=CARTESIAN_POINT('Origin',(1.45175424908543E-15,0.,143.000002130866));
#9990=CARTESIAN_POINT('',(2.76695324439174E-15,-11.5000001713634,141.500002108514));
#9991=CARTESIAN_POINT('Origin',(3.68723048716461E-15,0.,179.000002108514));
#9992=CARTESIAN_POINT('',(7.7596769513378E-15,-15.0000002235174,215.000002086163));
#9993=CARTESIAN_POINT('',(-15.0000002235174,-1.83697022609402E-15,215.000002086163));
#9994=CARTESIAN_POINT('Origin',(5.92270672524378E-15,0.,215.000002086163));
#9995=CARTESIAN_POINT('',(5.52420071325862E-15,-15.0000002235174,179.000002108514));
#9996=CARTESIAN_POINT('Origin',(5.92270672524378E-15,0.,215.000002086163));
#9997=CARTESIAN_POINT('Origin',(5.92270672524378E-15,0.,215.000002086163));
#9998=CARTESIAN_POINT('Origin',(-10.0000002235174,-1.22464682652034E-15,
215.000002086163));
#9999=CARTESIAN_POINT('',(0.,0.,0.));
#10000=CARTESIAN_POINT('Origin',(42.7500006258488,-3.,-50.7969947570047));
#10001=CARTESIAN_POINT('',(43.5000006258488,-3.,-51.5469947570047));
#10002=CARTESIAN_POINT('',(42.0000006258488,-3.,-50.0469947570047));
#10003=CARTESIAN_POINT('',(39.7463635674325,-3.,-47.7933576985884));
#10004=CARTESIAN_POINT('',(42.0000006258488,-8.,-50.0469947570047));
#10005=CARTESIAN_POINT('',(42.0000006258488,-3.,-50.0469947570047));
#10006=CARTESIAN_POINT('',(43.5000006258488,-8.,-51.5469947570047));
#10007=CARTESIAN_POINT('',(39.7463635674325,-8.,-47.7933576985884));
#10008=CARTESIAN_POINT('',(43.5000006258488,-3.,-51.5469947570047));
#10009=CARTESIAN_POINT('Origin',(42.0000006258488,-3.,-51.5469947570047));
#10010=CARTESIAN_POINT('',(42.0000006258488,-3.,-37.3678294470241));
#10011=CARTESIAN_POINT('',(42.0000006258488,-3.,-54.9848422552186));
#10012=CARTESIAN_POINT('',(42.0000006258488,-8.,-37.3678294470241));
#10013=CARTESIAN_POINT('',(42.0000006258488,-1.5,-37.3678294470241));
#10014=CARTESIAN_POINT('',(42.0000006258488,-8.,-54.9848422552186));
#10015=CARTESIAN_POINT('Origin',(42.7500006258488,3.3,-50.7969947570047));
#10016=CARTESIAN_POINT('',(42.0000006258488,3.3,-50.0469947570047));
#10017=CARTESIAN_POINT('',(43.5000006258488,3.3,-51.5469947570047));
#10018=CARTESIAN_POINT('',(39.7463635674325,3.3,-47.7933576985884));
#10019=CARTESIAN_POINT('',(43.5000006258488,8.3,-51.5469947570047));
#10020=CARTESIAN_POINT('',(43.5000006258488,3.3,-51.5469947570047));
#10021=CARTESIAN_POINT('',(42.0000006258488,8.3,-50.0469947570047));
#10022=CARTESIAN_POINT('',(39.7463635674325,8.3,-47.7933576985884));
#10023=CARTESIAN_POINT('',(42.0000006258488,3.3,-50.0469947570047));
#10024=CARTESIAN_POINT('Origin',(42.0000006258488,3.3,-51.5469947570047));
#10025=CARTESIAN_POINT('',(52.36198081349,3.3,-51.5469947570047));
#10026=CARTESIAN_POINT('',(42.0000006258488,3.3,-51.5469947570047));
#10027=CARTESIAN_POINT('',(52.36198081349,8.3,-51.5469947570047));
#10028=CARTESIAN_POINT('',(52.36198081349,1.65,-51.5469947570047));
#10029=CARTESIAN_POINT('',(42.0000006258488,8.3,-51.5469947570047));
#10030=CARTESIAN_POINT('Origin',(31.9536064356215,-3.,-53.9848422552186));
#10031=CARTESIAN_POINT('',(32.9536064356215,-8.,-54.9848422552186));
#10032=CARTESIAN_POINT('',(30.9536064356215,-8.,-52.9848422552186));
#10033=CARTESIAN_POINT('',(30.8521060502086,-8.,-52.8833418698056));
#10034=CARTESIAN_POINT('',(30.9536064356215,-3.,-52.9848422552186));
#10035=CARTESIAN_POINT('',(30.9536064356215,-3.,-52.9848422552186));
#10036=CARTESIAN_POINT('',(32.9536064356215,-3.,-54.9848422552186));
#10037=CARTESIAN_POINT('',(30.8521060502086,-3.,-52.8833418698056));
#10038=CARTESIAN_POINT('',(32.9536064356215,-3.,-54.9848422552186));
#10039=CARTESIAN_POINT('Origin',(42.9139644528749,-3.,-38.6184826963134));
#10040=CARTESIAN_POINT('',(30.9536064356215,-3.,-22.2521231374083));
#10041=CARTESIAN_POINT('',(30.9536064356215,-3.,-22.2521231374083));
#10042=CARTESIAN_POINT('',(35.4553565377671,-3.,-28.4122448252181));
#10043=CARTESIAN_POINT('',(52.36198081349,-3.,-51.5469947570047));
#10044=CARTESIAN_POINT('',(42.0000006258488,-3.,-51.5469947570047));
#10045=CARTESIAN_POINT('',(54.8743224701282,-3.,-54.9848422552186));
#10046=CARTESIAN_POINT('',(35.4553565377671,-3.,-28.4122448252181));
#10047=CARTESIAN_POINT('',(42.0000006258488,-3.,-54.9848422552186));
#10048=CARTESIAN_POINT('',(33.3121170245172,-3.,-42.1308494080227));
#10049=CARTESIAN_POINT('Origin',(34.3621170245172,-3.,-42.1308494080227));
#10050=CARTESIAN_POINT('',(33.3146636847306,-3.,-51.6262316734108));
#10051=CARTESIAN_POINT('Origin',(34.3646636847306,-3.,-51.6262316734108));
#10052=CARTESIAN_POINT('Origin',(30.9536064356215,-3.,-22.2521231374083));
#10053=CARTESIAN_POINT('',(30.9536064356215,-8.,-22.2521231374083));
#10054=CARTESIAN_POINT('',(30.9536064356215,-8.,-22.2521231374083));
#10055=CARTESIAN_POINT('',(30.9536064356215,-1.5,-22.2521231374083));
#10056=CARTESIAN_POINT('Origin',(31.9536064356215,3.3,-53.9848422552186));
#10057=CARTESIAN_POINT('',(30.9536064356215,8.3,-52.9848422552186));
#10058=CARTESIAN_POINT('',(32.9536064356215,8.3,-54.9848422552186));
#10059=CARTESIAN_POINT('',(30.8521060502086,8.3,-52.8833418698056));
#10060=CARTESIAN_POINT('',(32.9536064356215,3.3,-54.9848422552186));
#10061=CARTESIAN_POINT('',(32.9536064356215,3.3,-54.9848422552186));
#10062=CARTESIAN_POINT('',(30.9536064356215,3.3,-52.9848422552186));
#10063=CARTESIAN_POINT('',(30.8521060502086,3.3,-52.8833418698056));
#10064=CARTESIAN_POINT('',(30.9536064356215,3.3,-52.9848422552186));
#10065=CARTESIAN_POINT('Origin',(42.9139644528749,3.3,-38.6184826963134));
#10066=CARTESIAN_POINT('',(54.8743224701282,3.3,-54.9848422552186));
#10067=CARTESIAN_POINT('',(42.0000006258488,3.3,-54.9848422552186));
#10068=CARTESIAN_POINT('',(35.4553565377671,3.3,-28.4122448252181));
#10069=CARTESIAN_POINT('',(42.0000006258488,3.3,-37.3678294470241));
#10070=CARTESIAN_POINT('',(42.0000006258488,3.3,-54.9848422552186));
#10071=CARTESIAN_POINT('',(30.9536064356215,3.3,-22.2521231374083));
#10072=CARTESIAN_POINT('',(35.4553565377671,3.3,-28.4122448252181));
#10073=CARTESIAN_POINT('',(30.9536064356215,3.3,-22.2521231374083));
#10074=CARTESIAN_POINT('',(33.3146636847306,3.3,-51.6262316734108));
#10075=CARTESIAN_POINT('Origin',(34.3646636847306,3.3,-51.6262316734108));
#10076=CARTESIAN_POINT('',(33.3121170245172,3.3,-42.1308494080227));
#10077=CARTESIAN_POINT('Origin',(34.3621170245172,3.3,-42.1308494080227));
#10078=CARTESIAN_POINT('Origin',(54.8743224701282,3.3,-54.9848422552186));
#10079=CARTESIAN_POINT('',(54.8743224701282,8.3,-54.9848422552186));
#10080=CARTESIAN_POINT('',(42.0000006258488,8.3,-54.9848422552186));
#10081=CARTESIAN_POINT('',(54.8743224701282,1.65,-54.9848422552186));
#10082=CARTESIAN_POINT('Origin',(34.3621170245172,-8.,-42.1308494080227));
#10083=CARTESIAN_POINT('',(32.3621170245172,-8.,-42.1308494080227));
#10084=CARTESIAN_POINT('Origin',(34.3621170245172,-8.,-42.1308494080227));
#10085=CARTESIAN_POINT('',(32.3621170245172,-5.,-42.1308494080227));
#10086=CARTESIAN_POINT('',(32.3621170245172,-8.,-42.1308494080227));
#10087=CARTESIAN_POINT('Origin',(34.3621170245172,-5.,-42.1308494080227));
#10088=CARTESIAN_POINT('Origin',(34.3621170245172,-5.,-42.1308494080227));
#10089=CARTESIAN_POINT('',(33.3121170245172,-5.,-42.1308494080227));
#10090=CARTESIAN_POINT('Origin',(34.3621170245172,-5.,-42.1308494080227));
#10091=CARTESIAN_POINT('Origin',(34.3646636847306,-8.,-51.6262316734108));
#10092=CARTESIAN_POINT('',(32.3646636847306,-8.,-51.6262316734108));
#10093=CARTESIAN_POINT('Origin',(34.3646636847306,-8.,-51.6262316734108));
#10094=CARTESIAN_POINT('',(32.3646636847306,-5.,-51.6262316734108));
#10095=CARTESIAN_POINT('',(32.3646636847306,-8.,-51.6262316734108));
#10096=CARTESIAN_POINT('Origin',(34.3646636847306,-5.,-51.6262316734108));
#10097=CARTESIAN_POINT('Origin',(34.3646636847306,-5.,-51.6262316734108));
#10098=CARTESIAN_POINT('',(33.3146636847306,-5.,-51.6262316734108));
#10099=CARTESIAN_POINT('Origin',(34.3646636847306,-5.,-51.6262316734108));
#10100=CARTESIAN_POINT('Origin',(34.3621170245172,-3.,-42.1308494080227));
#10101=CARTESIAN_POINT('',(33.3121170245172,-3.,-42.1308494080227));
#10102=CARTESIAN_POINT('Origin',(34.3646636847306,-3.,-51.6262316734108));
#10103=CARTESIAN_POINT('',(33.3146636847306,-3.,-51.6262316734108));
#10104=CARTESIAN_POINT('Origin',(52.36198081349,-3.,-51.5469947570047));
#10105=CARTESIAN_POINT('',(52.36198081349,-8.,-51.5469947570047));
#10106=CARTESIAN_POINT('',(42.0000006258488,-8.,-51.5469947570047));
#10107=CARTESIAN_POINT('',(52.36198081349,-1.5,-51.5469947570047));
#10108=CARTESIAN_POINT('Origin',(30.9536064356215,-3.,-54.9848422552186));
#10109=CARTESIAN_POINT('',(54.8743224701282,-8.,-54.9848422552186));
#10110=CARTESIAN_POINT('',(54.8743224701282,-1.5,-54.9848422552186));
#10111=CARTESIAN_POINT('',(42.0000006258488,-8.,-54.9848422552186));
#10112=CARTESIAN_POINT('Origin',(42.9139644528749,-8.,-38.6184826963134));
#10113=CARTESIAN_POINT('',(35.4553565377671,-8.,-28.4122448252181));
#10114=CARTESIAN_POINT('',(35.4553565377671,-8.,-28.4122448252181));
#10115=CARTESIAN_POINT('Origin',(34.3646636847306,3.3,-51.6262316734108));
#10116=CARTESIAN_POINT('',(33.3146636847306,8.3,-51.6262316734108));
#10117=CARTESIAN_POINT('Origin',(34.3646636847306,8.3,-51.6262316734108));
#10118=CARTESIAN_POINT('',(33.3146636847306,3.3,-51.6262316734108));
#10119=CARTESIAN_POINT('Origin',(34.3621170245172,3.3,-42.1308494080227));
#10120=CARTESIAN_POINT('',(33.3121170245172,8.3,-42.1308494080227));
#10121=CARTESIAN_POINT('Origin',(34.3621170245172,8.3,-42.1308494080227));
#10122=CARTESIAN_POINT('',(33.3121170245172,3.3,-42.1308494080227));
#10123=CARTESIAN_POINT('Origin',(30.9536064356215,3.3,-54.9848422552186));
#10124=CARTESIAN_POINT('',(30.9536064356215,8.3,-22.2521231374083));
#10125=CARTESIAN_POINT('',(30.9536064356215,1.65,-22.2521231374083));
#10126=CARTESIAN_POINT('',(30.9536064356215,8.3,-22.2521231374083));
#10127=CARTESIAN_POINT('Origin',(42.0000006258488,3.3,-37.3678294470241));
#10128=CARTESIAN_POINT('',(42.0000006258488,8.3,-37.3678294470241));
#10129=CARTESIAN_POINT('',(42.0000006258488,8.3,-54.9848422552186));
#10130=CARTESIAN_POINT('',(42.0000006258488,1.65,-37.3678294470241));
#10131=CARTESIAN_POINT('Origin',(42.9139644528749,8.3,-38.6184826963134));
#10132=CARTESIAN_POINT('',(35.4553565377671,8.3,-28.4122448252181));
#10133=CARTESIAN_POINT('',(35.4553565377671,8.3,-28.4122448252181));
#10134=CARTESIAN_POINT('Origin',(58.9983743113296,13.1,-41.5053646627448));
#10135=CARTESIAN_POINT('',(78.0763254512292,13.1,-60.));
#10136=CARTESIAN_POINT('',(90.,13.1,-60.));
#10137=CARTESIAN_POINT('',(68.5373498812794,13.1,-60.));
#10138=CARTESIAN_POINT('',(90.,13.1,-70.));
#10139=CARTESIAN_POINT('',(90.,13.1,-50.7526823313724));
#10140=CARTESIAN_POINT('',(74.5901172830838,13.1,-66.8655919343022));
#10141=CARTESIAN_POINT('',(72.3322094261684,13.1,-66.4063279198819));
#10142=CARTESIAN_POINT('',(57.0465983464682,13.1,-57.95734926563));
#10143=CARTESIAN_POINT('',(63.2734369070384,13.1,-61.1192114414351));
#10144=CARTESIAN_POINT('',(27.9967486226592,13.1,-18.2060069541227));
#10145=CARTESIAN_POINT('',(53.4676535422117,13.1,-53.0599793521674));
#10146=CARTESIAN_POINT('',(28.6488177815894,13.1,-14.0137753512681));
#10147=CARTESIAN_POINT('',(26.5936932296913,13.1,-27.2264200167587));
#10148=CARTESIAN_POINT('',(30.0213696640951,13.1,-13.0107293254896));
#10149=CARTESIAN_POINT('',(31.9925753778307,13.1,-11.5701935742691));
#10150=CARTESIAN_POINT('',(34.2136012669496,13.1,-13.6627984844198));
#10151=CARTESIAN_POINT('',(46.3313384243272,13.1,-15.5476186529829));
#10152=CARTESIAN_POINT('',(62.1760547113553,13.1,-51.9261653970255));
#10153=CARTESIAN_POINT('',(45.1595813245976,13.1,-28.6410997267109));
#10154=CARTESIAN_POINT('',(58.8095097052469,13.1,-50.2167022056456));
#10155=CARTESIAN_POINT('',(38.4750005960464,13.1,-30.0000004470348));
#10156=CARTESIAN_POINT('Origin',(40.0000005960464,13.1,-30.0000004470348));
#10157=CARTESIAN_POINT('',(83.475,13.1,-65.));
#10158=CARTESIAN_POINT('Origin',(85.,13.1,-65.));
#10159=CARTESIAN_POINT('',(65.8859348597446,13.1,-60.0207428367763));
#10160=CARTESIAN_POINT('Origin',(67.5359348597446,13.1,-60.0207428367763));
#10161=CARTESIAN_POINT('Origin',(62.1760547113553,0.,-51.9261653970255));
#10162=CARTESIAN_POINT('',(62.1760547113553,-13.1,-51.9261653970255));
#10163=CARTESIAN_POINT('',(34.2136012669496,-13.1,-13.6627984844198));
#10164=CARTESIAN_POINT('',(59.1408080468004,-13.1,-47.7727831830137));
#10165=CARTESIAN_POINT('',(62.1760547113553,0.,-51.9261653970255));
#10166=CARTESIAN_POINT('',(34.2136012669496,0.,-13.6627984844198));
#10167=CARTESIAN_POINT('Origin',(78.0763254512292,0.,-60.));
#10168=CARTESIAN_POINT('',(78.0763254512292,-13.1,-60.));
#10169=CARTESIAN_POINT('',(66.7596450751838,-13.1,-54.2536195071328));
#10170=CARTESIAN_POINT('',(78.0763254512292,0.,-60.));
#10171=CARTESIAN_POINT('Origin',(90.,0.,-60.));
#10172=CARTESIAN_POINT('',(90.,-13.1,-60.));
#10173=CARTESIAN_POINT('',(74.4991871556648,-13.1,-60.));
#10174=CARTESIAN_POINT('',(90.,0.,-60.));
#10175=CARTESIAN_POINT('Origin',(90.,0.,-70.));
#10176=CARTESIAN_POINT('',(90.,-13.1,-70.));
#10177=CARTESIAN_POINT('',(90.,-13.1,-55.7526823313724));
#10178=CARTESIAN_POINT('',(90.,0.,-70.));
#10179=CARTESIAN_POINT('Origin',(74.5901172830838,0.,-66.8655919343022));
#10180=CARTESIAN_POINT('',(74.5901172830838,-13.1,-66.8655919343022));
#10181=CARTESIAN_POINT('',(64.6272680677103,-13.1,-64.839123887033));
#10182=CARTESIAN_POINT('',(74.5901172830838,0.,-66.8655919343022));
#10183=CARTESIAN_POINT('Origin',(40.0000005960464,0.,-30.0000004470348));
#10184=CARTESIAN_POINT('',(38.4750005960464,-13.1,-30.0000004470348));
#10185=CARTESIAN_POINT('Origin',(40.0000005960464,-13.1,-30.0000004470348));
#10186=CARTESIAN_POINT('',(38.4750005960464,0.,-30.0000004470348));
#10187=CARTESIAN_POINT('Origin',(85.,0.,-65.));
#10188=CARTESIAN_POINT('',(83.475,-13.1,-65.));
#10189=CARTESIAN_POINT('Origin',(85.,-13.1,-65.));
#10190=CARTESIAN_POINT('',(83.475,0.,-65.));
#10191=CARTESIAN_POINT('Origin',(67.5359348597446,0.,-60.0207428367763));
#10192=CARTESIAN_POINT('',(65.8859348597446,-13.1,-60.0207428367763));
#10193=CARTESIAN_POINT('Origin',(67.5359348597446,-13.1,-60.0207428367763));
#10194=CARTESIAN_POINT('',(65.8859348597446,0.,-60.0207428367763));
#10195=CARTESIAN_POINT('Origin',(57.0465983464682,0.,-57.95734926563));
#10196=CARTESIAN_POINT('',(57.0465983464682,-13.1,-57.95734926563));
#10197=CARTESIAN_POINT('',(54.5016774387306,-13.1,-56.665090107099));
#10198=CARTESIAN_POINT('',(57.0465983464682,0.,-57.95734926563));
#10199=CARTESIAN_POINT('Origin',(27.9967486226592,0.,-18.2060069541227));
#10200=CARTESIAN_POINT('',(27.9967486226592,-13.1,-18.2060069541227));
#10201=CARTESIAN_POINT('',(38.9427286803072,-13.1,-33.1843081964138));
#10202=CARTESIAN_POINT('',(27.9967486226592,0.,-18.2060069541227));
#10203=CARTESIAN_POINT('Origin',(28.6488177815894,0.,-14.0137753512681));
#10204=CARTESIAN_POINT('',(28.6488177815894,-13.1,-14.0137753512681));
#10205=CARTESIAN_POINT('',(26.9197278091564,-13.1,-25.1303042153314));
#10206=CARTESIAN_POINT('',(28.6488177815894,0.,-14.0137753512681));
#10207=CARTESIAN_POINT('Origin',(30.0213696640951,0.,-13.0107293254896));
#10208=CARTESIAN_POINT('',(30.0213696640951,-13.1,-13.0107293254896));
#10209=CARTESIAN_POINT('',(32.6788513190835,-13.1,-11.0686705613798));
#10210=CARTESIAN_POINT('',(30.0213696640951,0.,-13.0107293254896));
#10211=CARTESIAN_POINT('Origin',(34.2136012669496,0.,-13.6627984844198));
#10212=CARTESIAN_POINT('',(48.4274542257544,-13.1,-15.873653232448));
#10213=CARTESIAN_POINT('Origin',(58.9983743113296,-13.1,-41.5053646627448));
#10214=CARTESIAN_POINT('Origin',(-42.7500006258488,-3.,-50.7969947570047));
#10215=CARTESIAN_POINT('',(-43.5000006258488,-3.,-51.5469947570047));
#10216=CARTESIAN_POINT('',(-42.0000006258488,-3.,-50.0469947570047));
#10217=CARTESIAN_POINT('',(-39.7463635674325,-3.,-47.7933576985884));
#10218=CARTESIAN_POINT('',(-43.5000006258488,-8.,-51.5469947570047));
#10219=CARTESIAN_POINT('',(-43.5000006258488,-3.,-51.5469947570047));
#10220=CARTESIAN_POINT('',(-42.0000006258488,-8.,-50.0469947570047));
#10221=CARTESIAN_POINT('',(-39.7463635674325,-8.,-47.7933576985884));
#10222=CARTESIAN_POINT('',(-42.0000006258488,-3.,-50.0469947570047));
#10223=CARTESIAN_POINT('Origin',(-42.0000006258488,-3.,-51.5469947570047));
#10224=CARTESIAN_POINT('',(-42.0000006258488,-8.,-37.3678294470241));
#10225=CARTESIAN_POINT('',(-42.0000006258488,-8.,-54.9848422552186));
#10226=CARTESIAN_POINT('',(-42.0000006258488,-3.,-37.3678294470241));
#10227=CARTESIAN_POINT('',(-42.0000006258488,-1.5,-37.3678294470241));
#10228=CARTESIAN_POINT('',(-42.0000006258488,-3.,-54.9848422552186));
#10229=CARTESIAN_POINT('Origin',(-42.7500006258488,3.3,-50.7969947570047));
#10230=CARTESIAN_POINT('',(-42.0000006258488,3.3,-50.0469947570047));
#10231=CARTESIAN_POINT('',(-43.5000006258488,3.3,-51.5469947570047));
#10232=CARTESIAN_POINT('',(-39.7463635674325,3.3,-47.7933576985884));
#10233=CARTESIAN_POINT('',(-42.0000006258488,8.3,-50.0469947570047));
#10234=CARTESIAN_POINT('',(-42.0000006258488,3.3,-50.0469947570047));
#10235=CARTESIAN_POINT('',(-43.5000006258488,8.3,-51.5469947570047));
#10236=CARTESIAN_POINT('',(-39.7463635674325,8.3,-47.7933576985884));
#10237=CARTESIAN_POINT('',(-43.5000006258488,3.3,-51.5469947570047));
#10238=CARTESIAN_POINT('Origin',(-42.0000006258488,3.3,-51.5469947570047));
#10239=CARTESIAN_POINT('',(-52.36198081349,8.3,-51.5469947570047));
#10240=CARTESIAN_POINT('',(-42.0000006258488,8.3,-51.5469947570047));
#10241=CARTESIAN_POINT('',(-52.36198081349,3.3,-51.5469947570047));
#10242=CARTESIAN_POINT('',(-52.36198081349,1.65,-51.5469947570047));
#10243=CARTESIAN_POINT('',(-42.0000006258488,3.3,-51.5469947570047));
#10244=CARTESIAN_POINT('Origin',(-31.9536064356215,-3.,-53.9848422552186));
#10245=CARTESIAN_POINT('',(-32.9536064356215,-8.,-54.9848422552186));
#10246=CARTESIAN_POINT('',(-30.9536064356215,-8.,-52.9848422552186));
#10247=CARTESIAN_POINT('',(-30.8521060502086,-8.,-52.8833418698056));
#10248=CARTESIAN_POINT('',(-32.9536064356215,-3.,-54.9848422552186));
#10249=CARTESIAN_POINT('',(-32.9536064356215,-3.,-54.9848422552186));
#10250=CARTESIAN_POINT('',(-30.9536064356215,-3.,-52.9848422552186));
#10251=CARTESIAN_POINT('',(-30.8521060502086,-3.,-52.8833418698056));
#10252=CARTESIAN_POINT('',(-30.9536064356215,-3.,-52.9848422552186));
#10253=CARTESIAN_POINT('Origin',(-42.9139644528749,-3.,-38.6184826963134));
#10254=CARTESIAN_POINT('',(-54.8743224701282,-3.,-54.9848422552186));
#10255=CARTESIAN_POINT('',(-42.0000006258488,-3.,-54.9848422552186));
#10256=CARTESIAN_POINT('',(-52.36198081349,-3.,-51.5469947570047));
#10257=CARTESIAN_POINT('',(-35.4553565377671,-3.,-28.4122448252181));
#10258=CARTESIAN_POINT('',(-42.0000006258488,-3.,-51.5469947570047));
#10259=CARTESIAN_POINT('',(-30.9536064356215,-3.,-22.2521231374083));
#10260=CARTESIAN_POINT('',(-35.4553565377671,-3.,-28.4122448252181));
#10261=CARTESIAN_POINT('',(-30.9536064356215,-3.,-22.2521231374083));
#10262=CARTESIAN_POINT('',(-33.3121170245172,-3.,-42.1308494080227));
#10263=CARTESIAN_POINT('Origin',(-34.3621170245172,-3.,-42.1308494080227));
#10264=CARTESIAN_POINT('',(-33.3146636847306,-3.,-51.6262316734108));
#10265=CARTESIAN_POINT('Origin',(-34.3646636847306,-3.,-51.6262316734108));
#10266=CARTESIAN_POINT('Origin',(-30.9536064356215,-3.,-22.2521231374083));
#10267=CARTESIAN_POINT('',(-30.9536064356215,-8.,-22.2521231374083));
#10268=CARTESIAN_POINT('',(-30.9536064356215,-1.5,-22.2521231374083));
#10269=CARTESIAN_POINT('',(-30.9536064356215,-8.,-22.2521231374083));
#10270=CARTESIAN_POINT('Origin',(-31.9536064356215,3.3,-53.9848422552186));
#10271=CARTESIAN_POINT('',(-30.9536064356215,8.3,-52.9848422552186));
#10272=CARTESIAN_POINT('',(-32.9536064356215,8.3,-54.9848422552186));
#10273=CARTESIAN_POINT('',(-30.8521060502086,8.3,-52.8833418698056));
#10274=CARTESIAN_POINT('',(-30.9536064356215,3.3,-52.9848422552186));
#10275=CARTESIAN_POINT('',(-30.9536064356215,3.3,-52.9848422552186));
#10276=CARTESIAN_POINT('',(-32.9536064356215,3.3,-54.9848422552186));
#10277=CARTESIAN_POINT('',(-30.8521060502086,3.3,-52.8833418698056));
#10278=CARTESIAN_POINT('',(-32.9536064356215,3.3,-54.9848422552186));
#10279=CARTESIAN_POINT('Origin',(-42.9139644528749,3.3,-38.6184826963134));
#10280=CARTESIAN_POINT('',(-30.9536064356215,3.3,-22.2521231374083));
#10281=CARTESIAN_POINT('',(-30.9536064356215,3.3,-22.2521231374083));
#10282=CARTESIAN_POINT('',(-42.0000006258488,3.3,-37.3678294470241));
#10283=CARTESIAN_POINT('',(-35.4553565377671,3.3,-28.4122448252181));
#10284=CARTESIAN_POINT('',(-42.0000006258488,3.3,-54.9848422552186));
#10285=CARTESIAN_POINT('',(-54.8743224701282,3.3,-54.9848422552186));
#10286=CARTESIAN_POINT('',(-35.4553565377671,3.3,-28.4122448252181));
#10287=CARTESIAN_POINT('',(-42.0000006258488,3.3,-54.9848422552186));
#10288=CARTESIAN_POINT('',(-33.3146636847306,3.3,-51.6262316734108));
#10289=CARTESIAN_POINT('Origin',(-34.3646636847306,3.3,-51.6262316734108));
#10290=CARTESIAN_POINT('',(-33.3121170245172,3.3,-42.1308494080227));
#10291=CARTESIAN_POINT('Origin',(-34.3621170245172,3.3,-42.1308494080227));
#10292=CARTESIAN_POINT('Origin',(-54.8743224701282,3.3,-54.9848422552186));
#10293=CARTESIAN_POINT('',(-54.8743224701282,8.3,-54.9848422552186));
#10294=CARTESIAN_POINT('',(-54.8743224701282,1.65,-54.9848422552186));
#10295=CARTESIAN_POINT('',(-42.0000006258488,8.3,-54.9848422552186));
#10296=CARTESIAN_POINT('Origin',(-34.3621170245172,-8.,-42.1308494080227));
#10297=CARTESIAN_POINT('',(-32.3621170245172,-8.,-42.1308494080227));
#10298=CARTESIAN_POINT('Origin',(-34.3621170245172,-8.,-42.1308494080227));
#10299=CARTESIAN_POINT('',(-32.3621170245172,-5.,-42.1308494080227));
#10300=CARTESIAN_POINT('',(-32.3621170245172,-8.,-42.1308494080227));
#10301=CARTESIAN_POINT('Origin',(-34.3621170245172,-5.,-42.1308494080227));
#10302=CARTESIAN_POINT('Origin',(-34.3621170245172,-5.,-42.1308494080227));
#10303=CARTESIAN_POINT('',(-33.3121170245172,-5.,-42.1308494080227));
#10304=CARTESIAN_POINT('Origin',(-34.3621170245172,-5.,-42.1308494080227));
#10305=CARTESIAN_POINT('Origin',(-34.3646636847306,-8.,-51.6262316734108));
#10306=CARTESIAN_POINT('',(-32.3646636847306,-8.,-51.6262316734108));
#10307=CARTESIAN_POINT('Origin',(-34.3646636847306,-8.,-51.6262316734108));
#10308=CARTESIAN_POINT('',(-32.3646636847306,-5.,-51.6262316734108));
#10309=CARTESIAN_POINT('',(-32.3646636847306,-8.,-51.6262316734108));
#10310=CARTESIAN_POINT('Origin',(-34.3646636847306,-5.,-51.6262316734108));
#10311=CARTESIAN_POINT('Origin',(-34.3646636847306,-5.,-51.6262316734108));
#10312=CARTESIAN_POINT('',(-33.3146636847306,-5.,-51.6262316734108));
#10313=CARTESIAN_POINT('Origin',(-34.3646636847306,-5.,-51.6262316734108));
#10314=CARTESIAN_POINT('Origin',(-34.3621170245172,-3.,-42.1308494080227));
#10315=CARTESIAN_POINT('',(-33.3121170245172,-3.,-42.1308494080227));
#10316=CARTESIAN_POINT('Origin',(-34.3646636847306,-3.,-51.6262316734108));
#10317=CARTESIAN_POINT('',(-33.3146636847306,-3.,-51.6262316734108));
#10318=CARTESIAN_POINT('Origin',(-52.36198081349,-3.,-51.5469947570047));
#10319=CARTESIAN_POINT('',(-52.36198081349,-8.,-51.5469947570047));
#10320=CARTESIAN_POINT('',(-52.36198081349,-1.5,-51.5469947570047));
#10321=CARTESIAN_POINT('',(-42.0000006258488,-8.,-51.5469947570047));
#10322=CARTESIAN_POINT('Origin',(-30.9536064356215,-3.,-54.9848422552186));
#10323=CARTESIAN_POINT('',(-54.8743224701282,-8.,-54.9848422552186));
#10324=CARTESIAN_POINT('',(-42.0000006258488,-8.,-54.9848422552186));
#10325=CARTESIAN_POINT('',(-54.8743224701282,-1.5,-54.9848422552186));
#10326=CARTESIAN_POINT('Origin',(-42.9139644528749,-8.,-38.6184826963134));
#10327=CARTESIAN_POINT('',(-35.4553565377671,-8.,-28.4122448252181));
#10328=CARTESIAN_POINT('',(-35.4553565377671,-8.,-28.4122448252181));
#10329=CARTESIAN_POINT('Origin',(-34.3646636847306,3.3,-51.6262316734108));
#10330=CARTESIAN_POINT('',(-33.3146636847306,8.3,-51.6262316734108));
#10331=CARTESIAN_POINT('Origin',(-34.3646636847306,8.3,-51.6262316734108));
#10332=CARTESIAN_POINT('',(-33.3146636847306,3.3,-51.6262316734108));
#10333=CARTESIAN_POINT('Origin',(-34.3621170245172,3.3,-42.1308494080227));
#10334=CARTESIAN_POINT('',(-33.3121170245172,8.3,-42.1308494080227));
#10335=CARTESIAN_POINT('Origin',(-34.3621170245172,8.3,-42.1308494080227));
#10336=CARTESIAN_POINT('',(-33.3121170245172,3.3,-42.1308494080227));
#10337=CARTESIAN_POINT('Origin',(-30.9536064356215,3.3,-54.9848422552186));
#10338=CARTESIAN_POINT('',(-30.9536064356215,8.3,-22.2521231374083));
#10339=CARTESIAN_POINT('',(-30.9536064356215,8.3,-22.2521231374083));
#10340=CARTESIAN_POINT('',(-30.9536064356215,1.65,-22.2521231374083));
#10341=CARTESIAN_POINT('Origin',(-42.0000006258488,3.3,-37.3678294470241));
#10342=CARTESIAN_POINT('',(-42.0000006258488,8.3,-37.3678294470241));
#10343=CARTESIAN_POINT('',(-42.0000006258488,1.65,-37.3678294470241));
#10344=CARTESIAN_POINT('',(-42.0000006258488,8.3,-54.9848422552186));
#10345=CARTESIAN_POINT('Origin',(-42.9139644528749,8.3,-38.6184826963134));
#10346=CARTESIAN_POINT('',(-35.4553565377671,8.3,-28.4122448252181));
#10347=CARTESIAN_POINT('',(-35.4553565377671,8.3,-28.4122448252181));
#10348=CARTESIAN_POINT('Origin',(-58.9983743113296,13.1,-41.5053646627448));
#10349=CARTESIAN_POINT('',(-78.0763254512292,13.1,-60.));
#10350=CARTESIAN_POINT('',(-90.,13.1,-60.));
#10351=CARTESIAN_POINT('',(-68.5373498812794,13.1,-60.));
#10352=CARTESIAN_POINT('',(-62.1760547113553,13.1,-51.9261653970255));
#10353=CARTESIAN_POINT('',(-58.8095097052469,13.1,-50.2167022056456));
#10354=CARTESIAN_POINT('',(-34.2136012669496,13.1,-13.6627984844198));
#10355=CARTESIAN_POINT('',(-45.1595813245976,13.1,-28.6410997267109));
#10356=CARTESIAN_POINT('',(-30.0213696640951,13.1,-13.0107293254896));
#10357=CARTESIAN_POINT('',(-46.3313384243272,13.1,-15.5476186529829));
#10358=CARTESIAN_POINT('',(-28.6488177815894,13.1,-14.0137753512681));
#10359=CARTESIAN_POINT('',(-31.9925753778307,13.1,-11.5701935742691));
#10360=CARTESIAN_POINT('',(-27.9967486226592,13.1,-18.2060069541227));
#10361=CARTESIAN_POINT('',(-26.5936932296913,13.1,-27.2264200167587));
#10362=CARTESIAN_POINT('',(-57.0465983464682,13.1,-57.95734926563));
#10363=CARTESIAN_POINT('',(-53.4676535422117,13.1,-53.0599793521674));
#10364=CARTESIAN_POINT('',(-74.5901172830838,13.1,-66.8655919343022));
#10365=CARTESIAN_POINT('',(-63.2734369070384,13.1,-61.1192114414351));
#10366=CARTESIAN_POINT('',(-90.,13.1,-70.));
#10367=CARTESIAN_POINT('',(-72.3322094261684,13.1,-66.4063279198819));
#10368=CARTESIAN_POINT('',(-90.,13.1,-50.7526823313724));
#10369=CARTESIAN_POINT('',(-38.4750005960464,13.1,-30.0000004470348));
#10370=CARTESIAN_POINT('Origin',(-40.0000005960464,13.1,-30.0000004470348));
#10371=CARTESIAN_POINT('',(-83.475,13.1,-65.));
#10372=CARTESIAN_POINT('Origin',(-85.,13.1,-65.));
#10373=CARTESIAN_POINT('',(-65.8859348597446,13.1,-60.0207428367763));
#10374=CARTESIAN_POINT('Origin',(-67.5359348597446,13.1,-60.0207428367763));
#10375=CARTESIAN_POINT('Origin',(-62.1760547113553,0.,-51.9261653970255));
#10376=CARTESIAN_POINT('',(-62.1760547113553,-13.1,-51.9261653970255));
#10377=CARTESIAN_POINT('',(-34.2136012669496,-13.1,-13.6627984844198));
#10378=CARTESIAN_POINT('',(-59.1408080468004,-13.1,-47.7727831830137));
#10379=CARTESIAN_POINT('',(-34.2136012669496,0.,-13.6627984844198));
#10380=CARTESIAN_POINT('',(-62.1760547113553,0.,-51.9261653970255));
#10381=CARTESIAN_POINT('Origin',(-78.0763254512292,0.,-60.));
#10382=CARTESIAN_POINT('',(-78.0763254512292,-13.1,-60.));
#10383=CARTESIAN_POINT('',(-66.7596450751838,-13.1,-54.2536195071328));
#10384=CARTESIAN_POINT('',(-78.0763254512292,0.,-60.));
#10385=CARTESIAN_POINT('Origin',(-90.,0.,-60.));
#10386=CARTESIAN_POINT('',(-90.,-13.1,-60.));
#10387=CARTESIAN_POINT('',(-74.4991871556648,-13.1,-60.));
#10388=CARTESIAN_POINT('',(-90.,0.,-60.));
#10389=CARTESIAN_POINT('Origin',(-90.,0.,-70.));
#10390=CARTESIAN_POINT('',(-90.,-13.1,-70.));
#10391=CARTESIAN_POINT('',(-90.,-13.1,-55.7526823313724));
#10392=CARTESIAN_POINT('',(-90.,0.,-70.));
#10393=CARTESIAN_POINT('Origin',(-74.5901172830838,0.,-66.8655919343022));
#10394=CARTESIAN_POINT('',(-74.5901172830838,-13.1,-66.8655919343022));
#10395=CARTESIAN_POINT('',(-64.6272680677103,-13.1,-64.839123887033));
#10396=CARTESIAN_POINT('',(-74.5901172830838,0.,-66.8655919343022));
#10397=CARTESIAN_POINT('Origin',(-40.0000005960464,0.,-30.0000004470348));
#10398=CARTESIAN_POINT('',(-38.4750005960464,-13.1,-30.0000004470348));
#10399=CARTESIAN_POINT('Origin',(-40.0000005960464,-13.1,-30.0000004470348));
#10400=CARTESIAN_POINT('',(-38.4750005960464,0.,-30.0000004470348));
#10401=CARTESIAN_POINT('Origin',(-85.,0.,-65.));
#10402=CARTESIAN_POINT('',(-83.475,-13.1,-65.));
#10403=CARTESIAN_POINT('Origin',(-85.,-13.1,-65.));
#10404=CARTESIAN_POINT('',(-83.475,0.,-65.));
#10405=CARTESIAN_POINT('Origin',(-67.5359348597446,0.,-60.0207428367763));
#10406=CARTESIAN_POINT('',(-65.8859348597446,-13.1,-60.0207428367763));
#10407=CARTESIAN_POINT('Origin',(-67.5359348597446,-13.1,-60.0207428367763));
#10408=CARTESIAN_POINT('',(-65.8859348597446,0.,-60.0207428367763));
#10409=CARTESIAN_POINT('Origin',(-57.0465983464682,0.,-57.95734926563));
#10410=CARTESIAN_POINT('',(-57.0465983464682,-13.1,-57.95734926563));
#10411=CARTESIAN_POINT('',(-54.5016774387306,-13.1,-56.665090107099));
#10412=CARTESIAN_POINT('',(-57.0465983464682,0.,-57.95734926563));
#10413=CARTESIAN_POINT('Origin',(-27.9967486226592,0.,-18.2060069541227));
#10414=CARTESIAN_POINT('',(-27.9967486226592,-13.1,-18.2060069541227));
#10415=CARTESIAN_POINT('',(-38.9427286803072,-13.1,-33.1843081964138));
#10416=CARTESIAN_POINT('',(-27.9967486226592,0.,-18.2060069541227));
#10417=CARTESIAN_POINT('Origin',(-28.6488177815894,0.,-14.0137753512681));
#10418=CARTESIAN_POINT('',(-28.6488177815894,-13.1,-14.0137753512681));
#10419=CARTESIAN_POINT('',(-26.9197278091564,-13.1,-25.1303042153314));
#10420=CARTESIAN_POINT('',(-28.6488177815894,0.,-14.0137753512681));
#10421=CARTESIAN_POINT('Origin',(-30.0213696640951,0.,-13.0107293254896));
#10422=CARTESIAN_POINT('',(-30.0213696640951,-13.1,-13.0107293254896));
#10423=CARTESIAN_POINT('',(-32.6788513190835,-13.1,-11.0686705613798));
#10424=CARTESIAN_POINT('',(-30.0213696640951,0.,-13.0107293254896));
#10425=CARTESIAN_POINT('Origin',(-34.2136012669496,0.,-13.6627984844198));
#10426=CARTESIAN_POINT('',(-48.4274542257544,-13.1,-15.873653232448));
#10427=CARTESIAN_POINT('Origin',(-58.9983743113296,-13.1,-41.5053646627448));
#10428=CARTESIAN_POINT('',(0.,0.,0.));
#10429=CARTESIAN_POINT('Origin',(0.,0.,-39.75));
#10430=CARTESIAN_POINT('',(2.45050000000006,3.00099698131059E-16,-39.5995000000142));
#10431=CARTESIAN_POINT('Origin',(6.09347588324067E-14,0.,-39.5995000000142));
#10432=CARTESIAN_POINT('',(2.05000000001376,-2.51052593826892E-16,-40.));
#10433=CARTESIAN_POINT('',(2.30000000001402,-2.81668763805608E-16,-39.75));
#10434=CARTESIAN_POINT('Origin',(0.,0.,-40.));
#10435=CARTESIAN_POINT('Origin',(-2.54206361393097E-14,0.,4.49999999999957));
#10436=CARTESIAN_POINT('',(4.24999999999996,-5.20474889637623E-16,4.49999999999958));
#10437=CARTESIAN_POINT('Origin',(-2.54206361393097E-14,0.,4.49999999999957));
#10438=CARTESIAN_POINT('',(3.74999999999996,-4.59242549680256E-16,4.99999999999957));
#10439=CARTESIAN_POINT('Origin',(3.74999999999996,-4.59242549680256E-16,
4.49999999999957));
#10440=CARTESIAN_POINT('Origin',(-2.63997333509753E-14,0.,4.99999999999957));
#10441=CARTESIAN_POINT('Origin',(-4.25000000000001,0.,4.99999999999956));
#10442=CARTESIAN_POINT('',(-2.,-1.15470053837925,5.));
#10443=CARTESIAN_POINT('',(-2.,1.15470053837925,5.));
#10444=CARTESIAN_POINT('',(-2.,-0.577350269189625,4.99999999999956));
#10445=CARTESIAN_POINT('',(1.66656766153242E-15,2.3094010767585,5.));
#10446=CARTESIAN_POINT('',(-3.09375,0.523223681453098,4.99999999999956));
#10447=CARTESIAN_POINT('',(2.,1.15470053837925,5.));
#10448=CARTESIAN_POINT('',(-1.09375,2.94087793368466,4.99999999999957));
#10449=CARTESIAN_POINT('',(2.,-1.15470053837925,5.));
#10450=CARTESIAN_POINT('',(2.,0.577350269189625,4.99999999999957));
#10451=CARTESIAN_POINT('',(-4.81385764583564E-16,-2.3094010767585,5.));
#10452=CARTESIAN_POINT('',(-0.093750000000004,-2.36352766449503,4.99999999999957));
#10453=CARTESIAN_POINT('',(-2.09375,-1.10057395064272,4.99999999999956));
#10454=CARTESIAN_POINT('Origin',(-2.15042472926468E-14,0.,2.4999999999992));
#10455=CARTESIAN_POINT('',(4.24999999999997,-5.20474889637623E-16,-1.16046061648944E-12));
#10456=CARTESIAN_POINT('Origin',(-1.66087612343184E-14,0.,-1.16527911208543E-12));
#10457=CARTESIAN_POINT('',(4.24999999999996,-5.20474889637623E-16,2.49999999999921));
#10458=CARTESIAN_POINT('Origin',(-2.,1.15470053837925,2.5));
#10459=CARTESIAN_POINT('',(-2.,1.15470053837925,2.5));
#10460=CARTESIAN_POINT('',(-5.55111512312578E-16,8.32667268468867E-16,2.32502267294815));
#10461=CARTESIAN_POINT('',(-1.50285396607991,0.867673141868933,2.45650535791512));
#10462=CARTESIAN_POINT('',(-2.,-1.15470053837925,2.5));
#10463=CARTESIAN_POINT('',(-2.,1.15470053837925,2.5));
#10464=CARTESIAN_POINT('',(-1.50285396607991,-0.867673141868931,2.45650535791512));
#10465=CARTESIAN_POINT('Origin',(-2.,-1.15470053837925,2.5));
#10466=CARTESIAN_POINT('',(-4.81385764583564E-16,-2.3094010767585,2.5));
#10467=CARTESIAN_POINT('',(-2.,-1.15470053837925,2.5));
#10468=CARTESIAN_POINT('',(-5.55111512312578E-16,-1.73534628373786,2.45650535791512));
#10469=CARTESIAN_POINT('Origin',(-4.81385764583564E-16,-2.3094010767585,
2.5));
#10470=CARTESIAN_POINT('',(2.,-1.15470053837925,2.5));
#10471=CARTESIAN_POINT('',(-4.81385764583564E-16,-2.3094010767585,2.5));
#10472=CARTESIAN_POINT('',(1.50285396607991,-0.867673141868933,2.45650535791512));
#10473=CARTESIAN_POINT('Origin',(2.,-1.15470053837925,2.5));
#10474=CARTESIAN_POINT('',(2.,1.15470053837925,2.5));
#10475=CARTESIAN_POINT('',(2.,-1.15470053837925,2.5));
#10476=CARTESIAN_POINT('',(1.50285396607991,0.867673141868932,2.45650535791512));
#10477=CARTESIAN_POINT('Origin',(2.,1.15470053837925,2.5));
#10478=CARTESIAN_POINT('',(1.66656766153242E-15,2.3094010767585,2.5));
#10479=CARTESIAN_POINT('',(2.,1.15470053837925,2.5));
#10480=CARTESIAN_POINT('',(9.71445146547012E-16,1.73534628373786,2.45650535791512));
#10481=CARTESIAN_POINT('Origin',(1.66656766153242E-15,2.3094010767585,2.5));
#10482=CARTESIAN_POINT('',(1.66656766153242E-15,2.3094010767585,2.5));
#10483=CARTESIAN_POINT('Origin',(-2.,-1.15470053837925,5.));
#10484=CARTESIAN_POINT('',(-2.,-1.15470053837925,5.));
#10485=CARTESIAN_POINT('',(-2.,1.15470053837925,5.));
#10486=CARTESIAN_POINT('Origin',(-5.55111512312578E-16,-2.3094010767585,
5.));
#10487=CARTESIAN_POINT('',(-4.81385764583564E-16,-2.3094010767585,5.));
#10488=CARTESIAN_POINT('Origin',(2.,-1.15470053837925,5.));
#10489=CARTESIAN_POINT('',(2.,-1.15470053837925,5.));
#10490=CARTESIAN_POINT('Origin',(2.,1.15470053837925,5.));
#10491=CARTESIAN_POINT('',(2.,1.15470053837925,5.));
#10492=CARTESIAN_POINT('Origin',(1.66533453693773E-15,2.3094010767585,5.));
#10493=CARTESIAN_POINT('',(1.66656766153242E-15,2.3094010767585,5.));
#10494=CARTESIAN_POINT('Origin',(-2.,1.15470053837925,5.));
#10495=CARTESIAN_POINT('Origin',(2.25551272323018E-14,0.,-20.0000000000003));
#10496=CARTESIAN_POINT('',(2.45049999999998,3.00099698131059E-16,-6.82779770492277E-13));
#10497=CARTESIAN_POINT('',(2.45050000000002,-3.00099698131059E-16,-20.0000000000003));
#10498=CARTESIAN_POINT('Origin',(-1.66087612343193E-14,0.,-6.86117829218347E-13));
#10499=CARTESIAN_POINT('Origin',(6.18949336228525E-14,0.,-40.));
#10500=CARTESIAN_POINT('Origin',(-2.5,0.,-6.9035378728505E-13));
#10501=CARTESIAN_POINT('',(-68.,-17.8429928173908,-75.0421525151107));
#10502=CARTESIAN_POINT('',(68.,-17.8429928173908,-75.0421525151107));
#10503=CARTESIAN_POINT('Origin',(-10.5,0.,137.5));
#10504=CARTESIAN_POINT('',(-11.2928932188134,11.2928932188134,136.707106781187));
#10505=CARTESIAN_POINT('',(-13.,12.,135.));
#10506=CARTESIAN_POINT('',(-9.92396921207591,10.7258663293646,138.076030787924));
#10507=CARTESIAN_POINT('',(-13.,-12.,135.));
#10508=CARTESIAN_POINT('',(-13.,0.,135.));
#10509=CARTESIAN_POINT('',(-11.2928932188134,-11.2928932188134,136.707106781187));
#10510=CARTESIAN_POINT('',(-9.92396921207591,-10.7258663293646,138.076030787924));
#10511=CARTESIAN_POINT('',(-8.,-8.,140.));
#10512=CARTESIAN_POINT('',(-8.08333333333333,-8.08333333333334,139.916666666667));
#10513=CARTESIAN_POINT('',(-8.,8.,140.));
#10514=CARTESIAN_POINT('',(-8.,0.,140.));
#10515=CARTESIAN_POINT('',(-8.08333333333333,8.08333333333334,139.916666666667));
#10516=CARTESIAN_POINT('Origin',(-6.5,10.5,137.5));
#10517=CARTESIAN_POINT('',(8.,8.,140.));
#10518=CARTESIAN_POINT('',(-6.5,8.,140.));
#10519=CARTESIAN_POINT('',(11.2928932188134,11.2928932188134,136.707106781187));
#10520=CARTESIAN_POINT('',(5.91666666666667,5.91666666666666,142.083333333333));
#10521=CARTESIAN_POINT('',(12.,13.,135.));
#10522=CARTESIAN_POINT('',(12.,13.,135.));
#10523=CARTESIAN_POINT('',(-12.,13.,135.));
#10524=CARTESIAN_POINT('',(-6.5,13.,135.));
#10525=CARTESIAN_POINT('',(-12.,13.,135.));
#10526=CARTESIAN_POINT('Origin',(-13.,0.,140.));
#10527=CARTESIAN_POINT('',(8.,-8.,140.));
#10528=CARTESIAN_POINT('',(-6.5,-8.,140.));
#10529=CARTESIAN_POINT('',(8.,0.,140.));
#10530=CARTESIAN_POINT('',(2.6,3.18408167778312E-16,140.));
#10531=CARTESIAN_POINT('Origin',(0.,0.,140.));
#10532=CARTESIAN_POINT('Origin',(-6.5,-10.5,137.5));
#10533=CARTESIAN_POINT('',(-12.,-13.,135.));
#10534=CARTESIAN_POINT('',(-9.92893218813452,-8.,140.));
#10535=CARTESIAN_POINT('',(12.,-13.,135.));
#10536=CARTESIAN_POINT('',(-6.5,-13.,135.));
#10537=CARTESIAN_POINT('',(11.2928932188134,-11.2928932188134,136.707106781187));
#10538=CARTESIAN_POINT('',(10.469088465297,-9.30405261012662,138.695947389873));
#10539=CARTESIAN_POINT('',(5.91666666666667,-5.91666666666666,142.083333333333));
#10540=CARTESIAN_POINT('Origin',(-13.9822330470336,-7.48223304703363,137.5));
#10541=CARTESIAN_POINT('',(-15.75,-9.25,135.));
#10542=CARTESIAN_POINT('Origin',(-13.,0.,32.7261363439071));
#10543=CARTESIAN_POINT('',(-13.,12.,32.7261363439071));
#10544=CARTESIAN_POINT('',(-13.,12.,31.3630681719536));
#10545=CARTESIAN_POINT('',(-13.,-12.,32.7261363439071));
#10546=CARTESIAN_POINT('',(-13.,0.,32.7261363439071));
#10547=CARTESIAN_POINT('',(-13.,-12.,31.3630681719536));
#10548=CARTESIAN_POINT('Origin',(10.5,0.,137.5));
#10549=CARTESIAN_POINT('',(13.,-12.,135.));
#10550=CARTESIAN_POINT('',(8.,-9.92893218813451,140.));
#10551=CARTESIAN_POINT('',(13.,12.,135.));
#10552=CARTESIAN_POINT('',(13.,0.,135.));
#10553=CARTESIAN_POINT('',(9.04727474605899,10.362727591483,138.952725253941));
#10554=CARTESIAN_POINT('Origin',(7.48223304703363,-13.9822330470336,137.5));
#10555=CARTESIAN_POINT('',(9.25,-15.75,135.));
#10556=CARTESIAN_POINT('Origin',(7.48223304703363,13.9822330470336,137.5));
#10557=CARTESIAN_POINT('',(9.25,15.75,135.));
#10558=CARTESIAN_POINT('Origin',(-13.9822330470336,7.48223304703363,137.5));
#10559=CARTESIAN_POINT('',(-15.75,9.25,135.));
#10560=CARTESIAN_POINT('Origin',(0.,13.,30.));
#10561=CARTESIAN_POINT('',(12.,13.,32.7261363439071));
#10562=CARTESIAN_POINT('',(12.,13.,85.));
#10563=CARTESIAN_POINT('',(17.3375,13.,7.77245738167797));
#10564=CARTESIAN_POINT('Origin',(73.0000000000003,13.,32.7261363439072));
#10565=CARTESIAN_POINT('',(17.3375,13.,-7.77245738167792));
#10566=CARTESIAN_POINT('Origin',(0.,13.,0.));
#10567=CARTESIAN_POINT('',(12.,13.,-32.7261363439071));
#10568=CARTESIAN_POINT('Origin',(73.0000000000004,13.,-32.7261363439072));
#10569=CARTESIAN_POINT('',(12.,13.,-75.));
#10570=CARTESIAN_POINT('',(12.,13.,-1.36306817195357));
#10571=CARTESIAN_POINT('',(8.,13.,-79.));
#10572=CARTESIAN_POINT('Origin',(8.,13.,-75.));
#10573=CARTESIAN_POINT('',(-8.,13.,-79.));
#10574=CARTESIAN_POINT('',(6.5,13.,-79.));
#10575=CARTESIAN_POINT('',(-12.,13.,-75.));
#10576=CARTESIAN_POINT('Origin',(-8.,13.,-75.));
#10577=CARTESIAN_POINT('',(-12.,13.,-32.7261363439072));
#10578=CARTESIAN_POINT('',(-12.,13.,-25.));
#10579=CARTESIAN_POINT('',(-17.3375,13.,-7.77245738167795));
#10580=CARTESIAN_POINT('Origin',(-73.0000000000003,13.,-32.7261363439072));
#10581=CARTESIAN_POINT('',(-17.3375,13.,7.77245738167795));
#10582=CARTESIAN_POINT('Origin',(0.,13.,0.));
#10583=CARTESIAN_POINT('',(-12.,13.,32.7261363439071));
#10584=CARTESIAN_POINT('Origin',(-73.0000000000002,13.,32.7261363439072));
#10585=CARTESIAN_POINT('',(-12.,13.,31.3630681719536));
#10586=CARTESIAN_POINT('',(-6.,13.,-57.3173018066));
#10587=CARTESIAN_POINT('',(-6.,13.,-20.));
#10588=CARTESIAN_POINT('',(-6.,13.,-13.6586509033));
#10589=CARTESIAN_POINT('',(6.,13.,-57.3173018066));
#10590=CARTESIAN_POINT('Origin',(0.,13.,-57.3173018066));
#10591=CARTESIAN_POINT('',(6.,13.,-20.));
#10592=CARTESIAN_POINT('',(6.,13.,5.));
#10593=CARTESIAN_POINT('Origin',(0.,13.,-20.));
#10594=CARTESIAN_POINT('',(-8.05,13.,-9.85840673313619E-16));
#10595=CARTESIAN_POINT('Origin',(0.,13.,0.));
#10596=CARTESIAN_POINT('',(-5.25,13.,-75.));
#10597=CARTESIAN_POINT('Origin',(-8.00000000000001,13.,-75.));
#10598=CARTESIAN_POINT('',(10.75,13.,-75.));
#10599=CARTESIAN_POINT('Origin',(8.00000000000001,13.,-75.));
#10600=CARTESIAN_POINT('',(6.,13.,29.8724041208192));
#10601=CARTESIAN_POINT('',(-6.,13.,29.8724041208192));
#10602=CARTESIAN_POINT('Origin',(0.,13.,29.8724041208192));
#10603=CARTESIAN_POINT('',(6.,13.,125.));
#10604=CARTESIAN_POINT('',(6.,13.,77.5));
#10605=CARTESIAN_POINT('',(-6.,13.,125.));
#10606=CARTESIAN_POINT('Origin',(0.,13.,125.));
#10607=CARTESIAN_POINT('',(-6.,13.,29.9362020604096));
#10608=CARTESIAN_POINT('Origin',(12.5,12.5,85.));
#10609=CARTESIAN_POINT('',(13.,12.,32.7261363439071));
#10610=CARTESIAN_POINT('',(13.,12.,85.));
#10611=CARTESIAN_POINT('',(13.,12.,32.7261363439071));
#10612=CARTESIAN_POINT('Origin',(13.,0.,140.));
#10613=CARTESIAN_POINT('',(13.,-12.,32.7261363439071));
#10614=CARTESIAN_POINT('',(13.,-12.,85.));
#10615=CARTESIAN_POINT('',(13.,0.,32.7261363439071));
#10616=CARTESIAN_POINT('Origin',(0.,0.,140.));
#10617=CARTESIAN_POINT('',(2.6,3.18408167778312E-16,135.));
#10618=CARTESIAN_POINT('',(2.6,-3.18408167778312E-16,140.));
#10619=CARTESIAN_POINT('Origin',(0.,0.,135.));
#10620=CARTESIAN_POINT('Ctrl Pts',(1.16476797937425E-8,5.31157741826248,
130.));
#10621=CARTESIAN_POINT('Ctrl Pts',(-0.775068157721362,4.86465017366374,
130.000000001806));
#10622=CARTESIAN_POINT('Ctrl Pts',(-2.56756474844948,3.81819454775116,129.572034453832));
#10623=CARTESIAN_POINT('Ctrl Pts',(-3.88436732376025,3.02601852460004,128.299183118452));
#10624=CARTESIAN_POINT('Ctrl Pts',(-4.36532380936515,2.73435150214802,127.438021336943));
#10625=CARTESIAN_POINT('Ctrl Pts',(0.0894944149040085,5.17081196801256,
130.164430155889));
#10626=CARTESIAN_POINT('Ctrl Pts',(-0.704102336746652,4.71300105090357,
130.178277630322));
#10627=CARTESIAN_POINT('Ctrl Pts',(-2.55257262479751,3.63808140801891,129.773518243298));
#10628=CARTESIAN_POINT('Ctrl Pts',(-3.94590936116287,2.81235826698934,128.472965139876));
#10629=CARTESIAN_POINT('Ctrl Pts',(-4.46057585501473,2.50589098420806,127.57347585626));
#10630=CARTESIAN_POINT('Ctrl Pts',(0.178988818160337,5.03004651776265,130.328860311778));
#10631=CARTESIAN_POINT('Ctrl Pts',(-0.633136515771942,4.5613519281434,130.356555258839));
#10632=CARTESIAN_POINT('Ctrl Pts',(-2.53758050114553,3.45796826828666,129.975002032764));
#10633=CARTESIAN_POINT('Ctrl Pts',(-4.00745139856549,2.59869800937863,128.6467471613));
#10634=CARTESIAN_POINT('Ctrl Pts',(-4.55582790066431,2.2774304662681,127.708930375578));
#10635=CARTESIAN_POINT('Ctrl Pts',(0.268483221416666,4.88928106751274,130.493290467667));
#10636=CARTESIAN_POINT('Ctrl Pts',(-0.562170694797232,4.40970280538323,
130.534832887355));
#10637=CARTESIAN_POINT('Ctrl Pts',(-2.52258837749355,3.27785512855441,130.17648582223));
#10638=CARTESIAN_POINT('Ctrl Pts',(-4.06899343596812,2.38503775176793,128.820529182724));
#10639=CARTESIAN_POINT('Ctrl Pts',(-4.6510799463139,2.04896994832814,127.844384894895));
#10640=CARTESIAN_POINT('',(2.55128898510531E-15,4.73427220735493,130.5));
#10641=CARTESIAN_POINT('',(-4.09999999982234,2.36713610378004,128.610395057968));
#10642=CARTESIAN_POINT('Ctrl Pts',(1.84018840720945E-8,4.73427221797926,
130.499937971185));
#10643=CARTESIAN_POINT('Ctrl Pts',(-0.742179422086745,4.30577471822615,
130.499644397548));
#10644=CARTESIAN_POINT('Ctrl Pts',(-2.28544946326532,3.41476734451942,130.178184412926));
#10645=CARTESIAN_POINT('Ctrl Pts',(-3.56707926976987,2.67481803073257,129.226273113819));
#10646=CARTESIAN_POINT('Ctrl Pts',(-4.09909257919628,2.36766000332277,128.609351684879));
#10647=CARTESIAN_POINT('',(-4.1,2.5494136330999,128.361817604251));
#10648=CARTESIAN_POINT('Ctrl Pts',(-4.09925610193474,2.3675655934257,128.609162055551));
#10649=CARTESIAN_POINT('Ctrl Pts',(-4.09923354793108,2.42887086480477,128.527084382052));
#10650=CARTESIAN_POINT('Ctrl Pts',(-4.09922209441209,2.48977018512865,128.44425472155));
#10651=CARTESIAN_POINT('Ctrl Pts',(-4.09922532384322,2.54985209371233,128.360980792401));
#10652=CARTESIAN_POINT('',(-4.36532380936517,2.73435150214801,127.438021336943));
#10653=CARTESIAN_POINT('Ctrl Pts',(-4.10000000001356,2.54941363311386,128.361817604204));
#10654=CARTESIAN_POINT('Ctrl Pts',(-4.18683781702174,2.63888660265056,128.059468367604));
#10655=CARTESIAN_POINT('Ctrl Pts',(-4.27523292139013,2.70399204203492,127.751697015839));
#10656=CARTESIAN_POINT('Ctrl Pts',(-4.36532380936514,2.73435150214803,127.438021336943));
#10657=CARTESIAN_POINT('',(1.41638472441199E-15,5.31157741154608,130.));
#10658=CARTESIAN_POINT('Ctrl Pts',(-4.36532380936515,2.73435150214802,127.438021336943));
#10659=CARTESIAN_POINT('Ctrl Pts',(-3.88436732376025,3.02601852460004,128.299183118452));
#10660=CARTESIAN_POINT('Ctrl Pts',(-2.56756475410344,3.81819454434979,129.572034448367));
#10661=CARTESIAN_POINT('Ctrl Pts',(-0.775068173114237,4.86465016467741,
129.99999999813));
#10662=CARTESIAN_POINT('Ctrl Pts',(-1.16476750963484E-8,5.31157740482969,
130.));
#10663=CARTESIAN_POINT('Ctrl Pts',(-1.25922334969983E-5,4.7342649372256,
130.499937966182));
#10664=CARTESIAN_POINT('Ctrl Pts',(-6.72264411760932E-6,4.83025073697115,
130.415779421874));
#10665=CARTESIAN_POINT('Ctrl Pts',(-3.20311140006339E-6,4.9265076752894,
130.331879948177));
#10666=CARTESIAN_POINT('Ctrl Pts',(-1.50782958329224E-6,5.02300605556987,
130.248305160946));
#10667=CARTESIAN_POINT('Ctrl Pts',(1.77226497826524E-7,5.11892236924327,
130.165234486764));
#10668=CARTESIAN_POINT('Ctrl Pts',(6.34510241292873E-14,5.21511465407535,
130.082452248921));
#10669=CARTESIAN_POINT('Ctrl Pts',(1.79202781911846E-15,5.31157741154608,
130.));
#10670=CARTESIAN_POINT('Ctrl Pts',(-4.36532380936515,-2.73435150214802,
127.438021336943));
#10671=CARTESIAN_POINT('Ctrl Pts',(-4.00460644516148,-2.95310176898704,
128.083892673075));
#10672=CARTESIAN_POINT('Ctrl Pts',(-2.81281050921515,-3.67175153901048,
129.421058909442));
#10673=CARTESIAN_POINT('Ctrl Pts',(-1.03342421417771,-4.71567442546417,
130.000000002407));
#10674=CARTESIAN_POINT('Ctrl Pts',(1.16476775732965E-8,-5.31157741826248,
130.));
#10675=CARTESIAN_POINT('Ctrl Pts',(-4.46057585501473,-2.50589098420806,
127.57347585626));
#10676=CARTESIAN_POINT('Ctrl Pts',(-4.07457598462584,-2.73574144629402,
128.248092818972));
#10677=CARTESIAN_POINT('Ctrl Pts',(-2.80959339083297,-3.48645686439768,
129.623456600282));
#10678=CARTESIAN_POINT('Ctrl Pts',(-0.968634587296872,-4.56039741186724,
130.182893455133));
#10679=CARTESIAN_POINT('Ctrl Pts',(0.0894944149040065,-5.17081196801257,
130.164430155889));
#10680=CARTESIAN_POINT('Ctrl Pts',(-4.55582790066431,-2.2774304662681,127.708930375578));
#10681=CARTESIAN_POINT('Ctrl Pts',(-4.1445455240902,-2.518381123601,128.41229296487));
#10682=CARTESIAN_POINT('Ctrl Pts',(-2.80637627245078,-3.30116218978487,
129.825854291121));
#10683=CARTESIAN_POINT('Ctrl Pts',(-0.903844960416033,-4.40512039827032,
130.365786907859));
#10684=CARTESIAN_POINT('Ctrl Pts',(0.178988818160335,-5.03004651776266,
130.328860311778));
#10685=CARTESIAN_POINT('Ctrl Pts',(-4.65107994631389,-2.04896994832814,
127.844384894895));
#10686=CARTESIAN_POINT('Ctrl Pts',(-4.21451506355455,-2.30102080090798,
128.576493110767));
#10687=CARTESIAN_POINT('Ctrl Pts',(-2.8031591540686,-3.11586751517206,130.028251981961));
#10688=CARTESIAN_POINT('Ctrl Pts',(-0.839055333535196,-4.2498433846734,
130.548680360584));
#10689=CARTESIAN_POINT('Ctrl Pts',(0.268483221416664,-4.88928106751274,
130.493290467667));
#10690=CARTESIAN_POINT('',(-8.04061324838318E-16,-5.31157741154608,130.));
#10691=CARTESIAN_POINT('',(-4.36532380936516,-2.73435150214802,127.438021336943));
#10692=CARTESIAN_POINT('Ctrl Pts',(-1.1647678428348E-8,-5.31157740482969,
130.));
#10693=CARTESIAN_POINT('Ctrl Pts',(-1.033424229458,-4.71567441649959,129.999999997436));
#10694=CARTESIAN_POINT('Ctrl Pts',(-2.81281051433236,-3.67175153592482,
129.421058903701));
#10695=CARTESIAN_POINT('Ctrl Pts',(-4.00460644516148,-2.95310176898704,
128.083892673075));
#10696=CARTESIAN_POINT('Ctrl Pts',(-4.36532380936515,-2.73435150214802,
127.438021336943));
#10697=CARTESIAN_POINT('',(-4.1,-2.54941363309988,128.361817604251));
#10698=CARTESIAN_POINT('Ctrl Pts',(-4.36532380936514,-2.73435150214803,
127.438021336943));
#10699=CARTESIAN_POINT('Ctrl Pts',(-4.27523292139011,-2.70399204203491,
127.751697015839));
#10700=CARTESIAN_POINT('Ctrl Pts',(-4.18683781702172,-2.63888660265053,
128.059468367604));
#10701=CARTESIAN_POINT('Ctrl Pts',(-4.10000000001356,-2.54941363311385,
128.361817604204));
#10702=CARTESIAN_POINT('',(-4.09999999982235,-2.36713610378004,128.610395057968));
#10703=CARTESIAN_POINT('Ctrl Pts',(-4.0996397454449,-2.54962986566677,128.361675725208));
#10704=CARTESIAN_POINT('Ctrl Pts',(-4.09963275632404,-2.48954591667737,
128.445023573053));
#10705=CARTESIAN_POINT('Ctrl Pts',(-4.09963092364577,-2.4286485321724,128.527930455623));
#10706=CARTESIAN_POINT('Ctrl Pts',(-4.09963159994041,-2.36734879955104,
128.610087403053));
#10707=CARTESIAN_POINT('',(-1.08809674109935E-15,-4.73427220735493,130.5));
#10708=CARTESIAN_POINT('Ctrl Pts',(-4.09968124634862,-2.36732013618389,
128.610029658914));
#10709=CARTESIAN_POINT('Ctrl Pts',(-3.75218272464705,-2.56794850123129,
129.014213645547));
#10710=CARTESIAN_POINT('Ctrl Pts',(-2.56033751429934,-3.25606065425791,
130.05076071274));
#10711=CARTESIAN_POINT('Ctrl Pts',(-1.01913387234348,-4.14587499181716,
130.49867025876));
#10712=CARTESIAN_POINT('Ctrl Pts',(1.42622705798234E-7,-4.73427228969819,
130.499833377201));
#10713=CARTESIAN_POINT('Ctrl Pts',(2.50414505259533E-5,-4.73428666504321,
130.499833405558));
#10714=CARTESIAN_POINT('Ctrl Pts',(2.67062283974087E-5,-4.83026877247128,
130.415708904769));
#10715=CARTESIAN_POINT('Ctrl Pts',(2.15333627302489E-5,-4.92652057252237,
130.331835723781));
#10716=CARTESIAN_POINT('Ctrl Pts',(1.48667004033591E-5,-5.02301444032387,
130.248278595345));
#10717=CARTESIAN_POINT('Ctrl Pts',(8.24025058030461E-6,-5.11892626873581,
130.165225473445));
#10718=CARTESIAN_POINT('Ctrl Pts',(1.51090669857825E-12,-5.21511465407499,
130.08245224892));
#10719=CARTESIAN_POINT('Ctrl Pts',(-1.66533453693773E-15,-5.31157741154608,
130.));
#10720=CARTESIAN_POINT('Origin',(-4.23266190468258,-13.,127.899919470597));
#10721=CARTESIAN_POINT('',(-4.10000000000001,-13.,128.361817604251));
#10722=CARTESIAN_POINT('',(-4.36532380936516,-13.,127.438021336943));
#10723=CARTESIAN_POINT('Ctrl Pts',(-1.16484729908817E-8,-5.31157741826294,
130.));
#10724=CARTESIAN_POINT('Ctrl Pts',(0.775068157720686,-4.86465017366414,
130.000000001806));
#10725=CARTESIAN_POINT('Ctrl Pts',(2.56756474844913,-3.81819454775136,129.572034453833));
#10726=CARTESIAN_POINT('Ctrl Pts',(3.88436732376017,-3.02601852460009,128.299183118453));
#10727=CARTESIAN_POINT('Ctrl Pts',(4.36532380936514,-2.73435150214802,127.438021336943));
#10728=CARTESIAN_POINT('Ctrl Pts',(-0.0894944149048206,-5.17081196801304,
130.164430155889));
#10729=CARTESIAN_POINT('Ctrl Pts',(0.704102336745955,-4.71300105090398,
130.178277630322));
#10730=CARTESIAN_POINT('Ctrl Pts',(2.55257262479714,-3.63808140801912,129.773518243298));
#10731=CARTESIAN_POINT('Ctrl Pts',(3.94590936116278,-2.81235826698939,128.472965139877));
#10732=CARTESIAN_POINT('Ctrl Pts',(4.46057585501472,-2.50589098420806,127.57347585626));
#10733=CARTESIAN_POINT('Ctrl Pts',(-0.178988818161168,-5.03004651776313,
130.328860311778));
#10734=CARTESIAN_POINT('Ctrl Pts',(0.633136515771225,-4.56135192814382,
130.356555258839));
#10735=CARTESIAN_POINT('Ctrl Pts',(2.53758050114514,-3.45796826828688,129.975002032764));
#10736=CARTESIAN_POINT('Ctrl Pts',(4.0074513985654,-2.59869800937868,128.646747161301));
#10737=CARTESIAN_POINT('Ctrl Pts',(4.5558279006643,-2.2774304662681,127.708930375578));
#10738=CARTESIAN_POINT('Ctrl Pts',(-0.268483221417516,-4.88928106751323,
130.493290467667));
#10739=CARTESIAN_POINT('Ctrl Pts',(0.562170694796494,-4.40970280538366,
130.534832887355));
#10740=CARTESIAN_POINT('Ctrl Pts',(2.52258837749315,-3.27785512855464,130.17648582223));
#10741=CARTESIAN_POINT('Ctrl Pts',(4.06899343596802,-2.38503775176798,128.820529182725));
#10742=CARTESIAN_POINT('Ctrl Pts',(4.65107994631388,-2.04896994832814,127.844384894895));
#10743=CARTESIAN_POINT('',(4.36532380936514,-2.73435150214802,127.438021336943));
#10744=CARTESIAN_POINT('Ctrl Pts',(4.36532380936514,-2.73435150214802,127.438021336943));
#10745=CARTESIAN_POINT('Ctrl Pts',(3.88436732376017,-3.02601852460009,128.299183118453));
#10746=CARTESIAN_POINT('Ctrl Pts',(2.56756475410347,-3.81819454434977,129.572034448367));
#10747=CARTESIAN_POINT('Ctrl Pts',(0.77506817311461,-4.8646501646772,129.99999999813));
#10748=CARTESIAN_POINT('Ctrl Pts',(1.16484702726308E-8,-5.31157740482923,
130.));
#10749=CARTESIAN_POINT('',(4.09999999982234,-2.36713610378004,128.610395057968));
#10750=CARTESIAN_POINT('Ctrl Pts',(-1.84018814214371E-8,-4.73427221797926,
130.499937971185));
#10751=CARTESIAN_POINT('Ctrl Pts',(0.742179422086582,-4.30577471822624,
130.499644397548));
#10752=CARTESIAN_POINT('Ctrl Pts',(2.28544946326516,-3.41476734451951,130.178184412926));
#10753=CARTESIAN_POINT('Ctrl Pts',(3.56707926976976,-2.67481803073263,129.226273113819));
#10754=CARTESIAN_POINT('Ctrl Pts',(4.09909257919628,-2.36766000332276,128.609351684879));
#10755=CARTESIAN_POINT('',(4.1,-2.54941363309985,128.361817604251));
#10756=CARTESIAN_POINT('Ctrl Pts',(4.09925610193475,-2.36756559342569,128.609162055551));
#10757=CARTESIAN_POINT('Ctrl Pts',(4.09923354793109,-2.42887086480472,128.527084382052));
#10758=CARTESIAN_POINT('Ctrl Pts',(4.09922209441209,-2.48977018512859,128.44425472155));
#10759=CARTESIAN_POINT('Ctrl Pts',(4.09922532384322,-2.54985209371228,128.360980792401));
#10760=CARTESIAN_POINT('Ctrl Pts',(4.10000000001356,-2.54941363311382,128.361817604204));
#10761=CARTESIAN_POINT('Ctrl Pts',(4.18683781702164,-2.63888660265042,128.059468367604));
#10762=CARTESIAN_POINT('Ctrl Pts',(4.27523292139009,-2.70399204203489,127.751697015839));
#10763=CARTESIAN_POINT('Ctrl Pts',(4.36532380936514,-2.73435150214802,127.438021336943));
#10764=CARTESIAN_POINT('Origin',(4.23266190468257,-13.,127.899919470597));
#10765=CARTESIAN_POINT('',(4.36532380936514,2.73435150214804,127.438021336943));
#10766=CARTESIAN_POINT('',(4.36532380936514,-13.,127.438021336943));
#10767=CARTESIAN_POINT('',(4.1,2.54941363309984,128.361817604251));
#10768=CARTESIAN_POINT('',(4.1,-13.,128.361817604251));
#10769=CARTESIAN_POINT('Ctrl Pts',(4.10000000001356,2.54941363311382,128.361817604204));
#10770=CARTESIAN_POINT('Ctrl Pts',(4.18683781702163,2.6388866026504,128.059468367604));
#10771=CARTESIAN_POINT('Ctrl Pts',(4.27523292139009,2.70399204203488,127.751697015839));
#10772=CARTESIAN_POINT('Ctrl Pts',(4.36532380936515,2.73435150214802,127.438021336943));
#10773=CARTESIAN_POINT('Ctrl Pts',(4.36532380936514,2.73435150214802,127.438021336943));
#10774=CARTESIAN_POINT('Ctrl Pts',(4.00460644516141,2.95310176898707,128.083892673075));
#10775=CARTESIAN_POINT('Ctrl Pts',(2.81281050921486,3.67175153901065,129.421058909442));
#10776=CARTESIAN_POINT('Ctrl Pts',(1.03342421417708,4.71567442546454,130.000000002408));
#10777=CARTESIAN_POINT('Ctrl Pts',(-1.16484663295436E-8,5.31157741826293,
130.));
#10778=CARTESIAN_POINT('Ctrl Pts',(4.46057585501472,2.50589098420806,127.57347585626));
#10779=CARTESIAN_POINT('Ctrl Pts',(4.07457598462577,2.73574144629405,128.248092818973));
#10780=CARTESIAN_POINT('Ctrl Pts',(2.80959339083266,3.48645686439785,129.623456600282));
#10781=CARTESIAN_POINT('Ctrl Pts',(0.96863458729622,4.56039741186762,130.182893455133));
#10782=CARTESIAN_POINT('Ctrl Pts',(-0.0894944149048137,5.17081196801303,
130.164430155889));
#10783=CARTESIAN_POINT('Ctrl Pts',(4.5558279006643,2.2774304662681,127.708930375578));
#10784=CARTESIAN_POINT('Ctrl Pts',(4.14454552409013,2.51838112360104,128.41229296487));
#10785=CARTESIAN_POINT('Ctrl Pts',(2.80637627245047,3.30116218978505,129.825854291121));
#10786=CARTESIAN_POINT('Ctrl Pts',(0.903844960415363,4.40512039827071,130.365786907859));
#10787=CARTESIAN_POINT('Ctrl Pts',(-0.178988818161161,5.03004651776313,
130.328860311778));
#10788=CARTESIAN_POINT('Ctrl Pts',(4.65107994631389,2.04896994832814,127.844384894895));
#10789=CARTESIAN_POINT('Ctrl Pts',(4.21451506355449,2.30102080090802,128.576493110767));
#10790=CARTESIAN_POINT('Ctrl Pts',(2.80315915406827,3.11586751517225,130.028251981961));
#10791=CARTESIAN_POINT('Ctrl Pts',(0.839055333534505,4.2498433846738,130.548680360585));
#10792=CARTESIAN_POINT('Ctrl Pts',(-0.268483221417508,4.88928106751323,
130.493290467667));
#10793=CARTESIAN_POINT('Ctrl Pts',(1.16484691470718E-8,5.31157740482923,
130.));
#10794=CARTESIAN_POINT('Ctrl Pts',(1.03342422945841,4.71567441649935,129.999999997436));
#10795=CARTESIAN_POINT('Ctrl Pts',(2.81281051433241,3.67175153592478,129.421058903701));
#10796=CARTESIAN_POINT('Ctrl Pts',(4.00460644516141,2.95310176898707,128.083892673075));
#10797=CARTESIAN_POINT('Ctrl Pts',(4.36532380936514,2.73435150214802,127.438021336943));
#10798=CARTESIAN_POINT('',(4.09999999982235,2.36713610378004,128.610395057968));
#10799=CARTESIAN_POINT('Ctrl Pts',(4.09963974544489,2.54962986566674,128.361675725208));
#10800=CARTESIAN_POINT('Ctrl Pts',(4.09963275632404,2.48954591667734,128.445023573053));
#10801=CARTESIAN_POINT('Ctrl Pts',(4.09963092364577,2.42864853217239,128.527930455623));
#10802=CARTESIAN_POINT('Ctrl Pts',(4.09963159994041,2.36734879955104,128.610087403053));
#10803=CARTESIAN_POINT('Ctrl Pts',(4.09968124634863,2.36732013618389,128.610029658914));
#10804=CARTESIAN_POINT('Ctrl Pts',(3.75218272464698,2.56794850123134,129.014213645547));
#10805=CARTESIAN_POINT('Ctrl Pts',(2.56033751429923,3.25606065425798,130.05076071274));
#10806=CARTESIAN_POINT('Ctrl Pts',(1.01913387234335,4.14587499181723,130.49867025876));
#10807=CARTESIAN_POINT('Ctrl Pts',(-1.42622705728845E-7,4.73427228969819,
130.499833377201));
#10808=CARTESIAN_POINT('Origin',(4.1,2.36713610367747,135.));
#10809=CARTESIAN_POINT('',(4.1,-2.36713610367747,135.));
#10810=CARTESIAN_POINT('',(4.1,-2.36713610367747,135.));
#10811=CARTESIAN_POINT('',(4.1,2.36713610367747,135.));
#10812=CARTESIAN_POINT('',(4.1,-2.36713610367747,135.));
#10813=CARTESIAN_POINT('',(4.1,2.36713610367747,135.));
#10814=CARTESIAN_POINT('Origin',(4.1,-2.36713610367747,135.));
#10815=CARTESIAN_POINT('',(-1.05121960188968E-15,-4.73427220735493,135.));
#10816=CARTESIAN_POINT('',(-1.05121960188968E-15,-4.73427220735493,135.));
#10817=CARTESIAN_POINT('',(-1.05121960188968E-15,-4.73427220735493,135.));
#10818=CARTESIAN_POINT('Origin',(-1.11022302462516E-15,-4.73427220735493,
135.));
#10819=CARTESIAN_POINT('',(-4.1,-2.36713610367747,135.));
#10820=CARTESIAN_POINT('',(-4.1,-2.36713610367747,135.));
#10821=CARTESIAN_POINT('',(-4.1,-2.36713610367747,135.));
#10822=CARTESIAN_POINT('Origin',(0.,-13.,125.));
#10823=CARTESIAN_POINT('',(-5.,-12.,125.));
#10824=CARTESIAN_POINT('',(5.,-12.,125.));
#10825=CARTESIAN_POINT('Origin',(0.,-12.,125.));
#10826=CARTESIAN_POINT('',(-5.,12.,125.));
#10827=CARTESIAN_POINT('',(-5.,-13.,125.));
#10828=CARTESIAN_POINT('',(5.,12.,125.));
#10829=CARTESIAN_POINT('Origin',(0.,12.,125.));
#10830=CARTESIAN_POINT('',(5.,-13.,125.));
#10831=CARTESIAN_POINT('Origin',(2.22044604925031E-15,4.73427220735493,
135.));
#10832=CARTESIAN_POINT('',(2.4980018054066E-15,4.73427220735493,135.));
#10833=CARTESIAN_POINT('',(4.1,2.36713610367747,135.));
#10834=CARTESIAN_POINT('',(2.4980018054066E-15,4.73427220735493,135.));
#10835=CARTESIAN_POINT('Origin',(-4.1,2.36713610367747,135.));
#10836=CARTESIAN_POINT('',(-4.1,2.36713610367747,135.));
#10837=CARTESIAN_POINT('',(2.4980018054066E-15,4.73427220735493,135.));
#10838=CARTESIAN_POINT('',(-4.1,2.36713610367747,135.));
#10839=CARTESIAN_POINT('Origin',(-4.1,-2.36713610367747,135.));
#10840=CARTESIAN_POINT('',(-4.1,2.36713610367747,135.));
#10841=CARTESIAN_POINT('Origin',(0.,-5.55111512312578E-16,135.));
#10842=CARTESIAN_POINT('Origin',(73.0000000000003,12.5,32.7261363439072));
#10843=CARTESIAN_POINT('',(18.25,12.,8.1815340859768));
#10844=CARTESIAN_POINT('',(18.25,12.,8.1815340859768));
#10845=CARTESIAN_POINT('Origin',(73.0000000000003,12.,32.7261363439072));
#10846=CARTESIAN_POINT('Origin',(0.,12.5,0.));
#10847=CARTESIAN_POINT('',(18.25,12.,-8.18153408597675));
#10848=CARTESIAN_POINT('',(18.25,12.,-8.18153408597675));
#10849=CARTESIAN_POINT('Origin',(0.,12.,0.));
#10850=CARTESIAN_POINT('Origin',(73.0000000000004,12.5,-32.7261363439072));
#10851=CARTESIAN_POINT('',(13.,12.,-32.7261363439071));
#10852=CARTESIAN_POINT('',(13.,12.,-32.7261363439071));
#10853=CARTESIAN_POINT('Origin',(73.0000000000004,12.,-32.7261363439072));
#10854=CARTESIAN_POINT('Origin',(12.5,12.5,-1.36306817195357));
#10855=CARTESIAN_POINT('',(13.,12.,-75.));
#10856=CARTESIAN_POINT('',(13.,12.,-75.));
#10857=CARTESIAN_POINT('',(13.,12.,-1.36306817195357));
#10858=CARTESIAN_POINT('Origin',(8.,12.5,-75.));
#10859=CARTESIAN_POINT('',(8.,12.,-80.));
#10860=CARTESIAN_POINT('Origin',(8.,12.,-75.));
#10861=CARTESIAN_POINT('',(8.,12.,-80.));
#10862=CARTESIAN_POINT('Origin',(6.5,12.5,-79.5));
#10863=CARTESIAN_POINT('',(-8.,12.,-80.));
#10864=CARTESIAN_POINT('',(-8.,12.,-80.));
#10865=CARTESIAN_POINT('',(6.5,12.,-80.));
#10866=CARTESIAN_POINT('Origin',(-8.,12.5,-75.));
#10867=CARTESIAN_POINT('',(-13.,12.,-75.));
#10868=CARTESIAN_POINT('Origin',(-8.,12.,-75.));
#10869=CARTESIAN_POINT('',(-13.,12.,-75.));
#10870=CARTESIAN_POINT('Origin',(-12.5,12.5,-25.));
#10871=CARTESIAN_POINT('',(-13.,12.,-32.7261363439072));
#10872=CARTESIAN_POINT('',(-13.,12.,-32.7261363439072));
#10873=CARTESIAN_POINT('',(-13.,12.,-25.));
#10874=CARTESIAN_POINT('Origin',(-73.0000000000003,12.5,-32.7261363439072));
#10875=CARTESIAN_POINT('',(-18.25,12.,-8.18153408597679));
#10876=CARTESIAN_POINT('',(-18.25,12.,-8.18153408597679));
#10877=CARTESIAN_POINT('Origin',(-73.0000000000003,12.,-32.7261363439072));
#10878=CARTESIAN_POINT('Origin',(0.,12.5,0.));
#10879=CARTESIAN_POINT('',(-18.25,12.,8.18153408597679));
#10880=CARTESIAN_POINT('',(-18.25,12.,8.18153408597679));
#10881=CARTESIAN_POINT('Origin',(0.,12.,0.));
#10882=CARTESIAN_POINT('Origin',(-73.0000000000002,12.5,32.7261363439072));
#10883=CARTESIAN_POINT('',(-13.,12.,32.7261363439071));
#10884=CARTESIAN_POINT('Origin',(-73.0000000000002,12.,32.7261363439072));
#10885=CARTESIAN_POINT('Origin',(-12.5,12.5,31.3630681719536));
#10886=CARTESIAN_POINT('Origin',(-73.0000000000002,0.,32.7261363439072));
#10887=CARTESIAN_POINT('',(-18.25,-12.,8.18153408597679));
#10888=CARTESIAN_POINT('',(-18.25,0.,8.18153408597679));
#10889=CARTESIAN_POINT('Origin',(-73.0000000000002,-12.,32.7261363439072));
#10890=CARTESIAN_POINT('Origin',(0.,0.,0.));
#10891=CARTESIAN_POINT('',(-18.25,-12.,-8.18153408597679));
#10892=CARTESIAN_POINT('',(-18.25,0.,-8.18153408597679));
#10893=CARTESIAN_POINT('Origin',(0.,-12.,0.));
#10894=CARTESIAN_POINT('Origin',(-73.0000000000003,0.,-32.7261363439072));
#10895=CARTESIAN_POINT('',(-13.,-12.,-32.7261363439072));
#10896=CARTESIAN_POINT('',(-13.,0.,-32.7261363439072));
#10897=CARTESIAN_POINT('Origin',(-73.0000000000003,-12.,-32.7261363439072));
#10898=CARTESIAN_POINT('Origin',(-13.,0.,-80.));
#10899=CARTESIAN_POINT('',(-13.,8.00000002980232,-75.));
#10900=CARTESIAN_POINT('',(-13.,0.,-75.));
#10901=CARTESIAN_POINT('',(-13.,8.00000002980232,-69.5000010281801));
#10902=CARTESIAN_POINT('',(-13.,8.00000002980232,-81.0000006109476));
#10903=CARTESIAN_POINT('',(-13.,7.50000002980232,-69.0000010281801));
#10904=CARTESIAN_POINT('',(-13.,8.49999976530673,-70.0000007636845));
#10905=CARTESIAN_POINT('',(-13.,6.5,-69.0000010281801));
#10906=CARTESIAN_POINT('',(-13.,4.00000001490116,-69.0000010281801));
#10907=CARTESIAN_POINT('',(-13.,6.,-69.5000010281801));
#10908=CARTESIAN_POINT('',(-13.,2.00000025704502,-73.5000007711351));
#10909=CARTESIAN_POINT('',(-13.,6.,-75.));
#10910=CARTESIAN_POINT('',(-13.,6.,-74.5000005140901));
#10911=CARTESIAN_POINT('',(-13.,4.,-75.));
#10912=CARTESIAN_POINT('',(-13.,0.,-75.));
#10913=CARTESIAN_POINT('',(-13.,4.,-69.5000010281801));
#10914=CARTESIAN_POINT('',(-13.,4.,-85.5000006780028));
#10915=CARTESIAN_POINT('',(-13.,3.5,-69.0000010281801));
#10916=CARTESIAN_POINT('',(-13.,5.49999974295498,-71.0000007711351));
#10917=CARTESIAN_POINT('',(-13.,-3.5,-69.0000010281801));
#10918=CARTESIAN_POINT('',(-13.,2.,-69.0000010281801));
#10919=CARTESIAN_POINT('',(-13.,-4.,-69.5000010281801));
#10920=CARTESIAN_POINT('',(-13.,-5.49999974295496,-71.0000007711351));
#10921=CARTESIAN_POINT('',(-13.,-4.,-75.));
#10922=CARTESIAN_POINT('',(-13.,-4.,-74.5000005140901));
#10923=CARTESIAN_POINT('',(-13.,-6.,-75.));
#10924=CARTESIAN_POINT('',(-13.,0.,-75.));
#10925=CARTESIAN_POINT('',(-13.,-6.,-69.5000010281801));
#10926=CARTESIAN_POINT('',(-13.,-6.,-81.0000006109476));
#10927=CARTESIAN_POINT('',(-13.,-6.5,-69.0000010281801));
#10928=CARTESIAN_POINT('',(-13.,-2.00000025704505,-73.5000007711351));
#10929=CARTESIAN_POINT('',(-13.,-7.50000002980232,-69.0000010281801));
#10930=CARTESIAN_POINT('',(-13.,-3.,-69.0000010281801));
#10931=CARTESIAN_POINT('',(-13.,-8.00000002980232,-69.5000010281801));
#10932=CARTESIAN_POINT('',(-13.,-8.4999997653067,-70.0000007636845));
#10933=CARTESIAN_POINT('',(-13.,-8.00000002980232,-75.));
#10934=CARTESIAN_POINT('',(-13.,-8.00000002980232,-74.5000005140901));
#10935=CARTESIAN_POINT('',(-13.,-12.,-75.));
#10936=CARTESIAN_POINT('',(-13.,0.,-75.));
#10937=CARTESIAN_POINT('',(-13.,-12.,-25.));
#10938=CARTESIAN_POINT('Origin',(-8.,0.,-75.));
#10939=CARTESIAN_POINT('',(-8.,8.00000002980232,-80.));
#10940=CARTESIAN_POINT('',(-8.,0.,-80.));
#10941=CARTESIAN_POINT('Origin',(-8.,8.00000002980232,-75.));
#10942=CARTESIAN_POINT('Origin',(13.,0.,-80.));
#10943=CARTESIAN_POINT('',(8.,8.00000002980232,-80.));
#10944=CARTESIAN_POINT('',(8.,0.,-80.));
#10945=CARTESIAN_POINT('',(1.11022302462516E-15,8.00000002980232,-80.));
#10946=CARTESIAN_POINT('Origin',(8.,0.,-75.));
#10947=CARTESIAN_POINT('',(13.,8.00000002980232,-75.));
#10948=CARTESIAN_POINT('',(13.,0.,-75.));
#10949=CARTESIAN_POINT('Origin',(8.,8.00000002980232,-75.));
#10950=CARTESIAN_POINT('Origin',(13.,0.,-32.7261363439071));
#10951=CARTESIAN_POINT('',(13.,-12.,-32.7261363439071));
#10952=CARTESIAN_POINT('',(13.,0.,-32.7261363439071));
#10953=CARTESIAN_POINT('',(13.,-12.,-75.));
#10954=CARTESIAN_POINT('',(13.,-12.,-1.36306817195357));
#10955=CARTESIAN_POINT('',(13.,-8.00000002980232,-75.));
#10956=CARTESIAN_POINT('',(13.,0.,-75.));
#10957=CARTESIAN_POINT('',(13.,-8.00000002980232,-69.5000010281801));
#10958=CARTESIAN_POINT('',(13.,-8.00000002980232,-50.8630686860436));
#10959=CARTESIAN_POINT('',(13.,-7.50000002980232,-69.0000010281801));
#10960=CARTESIAN_POINT('',(13.,3.31846614871652,-58.1815348496613));
#10961=CARTESIAN_POINT('',(13.,-6.5,-69.0000010281801));
#10962=CARTESIAN_POINT('',(13.,-3.,-69.0000010281801));
#10963=CARTESIAN_POINT('',(13.,-6.,-69.5000010281801));
#10964=CARTESIAN_POINT('',(13.,-13.8184661710683,-61.6815348571118));
#10965=CARTESIAN_POINT('',(13.,-6.,-75.));
#10966=CARTESIAN_POINT('',(13.,-6.,-57.3630687829012));
#10967=CARTESIAN_POINT('',(13.,-4.,-75.));
#10968=CARTESIAN_POINT('',(13.,0.,-75.));
#10969=CARTESIAN_POINT('',(13.,-4.,-69.5000010281801));
#10970=CARTESIAN_POINT('',(13.,-4.,-50.8630686860436));
#10971=CARTESIAN_POINT('',(13.,-3.5,-69.0000010281801));
#10972=CARTESIAN_POINT('',(13.,6.31846617106825,-59.1815348571119));
#10973=CARTESIAN_POINT('',(13.,3.5,-69.0000010281801));
#10974=CARTESIAN_POINT('',(13.,2.,-69.0000010281801));
#10975=CARTESIAN_POINT('',(13.,4.,-69.5000010281801));
#10976=CARTESIAN_POINT('',(13.,-6.31846617106823,-59.1815348571117));
#10977=CARTESIAN_POINT('',(13.,4.,-75.));
#10978=CARTESIAN_POINT('',(13.,4.,-61.8630688499564));
#10979=CARTESIAN_POINT('',(13.,6.,-75.));
#10980=CARTESIAN_POINT('',(13.,0.,-75.));
#10981=CARTESIAN_POINT('',(13.,6.,-69.5000010281801));
#10982=CARTESIAN_POINT('',(13.,6.,-50.8630686860436));
#10983=CARTESIAN_POINT('',(13.,6.5,-69.0000010281801));
#10984=CARTESIAN_POINT('',(13.,13.8184661710682,-61.6815348571119));
#10985=CARTESIAN_POINT('',(13.,7.50000002980232,-69.0000010281801));
#10986=CARTESIAN_POINT('',(13.,4.00000001490116,-69.0000010281801));
#10987=CARTESIAN_POINT('',(13.,8.00000002980232,-69.5000010281801));
#10988=CARTESIAN_POINT('',(13.,-3.31846614871648,-58.1815348496612));
#10989=CARTESIAN_POINT('',(13.,8.00000002980232,-57.3630687829012));
#10990=CARTESIAN_POINT('Origin',(73.0000000000004,0.,-32.7261363439072));
#10991=CARTESIAN_POINT('',(18.25,-12.,-8.18153408597675));
#10992=CARTESIAN_POINT('',(18.25,0.,-8.18153408597675));
#10993=CARTESIAN_POINT('Origin',(73.0000000000004,-12.,-32.7261363439072));
#10994=CARTESIAN_POINT('Origin',(0.,0.,0.));
#10995=CARTESIAN_POINT('',(18.25,-12.,8.1815340859768));
#10996=CARTESIAN_POINT('',(18.25,0.,8.1815340859768));
#10997=CARTESIAN_POINT('Origin',(0.,-12.,0.));
#10998=CARTESIAN_POINT('Origin',(73.0000000000003,0.,32.7261363439072));
#10999=CARTESIAN_POINT('Origin',(73.0000000000003,-12.,32.7261363439072));
#11000=CARTESIAN_POINT('Origin',(-12.5,-12.5,31.3630681719536));
#11001=CARTESIAN_POINT('',(-12.,-13.,32.7261363439071));
#11002=CARTESIAN_POINT('',(-13.,-12.,32.7261363439071));
#11003=CARTESIAN_POINT('',(-12.,-13.,31.3630681719536));
#11004=CARTESIAN_POINT('Origin',(-73.0000000000002,-12.5,32.7261363439072));
#11005=CARTESIAN_POINT('',(-17.3375,-13.,7.77245738167796));
#11006=CARTESIAN_POINT('',(-18.25,-12.,8.18153408597679));
#11007=CARTESIAN_POINT('Origin',(-73.0000000000002,-13.,32.7261363439072));
#11008=CARTESIAN_POINT('Origin',(0.,-12.5,0.));
#11009=CARTESIAN_POINT('',(-17.3375,-13.,-7.77245738167795));
#11010=CARTESIAN_POINT('',(-18.25,-12.,-8.18153408597679));
#11011=CARTESIAN_POINT('Origin',(0.,-13.,0.));
#11012=CARTESIAN_POINT('Origin',(-73.0000000000003,-12.5,-32.7261363439072));
#11013=CARTESIAN_POINT('',(-12.,-13.,-32.7261363439072));
#11014=CARTESIAN_POINT('',(-13.,-12.,-32.7261363439072));
#11015=CARTESIAN_POINT('Origin',(-73.0000000000003,-13.,-32.7261363439072));
#11016=CARTESIAN_POINT('Origin',(-12.5,-12.5,-25.));
#11017=CARTESIAN_POINT('',(-12.,-13.,-75.));
#11018=CARTESIAN_POINT('',(-13.,-12.,-75.));
#11019=CARTESIAN_POINT('',(-12.,-13.,-25.));
#11020=CARTESIAN_POINT('Origin',(-8.,-12.5,-75.));
#11021=CARTESIAN_POINT('',(-8.,-12.,-80.));
#11022=CARTESIAN_POINT('Origin',(-8.,-12.,-75.));
#11023=CARTESIAN_POINT('',(-8.,-13.,-79.));
#11024=CARTESIAN_POINT('',(-8.,-12.,-80.));
#11025=CARTESIAN_POINT('Origin',(-8.,-13.,-75.));
#11026=CARTESIAN_POINT('Origin',(6.5,-12.5,-79.5));
#11027=CARTESIAN_POINT('',(8.,-12.,-80.));
#11028=CARTESIAN_POINT('',(8.,-13.,-79.));
#11029=CARTESIAN_POINT('',(8.,-12.,-80.));
#11030=CARTESIAN_POINT('',(6.5,-13.,-79.));
#11031=CARTESIAN_POINT('',(6.5,-12.,-80.));
#11032=CARTESIAN_POINT('Origin',(8.,-12.5,-75.));
#11033=CARTESIAN_POINT('Origin',(8.,-12.,-75.));
#11034=CARTESIAN_POINT('',(12.,-13.,-75.));
#11035=CARTESIAN_POINT('',(13.,-12.,-75.));
#11036=CARTESIAN_POINT('Origin',(8.,-13.,-75.));
#11037=CARTESIAN_POINT('Origin',(12.5,-12.5,-1.36306817195357));
#11038=CARTESIAN_POINT('',(12.,-13.,-32.7261363439071));
#11039=CARTESIAN_POINT('',(13.,-12.,-32.7261363439071));
#11040=CARTESIAN_POINT('',(12.,-13.,-1.36306817195357));
#11041=CARTESIAN_POINT('Origin',(73.0000000000004,-12.5,-32.7261363439072));
#11042=CARTESIAN_POINT('',(17.3375,-13.,-7.77245738167791));
#11043=CARTESIAN_POINT('',(18.25,-12.,-8.18153408597675));
#11044=CARTESIAN_POINT('Origin',(73.0000000000004,-13.,-32.7261363439072));
#11045=CARTESIAN_POINT('Origin',(0.,-12.5,0.));
#11046=CARTESIAN_POINT('',(17.3375,-13.,7.77245738167796));
#11047=CARTESIAN_POINT('',(18.25,-12.,8.1815340859768));
#11048=CARTESIAN_POINT('Origin',(0.,-13.,0.));
#11049=CARTESIAN_POINT('Origin',(73.0000000000003,-12.5,32.7261363439072));
#11050=CARTESIAN_POINT('',(12.,-13.,32.7261363439071));
#11051=CARTESIAN_POINT('',(13.,-12.,32.7261363439071));
#11052=CARTESIAN_POINT('Origin',(73.0000000000003,-13.,32.7261363439072));
#11053=CARTESIAN_POINT('Origin',(12.5,-12.5,85.));
#11054=CARTESIAN_POINT('',(12.,-13.,85.));
#11055=CARTESIAN_POINT('Origin',(8.,0.,-75.));
#11056=CARTESIAN_POINT('',(8.,-8.00000002980232,-80.));
#11057=CARTESIAN_POINT('',(8.,0.,-80.));
#11058=CARTESIAN_POINT('Origin',(8.,-8.00000002980232,-75.));
#11059=CARTESIAN_POINT('Origin',(13.,0.,-80.));
#11060=CARTESIAN_POINT('',(-8.,-8.00000002980232,-80.));
#11061=CARTESIAN_POINT('',(-8.,0.,-80.));
#11062=CARTESIAN_POINT('',(1.11022302462516E-15,-8.00000002980232,-80.));
#11063=CARTESIAN_POINT('Origin',(-8.,0.,-75.));
#11064=CARTESIAN_POINT('Origin',(-8.,-8.00000002980232,-75.));
#11065=CARTESIAN_POINT('Origin',(0.,-12.5,29.8724041208192));
#11066=CARTESIAN_POINT('',(-5.,-12.,29.8724041208192));
#11067=CARTESIAN_POINT('',(-6.,-13.,29.8724041208192));
#11068=CARTESIAN_POINT('',(-5.,-12.,29.8724041208192));
#11069=CARTESIAN_POINT('',(6.,-13.,29.8724041208192));
#11070=CARTESIAN_POINT('Origin',(0.,-13.,29.8724041208192));
#11071=CARTESIAN_POINT('',(5.,-12.,29.8724041208192));
#11072=CARTESIAN_POINT('',(6.,-13.,29.8724041208192));
#11073=CARTESIAN_POINT('Origin',(0.,-12.,29.8724041208192));
#11074=CARTESIAN_POINT('Origin',(-5.5,-12.5,29.9362020604096));
#11075=CARTESIAN_POINT('',(-6.,-13.,125.));
#11076=CARTESIAN_POINT('',(-5.,-12.,125.));
#11077=CARTESIAN_POINT('',(-6.,-13.,29.9362020604096));
#11078=CARTESIAN_POINT('',(-5.,-12.,29.9362020604096));
#11079=CARTESIAN_POINT('Origin',(0.,-12.5,125.));
#11080=CARTESIAN_POINT('',(6.,-13.,125.));
#11081=CARTESIAN_POINT('',(5.,-12.,125.));
#11082=CARTESIAN_POINT('Origin',(0.,-13.,125.));
#11083=CARTESIAN_POINT('Origin',(5.5,-12.5,77.5));
#11084=CARTESIAN_POINT('',(6.,-13.,77.5));
#11085=CARTESIAN_POINT('',(5.,-12.,77.5));
#11086=CARTESIAN_POINT('Origin',(-5.,-13.,29.8724041208192));
#11087=CARTESIAN_POINT('',(-5.,12.,29.8724041208192));
#11088=CARTESIAN_POINT('',(-5.,-13.,29.8724041208192));
#11089=CARTESIAN_POINT('',(-5.,12.,29.9362020604096));
#11090=CARTESIAN_POINT('Origin',(0.,-13.,29.8724041208192));
#11091=CARTESIAN_POINT('',(5.,12.,29.8724041208192));
#11092=CARTESIAN_POINT('',(5.,-13.,29.8724041208192));
#11093=CARTESIAN_POINT('Origin',(0.,12.,29.8724041208192));
#11094=CARTESIAN_POINT('Origin',(0.,-13.,30.));
#11095=CARTESIAN_POINT('',(6.,-13.,-20.));
#11096=CARTESIAN_POINT('',(-6.,-13.,-20.));
#11097=CARTESIAN_POINT('Origin',(0.,-13.,-20.));
#11098=CARTESIAN_POINT('',(6.,-13.,-57.3173018066));
#11099=CARTESIAN_POINT('',(6.,-13.,5.));
#11100=CARTESIAN_POINT('',(-6.,-13.,-57.3173018066));
#11101=CARTESIAN_POINT('Origin',(0.,-13.,-57.3173018066));
#11102=CARTESIAN_POINT('',(-6.,-13.,-13.6586509033));
#11103=CARTESIAN_POINT('',(-6.44999849981903,-13.,-72.3153221143987));
#11104=CARTESIAN_POINT('',(-4.90000000000049,-13.,-75.0000017322601));
#11105=CARTESIAN_POINT('',(-27.7956529915776,-13.,-35.3435163025581));
#11106=CARTESIAN_POINT('',(-6.45000150018146,-13.,-77.6846796178614));
#11107=CARTESIAN_POINT('',(18.4456830783311,-13.,-34.5641446848085));
#11108=CARTESIAN_POINT('',(-9.55000150018098,-13.,-77.6846778856013));
#11109=CARTESIAN_POINT('',(-3.22503083684489,-13.,-77.6846814199542));
#11110=CARTESIAN_POINT('',(-11.0999999999995,-13.,-74.9999982677399));
#11111=CARTESIAN_POINT('',(-31.6706552418489,-13.,-39.37053226483));
#11112=CARTESIAN_POINT('',(-9.54999849981855,-13.,-72.3153203821386));
#11113=CARTESIAN_POINT('',(13.0206838284225,-13.,-33.2218022774877));
#11114=CARTESIAN_POINT('',(-4.77502783648222,-13.,-72.3153230503615));
#11115=CARTESIAN_POINT('',(9.55000150018098,-13.,-77.6846778856013));
#11116=CARTESIAN_POINT('',(6.45000150018146,-13.,-77.6846796178614));
#11117=CARTESIAN_POINT('',(4.77503083684465,-13.,-77.6846805538242));
#11118=CARTESIAN_POINT('',(4.90000000000049,-13.,-75.0000017322601));
#11119=CARTESIAN_POINT('',(-17.6706823282406,-13.,-35.9064836276091));
#11120=CARTESIAN_POINT('',(6.44999849981903,-13.,-72.3153221143987));
#11121=CARTESIAN_POINT('',(27.0206537416684,-13.,-36.6858561114887));
#11122=CARTESIAN_POINT('',(9.54999849981855,-13.,-72.3153203821386));
#11123=CARTESIAN_POINT('',(3.22502783648246,-13.,-72.3153239164916));
#11124=CARTESIAN_POINT('',(11.0999999999995,-13.,-74.9999982677399));
#11125=CARTESIAN_POINT('',(-13.795684578513,-13.,-31.8794633346871));
#11126=CARTESIAN_POINT('',(32.4456544917581,-13.,-38.0281924558993));
#11127=CARTESIAN_POINT('',(-8.05,-13.,-9.85840673313619E-16));
#11128=CARTESIAN_POINT('Origin',(0.,-13.,0.));
#11129=CARTESIAN_POINT('Origin',(-5.5,12.5,-13.6586509033));
#11130=CARTESIAN_POINT('',(-5.,12.,-57.3173018066));
#11131=CARTESIAN_POINT('',(-5.,12.,-57.3173018066));
#11132=CARTESIAN_POINT('',(-5.,12.,-20.));
#11133=CARTESIAN_POINT('',(-6.,13.,-20.));
#11134=CARTESIAN_POINT('',(-5.,12.,-13.6586509033));
#11135=CARTESIAN_POINT('Origin',(0.,12.5,-57.3173018066));
#11136=CARTESIAN_POINT('',(5.,12.,-57.3173018066));
#11137=CARTESIAN_POINT('',(5.,12.,-57.3173018066));
#11138=CARTESIAN_POINT('Origin',(0.,12.,-57.3173018066));
#11139=CARTESIAN_POINT('Origin',(5.5,12.5,5.));
#11140=CARTESIAN_POINT('',(5.,12.,-20.));
#11141=CARTESIAN_POINT('',(5.,12.,-20.));
#11142=CARTESIAN_POINT('',(5.,12.,5.));
#11143=CARTESIAN_POINT('Origin',(0.,12.5,-20.));
#11144=CARTESIAN_POINT('Origin',(0.,12.,-20.));
#11145=CARTESIAN_POINT('Origin',(0.,-13.,-57.3173018066));
#11146=CARTESIAN_POINT('',(-5.,-12.,-57.3173018066));
#11147=CARTESIAN_POINT('',(-5.,-13.,-57.3173018066));
#11148=CARTESIAN_POINT('',(5.,-12.,-57.3173018066));
#11149=CARTESIAN_POINT('Origin',(0.,-12.,-57.3173018066));
#11150=CARTESIAN_POINT('',(5.,-13.,-57.3173018066));
#11151=CARTESIAN_POINT('Origin',(-5.,-13.,-57.3173018066));
#11152=CARTESIAN_POINT('',(-5.,-12.,-20.));
#11153=CARTESIAN_POINT('',(-5.,-13.,-20.));
#11154=CARTESIAN_POINT('',(-5.,-12.,-13.6586509033));
#11155=CARTESIAN_POINT('Origin',(0.,12.5,29.8724041208192));
#11156=CARTESIAN_POINT('',(5.,12.,29.8724041208192));
#11157=CARTESIAN_POINT('',(-6.,13.,29.8724041208192));
#11158=CARTESIAN_POINT('Origin',(5.5,12.5,77.5));
#11159=CARTESIAN_POINT('',(5.,12.,125.));
#11160=CARTESIAN_POINT('',(5.,12.,77.5));
#11161=CARTESIAN_POINT('Origin',(0.,12.5,125.));
#11162=CARTESIAN_POINT('',(-5.,12.,125.));
#11163=CARTESIAN_POINT('Origin',(-5.5,12.5,29.9362020604096));
#11164=CARTESIAN_POINT('Origin',(5.,-13.,125.));
#11165=CARTESIAN_POINT('Origin',(0.,-12.5,-20.));
#11166=CARTESIAN_POINT('',(5.,-12.,-20.));
#11167=CARTESIAN_POINT('',(5.,-12.,-20.));
#11168=CARTESIAN_POINT('',(-6.,-13.,-20.));
#11169=CARTESIAN_POINT('Origin',(0.,-12.,-20.));
#11170=CARTESIAN_POINT('Origin',(5.5,-12.5,5.));
#11171=CARTESIAN_POINT('',(5.,-12.,-57.3173018066));
#11172=CARTESIAN_POINT('',(5.,-12.,5.));
#11173=CARTESIAN_POINT('Origin',(0.,-12.5,-57.3173018066));
#11174=CARTESIAN_POINT('',(-5.,-12.,-57.3173018066));
#11175=CARTESIAN_POINT('Origin',(-5.5,-12.5,-13.6586509033));
#11176=CARTESIAN_POINT('Origin',(5.,-13.,-20.));
#11177=CARTESIAN_POINT('',(5.,-13.,-20.));
#11178=CARTESIAN_POINT('Origin',(0.,-13.,-20.));
#11179=CARTESIAN_POINT('Origin',(-13.,-7.75000002980232,-69.2500010281801));
#11180=CARTESIAN_POINT('',(-13.,-7.50000002980232,-69.0000010281801));
#11181=CARTESIAN_POINT('',(-13.,-8.00000002980232,-69.5000010281801));
#11182=CARTESIAN_POINT('Origin',(-13.,-6.,-69.0000010281801));
#11183=CARTESIAN_POINT('',(-13.,-6.5,-69.0000010281801));
#11184=CARTESIAN_POINT('Origin',(-13.,-6.25,-69.2500010281801));
#11185=CARTESIAN_POINT('',(-13.,-6.,-69.5000010281801));
#11186=CARTESIAN_POINT('Origin',(-13.,-6.,-82.0000012218952));
#11187=CARTESIAN_POINT('',(-8.,-6.,-80.));
#11188=CARTESIAN_POINT('Origin',(-8.,-6.,-75.));
#11189=CARTESIAN_POINT('',(8.,-6.,-80.));
#11190=CARTESIAN_POINT('',(1.11022302462516E-15,-6.,-80.));
#11191=CARTESIAN_POINT('Origin',(8.,-6.,-75.));
#11192=CARTESIAN_POINT('',(-6.45000000000001,-6.,-75.));
#11193=CARTESIAN_POINT('Origin',(-8.00000000000001,-6.,-75.));
#11194=CARTESIAN_POINT('',(9.55,-6.,-75.));
#11195=CARTESIAN_POINT('Origin',(8.00000000000001,-6.,-75.));
#11196=CARTESIAN_POINT('Origin',(-13.,3.75,-69.2500010281801));
#11197=CARTESIAN_POINT('',(-13.,4.,-69.5000010281801));
#11198=CARTESIAN_POINT('',(-13.,3.5,-69.0000010281801));
#11199=CARTESIAN_POINT('Origin',(-13.,4.,-91.0000013560057));
#11200=CARTESIAN_POINT('',(-8.,4.,-80.));
#11201=CARTESIAN_POINT('Origin',(-8.,4.,-75.));
#11202=CARTESIAN_POINT('',(8.,4.,-80.));
#11203=CARTESIAN_POINT('',(1.11022302462516E-15,4.,-80.));
#11204=CARTESIAN_POINT('Origin',(8.,4.,-75.));
#11205=CARTESIAN_POINT('',(-6.45000000000001,4.,-75.));
#11206=CARTESIAN_POINT('Origin',(-8.00000000000001,4.,-75.));
#11207=CARTESIAN_POINT('',(9.55,4.,-75.));
#11208=CARTESIAN_POINT('Origin',(8.00000000000001,4.,-75.));
#11209=CARTESIAN_POINT('Origin',(-13.,-3.75,-69.2500010281801));
#11210=CARTESIAN_POINT('',(-13.,-3.5,-69.0000010281801));
#11211=CARTESIAN_POINT('',(-13.,-4.,-69.5000010281801));
#11212=CARTESIAN_POINT('Origin',(-13.,4.,-69.0000010281801));
#11213=CARTESIAN_POINT('Origin',(-13.,6.25,-69.2500010281801));
#11214=CARTESIAN_POINT('',(-13.,6.5,-69.0000010281801));
#11215=CARTESIAN_POINT('',(-13.,6.,-69.5000010281801));
#11216=CARTESIAN_POINT('Origin',(-13.,8.00000002980232,-69.0000010281801));
#11217=CARTESIAN_POINT('',(-13.,7.50000002980232,-69.0000010281801));
#11218=CARTESIAN_POINT('Origin',(-13.,7.75000002980232,-69.2500010281801));
#11219=CARTESIAN_POINT('',(-13.,8.00000002980232,-69.5000010281801));
#11220=CARTESIAN_POINT('Origin',(-13.,8.00000002980232,-82.0000012218952));
#11221=CARTESIAN_POINT('',(-6.45000000000001,8.00000002980232,-75.));
#11222=CARTESIAN_POINT('Origin',(-8.00000000000001,8.00000002980232,-75.));
#11223=CARTESIAN_POINT('',(9.55,8.00000002980232,-75.));
#11224=CARTESIAN_POINT('Origin',(8.00000000000001,8.00000002980232,-75.));
#11225=CARTESIAN_POINT('Origin',(-13.,-8.00000002980232,-69.0000010281801));
#11226=CARTESIAN_POINT('',(-6.45000000000001,-8.00000002980232,-75.));
#11227=CARTESIAN_POINT('Origin',(-8.00000000000001,-8.00000002980232,-75.));
#11228=CARTESIAN_POINT('',(9.55,-8.00000002980232,-75.));
#11229=CARTESIAN_POINT('Origin',(8.00000000000001,-8.00000002980232,-75.));
#11230=CARTESIAN_POINT('Origin',(-13.,-4.,-69.0000010281801));
#11231=CARTESIAN_POINT('',(8.,-4.,-80.));
#11232=CARTESIAN_POINT('Origin',(8.,-4.,-75.));
#11233=CARTESIAN_POINT('',(-8.,-4.,-80.));
#11234=CARTESIAN_POINT('',(1.11022302462516E-15,-4.,-80.));
#11235=CARTESIAN_POINT('Origin',(-8.,-4.,-75.));
#11236=CARTESIAN_POINT('',(-6.45000000000001,-4.,-75.));
#11237=CARTESIAN_POINT('Origin',(-8.00000000000001,-4.,-75.));
#11238=CARTESIAN_POINT('',(9.55,-4.,-75.));
#11239=CARTESIAN_POINT('Origin',(8.00000000000001,-4.,-75.));
#11240=CARTESIAN_POINT('Origin',(-13.,6.,-69.0000010281801));
#11241=CARTESIAN_POINT('',(8.,6.,-80.));
#11242=CARTESIAN_POINT('Origin',(8.,6.,-75.));
#11243=CARTESIAN_POINT('',(-8.,6.,-80.));
#11244=CARTESIAN_POINT('',(1.11022302462516E-15,6.,-80.));
#11245=CARTESIAN_POINT('Origin',(-8.,6.,-75.));
#11246=CARTESIAN_POINT('',(-6.45000000000001,6.,-75.));
#11247=CARTESIAN_POINT('Origin',(-8.00000000000001,6.,-75.));
#11248=CARTESIAN_POINT('',(9.55,6.,-75.));
#11249=CARTESIAN_POINT('Origin',(8.00000000000001,6.,-75.));
#11250=CARTESIAN_POINT('Origin',(-8.,0.,-75.));
#11251=CARTESIAN_POINT('',(-8.,0.,-80.));
#11252=CARTESIAN_POINT('Origin',(-8.,0.,-75.));
#11253=CARTESIAN_POINT('',(-8.,0.,-80.));
#11254=CARTESIAN_POINT('Origin',(13.,0.,-80.));
#11255=CARTESIAN_POINT('',(8.,0.,-80.));
#11256=CARTESIAN_POINT('Origin',(13.,0.,-80.));
#11257=CARTESIAN_POINT('',(8.,0.,-80.));
#11258=CARTESIAN_POINT('Origin',(8.,0.,-75.));
#11259=CARTESIAN_POINT('Origin',(8.,0.,-75.));
#11260=CARTESIAN_POINT('Origin',(8.00000000000001,13.,-75.));
#11261=CARTESIAN_POINT('',(9.55,13.,-75.));
#11262=CARTESIAN_POINT('Origin',(8.00000000000001,13.,-75.));
#11263=CARTESIAN_POINT('',(9.55,13.,-75.));
#11264=CARTESIAN_POINT('Origin',(8.00000000000001,13.,-75.));
#11265=CARTESIAN_POINT('',(9.55,9.7,-75.));
#11266=CARTESIAN_POINT('Origin',(8.00000000000001,9.7,-75.));
#11267=CARTESIAN_POINT('',(9.55,13.,-75.));
#11268=CARTESIAN_POINT('Origin',(-8.00000000000001,13.,-75.));
#11269=CARTESIAN_POINT('',(-6.45000000000001,13.,-75.));
#11270=CARTESIAN_POINT('Origin',(-8.00000000000001,13.,-75.));
#11271=CARTESIAN_POINT('',(-6.45000000000001,13.,-75.));
#11272=CARTESIAN_POINT('Origin',(-8.00000000000001,13.,-75.));
#11273=CARTESIAN_POINT('',(-6.45000000000001,9.7,-75.));
#11274=CARTESIAN_POINT('Origin',(-8.00000000000001,9.7,-75.));
#11275=CARTESIAN_POINT('',(-6.45000000000001,13.,-75.));
#11276=CARTESIAN_POINT('Origin',(-6.44999849981903,-13.,-72.3153221143987));
#11277=CARTESIAN_POINT('',(-6.44999849981903,-10.,-72.3153221143987));
#11278=CARTESIAN_POINT('',(-6.44999849981903,-13.,-72.3153221143987));
#11279=CARTESIAN_POINT('',(-4.90000000000049,-10.,-75.0000017322601));
#11280=CARTESIAN_POINT('',(-4.90000000000049,-10.,-75.0000017322601));
#11281=CARTESIAN_POINT('',(-4.90000000000049,-13.,-75.0000017322601));
#11282=CARTESIAN_POINT('Origin',(-9.54999849981855,-13.,-72.3153203821386));
#11283=CARTESIAN_POINT('',(-9.54999849981855,-10.,-72.3153203821386));
#11284=CARTESIAN_POINT('',(-9.54999849981855,-13.,-72.3153203821386));
#11285=CARTESIAN_POINT('',(-6.44999849981903,-10.,-72.3153221143987));
#11286=CARTESIAN_POINT('Origin',(-11.0999999999995,-13.,-74.9999982677399));
#11287=CARTESIAN_POINT('',(-11.0999999999995,-10.,-74.9999982677399));
#11288=CARTESIAN_POINT('',(-11.0999999999995,-13.,-74.9999982677399));
#11289=CARTESIAN_POINT('',(-9.54999849981855,-10.,-72.3153203821386));
#11290=CARTESIAN_POINT('Origin',(-9.55000150018098,-13.,-77.6846778856013));
#11291=CARTESIAN_POINT('',(-9.55000150018098,-10.,-77.6846778856013));
#11292=CARTESIAN_POINT('',(-9.55000150018098,-13.,-77.6846778856013));
#11293=CARTESIAN_POINT('',(-11.0999999999995,-10.,-74.9999982677399));
#11294=CARTESIAN_POINT('Origin',(-6.45000150018146,-13.,-77.6846796178614));
#11295=CARTESIAN_POINT('',(-6.45000150018146,-10.,-77.6846796178614));
#11296=CARTESIAN_POINT('',(-6.45000150018146,-13.,-77.6846796178614));
#11297=CARTESIAN_POINT('',(-9.55000150018098,-10.,-77.6846778856013));
#11298=CARTESIAN_POINT('Origin',(-4.90000000000049,-13.,-75.0000017322601));
#11299=CARTESIAN_POINT('',(-6.45000150018146,-10.,-77.6846796178614));
#11300=CARTESIAN_POINT('Origin',(-8.00000000000001,-10.,-75.));
#11301=CARTESIAN_POINT('',(-6.45000000000001,-10.,-75.));
#11302=CARTESIAN_POINT('Origin',(-8.00000000000001,-10.,-75.));
#11303=CARTESIAN_POINT('Origin',(9.55000150018098,-13.,-77.6846778856013));
#11304=CARTESIAN_POINT('',(9.55000150018098,-10.,-77.6846778856013));
#11305=CARTESIAN_POINT('',(9.55000150018098,-13.,-77.6846778856013));
#11306=CARTESIAN_POINT('',(6.45000150018146,-10.,-77.6846796178614));
#11307=CARTESIAN_POINT('',(9.55000150018098,-10.,-77.6846778856013));
#11308=CARTESIAN_POINT('',(6.45000150018146,-13.,-77.6846796178614));
#11309=CARTESIAN_POINT('Origin',(11.0999999999995,-13.,-74.9999982677399));
#11310=CARTESIAN_POINT('',(11.0999999999995,-10.,-74.9999982677399));
#11311=CARTESIAN_POINT('',(11.0999999999995,-13.,-74.9999982677399));
#11312=CARTESIAN_POINT('',(11.0999999999995,-10.,-74.9999982677399));
#11313=CARTESIAN_POINT('Origin',(9.54999849981855,-13.,-72.3153203821386));
#11314=CARTESIAN_POINT('',(9.54999849981855,-10.,-72.3153203821386));
#11315=CARTESIAN_POINT('',(9.54999849981855,-13.,-72.3153203821386));
#11316=CARTESIAN_POINT('',(9.54999849981855,-10.,-72.3153203821386));
#11317=CARTESIAN_POINT('Origin',(6.44999849981903,-13.,-72.3153221143987));
#11318=CARTESIAN_POINT('',(6.44999849981903,-10.,-72.3153221143987));
#11319=CARTESIAN_POINT('',(6.44999849981903,-13.,-72.3153221143987));
#11320=CARTESIAN_POINT('',(6.44999849981903,-10.,-72.3153221143987));
#11321=CARTESIAN_POINT('Origin',(4.90000000000049,-13.,-75.0000017322601));
#11322=CARTESIAN_POINT('',(4.90000000000049,-10.,-75.0000017322601));
#11323=CARTESIAN_POINT('',(4.90000000000049,-13.,-75.0000017322601));
#11324=CARTESIAN_POINT('',(4.90000000000049,-10.,-75.0000017322601));
#11325=CARTESIAN_POINT('Origin',(6.45000150018146,-13.,-77.6846796178614));
#11326=CARTESIAN_POINT('',(6.45000150018146,-10.,-77.6846796178614));
#11327=CARTESIAN_POINT('Origin',(8.00000000000001,-10.,-75.));
#11328=CARTESIAN_POINT('',(9.55,-10.,-75.));
#11329=CARTESIAN_POINT('Origin',(8.00000000000001,-10.,-75.));
#11330=CARTESIAN_POINT('Origin',(8.00000000000001,13.,-75.));
#11331=CARTESIAN_POINT('',(10.75,9.7,-75.));
#11332=CARTESIAN_POINT('',(10.75,13.,-75.));
#11333=CARTESIAN_POINT('Origin',(8.00000000000001,9.7,-75.));
#11334=CARTESIAN_POINT('Origin',(8.00000000000001,9.7,-75.));
#11335=CARTESIAN_POINT('Origin',(-8.00000000000001,13.,-75.));
#11336=CARTESIAN_POINT('',(-5.25,9.7,-75.));
#11337=CARTESIAN_POINT('',(-5.25,13.,-75.));
#11338=CARTESIAN_POINT('Origin',(-8.00000000000001,9.7,-75.));
#11339=CARTESIAN_POINT('Origin',(-8.00000000000001,9.7,-75.));
#11340=CARTESIAN_POINT('Origin',(8.00000000000001,13.,-75.));
#11341=CARTESIAN_POINT('',(9.55,13.,-75.));
#11342=CARTESIAN_POINT('Origin',(-8.00000000000001,13.,-75.));
#11343=CARTESIAN_POINT('',(-6.45000000000001,13.,-75.));
#11344=CARTESIAN_POINT('Origin',(0.,13.,0.));
#11345=CARTESIAN_POINT('',(-8.05,7.5,-9.85840673313619E-16));
#11346=CARTESIAN_POINT('',(-8.05,13.,9.85840673313619E-16));
#11347=CARTESIAN_POINT('Origin',(0.,7.5,0.));
#11348=CARTESIAN_POINT('Origin',(0.,7.5,0.));
#11349=CARTESIAN_POINT('',(-3.,7.5,-3.67394039744206E-16));
#11350=CARTESIAN_POINT('Origin',(0.,7.5,0.));
#11351=CARTESIAN_POINT('Origin',(0.,-13.,0.));
#11352=CARTESIAN_POINT('',(-8.05,-7.5,-9.85840673313619E-16));
#11353=CARTESIAN_POINT('',(-8.05,-13.,9.85840673313619E-16));
#11354=CARTESIAN_POINT('Origin',(0.,-7.5,0.));
#11355=CARTESIAN_POINT('Origin',(0.,-7.5,0.));
#11356=CARTESIAN_POINT('',(-3.,-7.5,-3.67394039744206E-16));
#11357=CARTESIAN_POINT('Origin',(0.,-7.5,0.));
#11358=CARTESIAN_POINT('Origin',(0.,0.,0.));
#11359=CARTESIAN_POINT('',(-3.,0.,3.67394039744206E-16));
#11360=CARTESIAN_POINT('',(0.,0.,0.));
#11361=CARTESIAN_POINT('',(0.,0.,0.));
#11362=CARTESIAN_POINT('',(0.,0.,0.));
#11363=CARTESIAN_POINT('',(6.93889390390723E-17,-17.8429928173908,-0.0421525151107116));
#11364=UNCERTAINTY_MEASURE_WITH_UNIT(LENGTH_MEASURE(0.01),#11378,
'DISTANCE_ACCURACY_VALUE',
'Maximum model space distance between geometric entities at asserted c
onnectivities');
#11365=UNCERTAINTY_MEASURE_WITH_UNIT(LENGTH_MEASURE(0.01),#11378,
'DISTANCE_ACCURACY_VALUE',
'Maximum model space distance between geometric entities at asserted c
onnectivities');
#11366=UNCERTAINTY_MEASURE_WITH_UNIT(LENGTH_MEASURE(0.01),#11378,
'DISTANCE_ACCURACY_VALUE',
'Maximum model space distance between geometric entities at asserted c
onnectivities');
#11367=UNCERTAINTY_MEASURE_WITH_UNIT(LENGTH_MEASURE(0.01),#11378,
'DISTANCE_ACCURACY_VALUE',
'Maximum model space distance between geometric entities at asserted c
onnectivities');
#11368=UNCERTAINTY_MEASURE_WITH_UNIT(LENGTH_MEASURE(0.01),#11378,
'DISTANCE_ACCURACY_VALUE',
'Maximum model space distance between geometric entities at asserted c
onnectivities');
#11369=UNCERTAINTY_MEASURE_WITH_UNIT(LENGTH_MEASURE(0.01),#11378,
'DISTANCE_ACCURACY_VALUE',
'Maximum model space distance between geometric entities at asserted c
onnectivities');
#11370=UNCERTAINTY_MEASURE_WITH_UNIT(LENGTH_MEASURE(0.01),#11378,
'DISTANCE_ACCURACY_VALUE',
'Maximum model space distance between geometric entities at asserted c
onnectivities');
#11371=(
GEOMETRIC_REPRESENTATION_CONTEXT(3)
GLOBAL_UNCERTAINTY_ASSIGNED_CONTEXT((#11364))
GLOBAL_UNIT_ASSIGNED_CONTEXT((#11378,#11380,#11381))
REPRESENTATION_CONTEXT('','3D')
);
#11372=(
GEOMETRIC_REPRESENTATION_CONTEXT(3)
GLOBAL_UNCERTAINTY_ASSIGNED_CONTEXT((#11365))
GLOBAL_UNIT_ASSIGNED_CONTEXT((#11378,#11380,#11381))
REPRESENTATION_CONTEXT('','3D')
);
#11373=(
GEOMETRIC_REPRESENTATION_CONTEXT(3)
GLOBAL_UNCERTAINTY_ASSIGNED_CONTEXT((#11366))
GLOBAL_UNIT_ASSIGNED_CONTEXT((#11378,#11380,#11381))
REPRESENTATION_CONTEXT('','3D')
);
#11374=(
GEOMETRIC_REPRESENTATION_CONTEXT(3)
GLOBAL_UNCERTAINTY_ASSIGNED_CONTEXT((#11367))
GLOBAL_UNIT_ASSIGNED_CONTEXT((#11378,#11380,#11381))
REPRESENTATION_CONTEXT('','3D')
);
#11375=(
GEOMETRIC_REPRESENTATION_CONTEXT(3)
GLOBAL_UNCERTAINTY_ASSIGNED_CONTEXT((#11368))
GLOBAL_UNIT_ASSIGNED_CONTEXT((#11378,#11380,#11381))
REPRESENTATION_CONTEXT('','3D')
);
#11376=(
GEOMETRIC_REPRESENTATION_CONTEXT(3)
GLOBAL_UNCERTAINTY_ASSIGNED_CONTEXT((#11369))
GLOBAL_UNIT_ASSIGNED_CONTEXT((#11378,#11380,#11381))
REPRESENTATION_CONTEXT('','3D')
);
#11377=(
GEOMETRIC_REPRESENTATION_CONTEXT(3)
GLOBAL_UNCERTAINTY_ASSIGNED_CONTEXT((#11370))
GLOBAL_UNIT_ASSIGNED_CONTEXT((#11378,#11380,#11381))
REPRESENTATION_CONTEXT('','3D')
);
#11378=(
LENGTH_UNIT()
NAMED_UNIT(*)
SI_UNIT(.MILLI.,.METRE.)
);
#11379=(
LENGTH_UNIT()
NAMED_UNIT(*)
SI_UNIT($,.METRE.)
);
#11380=(
NAMED_UNIT(*)
PLANE_ANGLE_UNIT()
SI_UNIT($,.RADIAN.)
);
#11381=(
NAMED_UNIT(*)
SI_UNIT($,.STERADIAN.)
SOLID_ANGLE_UNIT()
);
#11382=SHAPE_DEFINITION_REPRESENTATION(#11388,#11400);
#11383=SHAPE_DEFINITION_REPRESENTATION(#11389,#11401);
#11384=SHAPE_DEFINITION_REPRESENTATION(#11390,#11402);
#11385=SHAPE_DEFINITION_REPRESENTATION(#11391,#11403);
#11386=SHAPE_DEFINITION_REPRESENTATION(#11392,#11404);
#11387=SHAPE_DEFINITION_REPRESENTATION(#11393,#11405);
#11388=PRODUCT_DEFINITION_SHAPE('',$,#11407);
#11389=PRODUCT_DEFINITION_SHAPE('',$,#11408);
#11390=PRODUCT_DEFINITION_SHAPE('',$,#11409);
#11391=PRODUCT_DEFINITION_SHAPE('',$,#11410);
#11392=PRODUCT_DEFINITION_SHAPE('',$,#11411);
#11393=PRODUCT_DEFINITION_SHAPE('',$,#11412);
#11394=PRODUCT_DEFINITION_SHAPE($,$,#33);
#11395=PRODUCT_DEFINITION_SHAPE($,$,#34);
#11396=PRODUCT_DEFINITION_SHAPE($,$,#35);
#11397=PRODUCT_DEFINITION_SHAPE($,$,#36);
#11398=PRODUCT_DEFINITION_SHAPE($,$,#37);
#11399=PRODUCT_DEFINITION_SHAPE($,$,#38);
#11400=SHAPE_REPRESENTATION('',(#6767,#7391,#7392,#7393,#7394),#11371);
#11401=SHAPE_REPRESENTATION('',(#6768,#7162,#7163),#11372);
#11402=SHAPE_REPRESENTATION('',(#6769),#11373);
#11403=SHAPE_REPRESENTATION('',(#7001),#11374);
#11404=SHAPE_REPRESENTATION('',(#7020),#11375);
#11405=SHAPE_REPRESENTATION('',(#7135),#11376);
#11406=PRODUCT_DEFINITION_CONTEXT('part definition',#11426,'design');
#11407=PRODUCT_DEFINITION('radicka','radicka v25',#11413,#11406);
#11408=PRODUCT_DEFINITION('hlavni cast','hlavni cast',#11414,#11406);
#11409=PRODUCT_DEFINITION('ISO 4762 - M5 x 40 Steel 4.6 Plain',
'Hexagon Socket Head Cap Screw ISO 4762 - M5 x 40 Steel 4.6 Plain v1(M
irror)',#11415,#11406);
#11410=PRODUCT_DEFINITION('knob','knob',#11416,#11406);
#11411=PRODUCT_DEFINITION('Component4','Component4',#11417,#11406);
#11412=PRODUCT_DEFINITION('ISO 4762 - M5 x 40 Steel 4.6 Plain_1',
'Hexagon Socket Head Cap Screw ISO 4762 - M5 x 40 Steel 4.6 Plain v1',#11418,
#11406);
#11413=PRODUCT_DEFINITION_FORMATION('',$,#11428);
#11414=PRODUCT_DEFINITION_FORMATION('',$,#11429);
#11415=PRODUCT_DEFINITION_FORMATION('',$,#11430);
#11416=PRODUCT_DEFINITION_FORMATION('',$,#11431);
#11417=PRODUCT_DEFINITION_FORMATION('',$,#11432);
#11418=PRODUCT_DEFINITION_FORMATION('',$,#11433);
#11419=PRODUCT_RELATED_PRODUCT_CATEGORY('radicka v25','radicka v25',(#11428));
#11420=PRODUCT_RELATED_PRODUCT_CATEGORY('hlavni cast','hlavni cast',(#11429));
#11421=PRODUCT_RELATED_PRODUCT_CATEGORY(
'Hexagon Socket Head Cap Screw ISO 4762 - M5 x 40 Steel 4.6 Plain v1(M
irror)',
'Hexagon Socket Head Cap Screw ISO 4762 - M5 x 40 Steel 4.6 Plain v1(M
irror)',(#11430));
#11422=PRODUCT_RELATED_PRODUCT_CATEGORY('knob','knob',(#11431));
#11423=PRODUCT_RELATED_PRODUCT_CATEGORY('Component4','Component4',(#11432));
#11424=PRODUCT_RELATED_PRODUCT_CATEGORY(
'Hexagon Socket Head Cap Screw ISO 4762 - M5 x 40 Steel 4.6 Plain v1',
'Hexagon Socket Head Cap Screw ISO 4762 - M5 x 40 Steel 4.6 Plain v1',(#11433));
#11425=APPLICATION_PROTOCOL_DEFINITION('international standard',
'automotive_design',2009,#11426);
#11426=APPLICATION_CONTEXT(
'Core Data for Automotive Mechanical Design Process');
#11427=PRODUCT_CONTEXT('part definition',#11426,'mechanical');
#11428=PRODUCT('radicka','radicka v25',$,(#11427));
#11429=PRODUCT('hlavni cast','hlavni cast',$,(#11427));
#11430=PRODUCT('ISO 4762 - M5 x 40 Steel 4.6 Plain',
'Hexagon Socket Head Cap Screw ISO 4762 - M5 x 40 Steel 4.6 Plain v1(M
irror)','Hexagon Socket Head Cap Screw ISO 4762 - M5 x 40',(#11427));
#11431=PRODUCT('knob','knob',$,(#11427));
#11432=PRODUCT('Component4','Component4',$,(#11427));
#11433=PRODUCT('ISO 4762 - M5 x 40 Steel 4.6 Plain_1',
'Hexagon Socket Head Cap Screw ISO 4762 - M5 x 40 Steel 4.6 Plain v1',
'Hexagon Socket Head Cap Screw ISO 4762 - M5 x 40',(#11427));
#11434=PRESENTATION_STYLE_ASSIGNMENT((#11436));
#11435=PRESENTATION_STYLE_ASSIGNMENT((#11437));
#11436=SURFACE_STYLE_USAGE(.BOTH.,#11438);
#11437=SURFACE_STYLE_USAGE(.BOTH.,#11439);
#11438=SURFACE_SIDE_STYLE('',(#11440));
#11439=SURFACE_SIDE_STYLE('',(#11441));
#11440=SURFACE_STYLE_FILL_AREA(#11442);
#11441=SURFACE_STYLE_FILL_AREA(#11443);
#11442=FILL_AREA_STYLE('Steel - Satin',(#11444));
#11443=FILL_AREA_STYLE('Paint - Enamel Glossy (Green)',(#11445));
#11444=FILL_AREA_STYLE_COLOUR('Steel - Satin',#11446);
#11445=FILL_AREA_STYLE_COLOUR('Paint - Enamel Glossy (Green)',#11447);
#11446=COLOUR_RGB('Steel - Satin',0.627450980392157,0.627450980392157,0.627450980392157);
#11447=COLOUR_RGB('Paint - Enamel Glossy (Green)',0.266666666666667,0.588235294117647,
0.282352941176471);
ENDSEC;
END-ISO-10303-21;
